# https://github.com/mikedh/trimesh
v -31.69342804 -26.01012421 0.00000000
v -31.69342804 -26.01012421 0.60000002
v -34.09025574 -22.77837944 0.00000000
v -34.09025574 -22.77837944 0.60000002
v -32.01158142 -21.38945389 0.00000000
v -32.01158142 -21.38945389 0.60000002
v -26.01012421 -31.69342804 0.00000000
v -26.01012421 -31.69342804 0.60000002
v -22.77837944 -34.09025574 0.00000000
v -22.77837944 -34.09025574 0.60000002
v -21.38945389 -32.01158142 0.00000000
v -21.38945389 -32.01158142 0.60000002
v -28.99137878 -28.99137878 0.00000000
v -28.99137878 -28.99137878 0.60000002
v -27.57716370 -27.57716370 0.00000000
v -27.57716370 -27.57716370 0.60000002
v -27.14910316 -27.29114342 0.00000000
v -27.57716370 -27.57716370 6.00000000
v -26.16295052 -26.16295052 8.00000000
v -29.76090240 -24.42414093 0.00000000
v -29.76090240 -24.42414093 0.60000002
v -29.46804810 -24.74725533 0.00000000
v -29.46804810 -24.74725533 0.60000002
v -24.42414093 -29.76090240 0.00000000
v -24.42414093 -29.76090240 0.60000002
v -24.74725533 -29.46804810 0.00000000
v -24.74725533 -29.46804810 0.60000002
v -36.15877151 -19.32726669 0.00000000
v -36.15877151 -19.32726669 0.60000002
v -37.87906265 -15.69002056 0.00000000
v -37.87906265 -15.69002056 0.60000002
v -39.23455429 -11.90167141 0.00000000
v -39.23455429 -11.90167141 0.60000002
v -36.03130341 -14.92465401 0.00000000
v -36.03130341 -14.92465401 0.60000002
v -36.03130341 -14.37642765 0.00000000
v -36.03130341 -13.44227219 0.00000000
v -36.03130341 -14.92465401 6.00000000
v -36.69529724 -11.58653164 0.00000000
v -36.69529724 -11.58653164 0.60000002
v -36.84220123 -11.17596054 0.00000000
v -36.84220123 -11.17596054 0.60000002
v -33.95396805 -18.14877510 0.00000000
v -33.95396805 -18.14877510 0.60000002
v -34.14041138 -17.75457001 0.00000000
v -34.14041138 -17.75457001 0.60000002
v -35.56936264 -14.73331261 0.00000000
v -34.18354416 -14.15928745 8.00000000
v -40.21219635 -7.99870300 0.00000000
v -40.21219635 -7.99870300 0.60000002
v -37.76023483 -7.51097727 0.00000000
v -37.76023483 -7.51097727 0.60000002
v -40.80257416 -4.01870298 0.00000000
v -40.80257416 -4.01870298 0.60000002
v -38.31461334 -3.77365994 0.00000000
v -38.31461334 -3.77365994 0.60000002
v -38.33600998 -3.33810091 0.00000000
v -38.33600998 -3.33810091 0.60000002
v -21.86216354 -16.24299812 28.89202118
v -22.02034569 -16.20302773 29.08389091
v -21.35052490 -17.11589622 29.71202469
v -21.19086647 -17.14919472 29.52010345
v -20.99149513 -17.12714958 29.36779404
v -20.77192497 -17.05191612 29.27000618
v -20.55365181 -16.93086052 29.23630905
v -21.66201401 -16.22930336 28.73975182
v -21.43948746 -16.16328621 28.64199066
v -21.21637154 -16.05140686 28.60830307
v -23.24215126 -14.30069733 27.82762527
v -23.08775139 -14.35380268 27.63586044
v -23.79218292 -13.31459045 27.19949722
v -23.64008522 -13.37413692 27.00778389
v -23.43970108 -13.38559914 26.85564041
v -23.21064377 -13.34785652 26.75795746
v -25.04501724 -10.31561089 25.12356377
v -24.76617241 -11.28115368 25.94324303
v -24.42069054 -11.38144302 25.59957504
v -24.61948013 -11.35327148 25.75163460
v -24.84754944 -10.35207462 24.97154427
v -24.61553955 -10.34320641 24.87394333
v -24.37170029 -10.28987312 24.84031105
v -23.72072411 -12.36504555 26.12994957
v -23.48216057 -12.29164505 26.09630013
v -24.18926430 -11.36291122 25.50194550
v -23.94785309 -11.29948997 25.46830559
v -24.30045509 -12.30748749 26.57136917
v -24.15092850 -12.37337494 26.37970924
v -23.95116615 -12.39320850 26.22760582
v -22.88709450 -14.35687733 27.48367500
v -22.65982056 -14.30962086 27.38596725
v -22.42817879 -14.21665955 27.35229874
v -21.84154701 -15.14614010 27.98030090
v -22.65122604 -15.26407528 28.45575714
v -22.49479675 -15.31065083 28.26394081
v -22.29421806 -15.30533504 28.11171341
v -22.06912231 -15.24864864 28.01397705
v -22.97533798 -13.26460361 26.72429848
v -25.88610268 -6.12460279 22.36195183
v -25.63679504 -6.11237288 22.32835770
v -25.90117455 -8.10484791 24.05887604
v -25.76452255 -8.19488335 23.86742783
v -26.05742264 -7.11550665 23.23936081
v -25.86597824 -7.17642212 23.08746719
v -25.63464165 -7.19657516 22.98994637
v -26.19023514 -7.01979113 23.43075752
v -26.43390656 -5.92471361 22.80264091
v -26.30517006 -6.02594471 22.61129761
v -26.11640930 -6.09482193 22.45944595
v -26.63185310 -4.82151031 22.17452621
v -26.32167816 -5.00480461 21.83142662
v -26.50742340 -4.92808390 21.98323631
v -26.48151779 -3.90825415 21.20340919
v -26.09280205 -5.04416323 21.73395920
v -25.84319878 -5.04230690 21.70037460
v -26.25446892 -3.95712280 21.10596848
v -26.00500298 -3.96564293 21.07239342
v -26.37091446 -2.86535525 20.47797966
v -26.12201691 -2.88423777 20.44441414
v -26.66391945 -3.82382107 21.35517502
v -26.78382492 -3.71208811 21.54641342
v -26.77447891 -2.71506071 20.72711754
v -26.88964462 -2.59836030 20.91830254
v -26.59573746 -2.80706096 20.57539368
v -26.94921684 -1.48224413 20.29019165
v -26.96252441 -0.36565751 19.66208458
v -26.66423035 -1.70311975 19.94738007
v -26.83899689 -1.60371089 20.09906197
v -26.44202042 -1.77073979 19.84999466
v -26.19412231 -1.79995191 19.81643677
v -26.46775627 -0.67515624 19.22200966
v -26.85744858 -0.49168122 19.47100830
v -26.68696213 -0.59832722 19.31936836
v -26.22128487 -0.71464771 19.18846130
v -26.67727661 -4.72927904 29.72261047
v -26.82600403 -3.61239815 29.09292603
v -26.80956078 -3.47768068 29.30508995
v -26.71710587 -3.34257841 29.49648857
v -26.55769157 -3.22031617 29.64838028
v -26.34691811 -3.12286162 29.74590302
v -26.98328400 -1.36801970 27.83355141
v -26.92803574 -2.49132848 28.46323967
v -26.99173737 -0.24442171 27.20386314
v -26.95870018 -0.11250246 27.41585159
v -26.95574188 -1.23493874 28.04559898
v -26.90602875 -2.35731435 28.67534637
v -26.80805779 -2.22607994 28.86668968
v -26.64371490 -2.11047173 29.01854134
v -26.42908287 -2.02180576 29.11603546
v -26.85241699 -1.10779762 28.23689079
v -26.68342209 -0.99904156 28.38869858
v -26.46529961 -0.91931647 28.48616600
v -22.42873192 -5.66704130 22.36195183
v -24.99889755 -9.30770874 24.24594116
v -24.75305176 -9.26455784 24.21232033
v -25.18861389 -10.23738384 25.31511879
v -25.56713867 -9.17800045 24.68699646
v -25.42688942 -9.26220322 24.49549484
v -25.23108673 -9.30689812 24.34351730
v -25.57073021 -8.24773312 23.71549225
v -25.33876610 -8.25822449 23.61794281
v -25.09133720 -8.22532845 23.58432961
v -25.38605881 -7.17399263 22.95634270
v -21.28137398 -9.32040882 24.87394333
v -20.90042305 -10.20260906 25.50194550
v -20.70860100 -10.07181931 25.59957504
v -20.57149887 -9.92514420 25.75163460
v -20.50253487 -9.77694321 25.94324303
v -21.08430099 -9.19765091 24.97154427
v -20.94124794 -9.05672741 25.12356377
v -21.62515450 -8.42417908 24.24594116
v -21.42316628 -8.30966473 24.34351730
v -21.27440643 -8.17473412 24.49549484
v -21.19343185 -8.03259659 24.68699646
v -21.18817139 -7.89716482 24.89928055
v -20.86621857 -8.91143417 25.31511879
v -20.86655426 -8.77599239 25.52746010
v -20.50846100 -9.64172268 26.15564346
v -21.93125725 -7.51548529 23.61794281
v -22.19924164 -6.59590673 22.98994637
v -21.98846817 -6.49845266 23.08746719
v -21.82905197 -6.37619019 23.23936081
v -22.21410179 -5.57837534 22.45944595
v -22.04975700 -5.46276712 22.61129761
v -21.95178604 -5.33153248 22.80264091
v -21.92977905 -5.19751835 23.01474762
v -21.72470093 -7.40940952 23.71549225
v -21.57048225 -7.28070307 23.86742783
v -21.48369598 -7.14196444 24.05887604
v -21.47283936 -7.00677395 24.27110100
v -21.73659897 -6.24108791 23.43075752
v -21.72015572 -6.10637045 23.64292336
v -22.61941910 -4.73049641 21.73395920
v -22.40129662 -4.65077162 21.83142662
v -22.23230171 -4.54201555 21.98323631
v -22.12897682 -4.41487455 22.17452621
v -22.10143471 -4.28179359 22.38657379
v -22.88348198 -2.84085226 20.47797966
v -22.77106094 -3.78789186 21.10596848
v -22.54981995 -3.71724463 21.20340919
v -22.65950012 -2.77940440 20.57539368
v -22.48206902 -2.68490171 20.72711754
v -22.37645912 -3.61552787 21.35517502
v -22.26795006 -3.49269795 21.54641342
v -22.23491287 -3.36077881 21.75840187
v -22.36855507 -2.56659460 20.91830254
v -22.95657730 -1.89100671 19.84999466
v -22.73023605 -1.83886421 19.94738007
v -22.54903221 -1.75173831 20.09906197
v -22.43070412 -1.63815773 20.29019165
v -22.38683319 -1.50924039 20.50206184
v -22.33007240 -2.43606377 21.13023186
v -22.99030876 -0.93998623 19.22200966
v -22.76199532 -0.89723885 19.31936836
v -22.57732582 -0.81764013 19.47100830
v -22.45437813 -0.70898187 19.66208458
v -22.40518570 -0.58190024 19.87389565
v -23.16010094 -2.54477572 29.77950668
v -23.22102165 -1.57647407 29.14962959
v -23.24151993 -0.60750639 28.51975250
v -22.48873711 -2.60326195 29.49648857
v -22.35592461 -2.69897723 29.30508995
v -22.91151619 -2.52219367 29.74590302
v -22.68017960 -2.54234648 29.64838028
v -22.42391014 -1.76413333 28.67534637
v -22.55264664 -1.66290236 28.86668968
v -22.97171211 -1.56424403 29.11603546
v -22.74140549 -1.59402514 29.01854134
v -22.76304054 -0.64500827 28.38869858
v -22.45286560 -0.82830274 28.04559898
v -22.57729530 -0.72172928 28.23689079
v -22.99191666 -0.60564977 28.48616600
v -20.64283752 -18.00106621 30.34016037
v -22.11539078 -16.06616211 36.86188889
v -22.06616974 -16.19146538 36.64902878
v -22.09809113 -15.90410995 37.05391312
v -22.01596832 -15.72117329 37.20630646
v -21.87705803 -15.53525829 37.30414581
v -21.39337158 -17.11074638 37.27869415
v -20.68226242 -18.00205040 37.90835571
v -21.44768715 -16.98766518 37.49161148
v -21.43707466 -16.82509995 37.68368912
v -20.74157524 -17.88139915 38.12133026
v -20.73765945 -17.71859550 38.31345749
v -20.67090034 -17.52957726 38.46593094
v -20.54782867 -17.33284378 38.56382751
v -21.36256981 -16.63896370 37.83612061
v -21.23146820 -16.44747543 37.93398666
v -23.29252434 -14.27558613 35.38969421
v -23.33128738 -14.14647484 35.60243988
v -23.87752342 -13.15170860 34.97271347
v -23.84410286 -13.28239918 34.76002502
v -23.84036064 -12.99284267 35.16458130
v -23.73625183 -12.82135201 35.31685257
v -23.30070496 -13.98627472 35.79436111
v -23.20376587 -13.81066608 35.94667053
v -24.81965828 -11.23433399 33.50068283
v -24.35341454 -12.26804924 34.13035583
v -24.38142776 -12.13600254 34.34298325
v -24.84220886 -11.10115242 33.71325302
v -24.79207420 -10.94576263 33.90501785
v -24.67416382 -10.78337479 34.05720520
v -24.50001717 -10.62988567 34.15491486
v -24.33774567 -11.97874069 34.53480148
v -24.22664261 -11.81165886 34.68703079
v -24.05899620 -11.65111160 34.78476334
v -23.57538986 -12.65402222 35.41461182
v -22.74359512 -15.11853504 36.23216629
v -22.69956207 -15.24584961 36.01936340
v -22.71963692 -14.95727253 36.42413712
v -22.63003159 -14.77784729 36.57648849
v -22.48355103 -14.59782314 36.67430496
v -23.04996300 -13.63684082 36.04446030
v -20.81941223 -10.95268250 35.44829941
v -20.59629440 -10.84080410 35.41461182
v -25.72431755 -12.23952961 57.97982788
v -26.04184914 -11.22545815 57.15752411
v -26.18585777 -11.15459442 57.35161972
v -25.84466362 -11.25417042 57.00349045
v -23.91950989 -15.41809559 59.67018127
v -23.72041130 -15.41359138 59.51599884
v -24.66711044 -14.35022926 59.23625183
v -24.51551819 -14.40243530 59.04201508
v -25.21780586 -13.30536270 58.60803986
v -25.06847954 -13.36388969 58.41384888
v -24.86964226 -13.37603092 58.25974274
v -24.64075851 -13.34059906 58.16079712
v -24.40423203 -13.26106071 58.12670517
v -24.08917809 -14.36131763 58.78890228
v -23.85616302 -14.27201843 58.75479889
v -24.31637573 -14.40625668 58.88787079
v -23.49529266 -15.35922527 59.41700745
v -23.26619148 -15.26031971 59.38289642
v -25.57752037 -12.30427933 57.78568649
v -25.37933540 -12.32472229 57.63161469
v -25.14916420 -12.29885864 57.53269577
v -24.90953636 -12.22921848 57.49860764
v -25.61360359 -11.23792076 56.90459442
v -25.37128830 -11.17829895 56.87051773
v -20.94149971 -12.85968590 58.78890228
v -21.88779259 -11.06345177 57.53269577
v -21.43346977 -11.97089863 58.16079712
v -21.24959946 -11.83006191 58.25974274
v -20.76361465 -12.71137619 58.88787079
v -20.64128304 -12.55419254 59.04201508
v -20.58647537 -12.40352058 59.23625183
v -20.60455704 -12.27411079 59.45156479
v -21.12087250 -11.67803192 58.41384888
v -21.69824982 -10.93032837 57.63161469
v -21.56334877 -10.78371143 57.78568649
v -21.49629211 -10.63795376 57.97982788
v -21.50364304 -10.50732136 58.19503784
v -21.05989075 -11.52969074 58.60803986
v -21.07262421 -11.39955902 58.82329941
v -25.63159180 -8.98136139 32.45378876
v -25.95306206 -8.03537273 31.61165237
v -25.95899010 -7.90015221 31.82405281
v -25.89002609 -7.75195074 32.01565933
v -26.24051285 -6.94269991 30.98197365
v -26.24084854 -6.80725813 31.19431496
v -26.16581917 -6.66196489 31.38586998
v -26.02276611 -6.52104187 31.53788948
v -25.75292206 -7.60527658 32.16772079
v -26.48202896 -5.84002590 30.35229301
v -26.47676849 -5.70459461 30.56457520
v -26.39579391 -5.56245661 30.75607681
v -25.82569313 -6.39828396 31.63549232
v -26.24703217 -5.42752647 30.90805435
v -26.04504585 -5.31301165 31.00563049
v -26.66641998 -4.59408903 29.93483353
v -26.57963371 -4.45535040 30.12628365
v -26.42541504 -4.32664394 30.27821922
v -26.21885872 -4.22056818 30.37576866
v -25.24210167 -10.18307686 32.87100601
v -25.25914383 -10.04898739 33.08352280
v -25.20263863 -9.89573383 33.27523422
v -25.07811737 -9.73831844 33.42737961
v -25.62009430 -9.11613083 32.24132919
v -24.89776802 -9.59214878 33.52506256
v -25.56880760 -8.83050537 32.64544678
v -25.43788528 -8.67833042 32.79755020
v -25.25164032 -8.53973198 32.89520645
v -25.56110001 -7.47448635 32.26535034
v -21.95179939 -8.24632263 33.55871964
v -21.71649361 -8.16306973 33.52506256
v -21.48743629 -8.12532711 33.42737961
v -21.28705215 -8.13679028 33.27523422
v -21.13495445 -8.19633579 33.08352280
v -21.23478317 -10.06561279 34.81844330
v -21.61243820 -9.16295910 34.18858337
v -21.15352440 -9.02274227 34.05720520
v -21.38079834 -9.06999779 34.15491486
v -20.58153343 -9.90110207 34.53480148
v -21.00720787 -9.96310425 34.78476334
v -20.78211403 -9.90641785 34.68703079
v -20.95286751 -9.02581692 33.90501785
v -20.79846764 -9.07892132 33.71325302
v -22.25235748 -7.31732512 32.92885590
v -22.01379204 -7.24392414 32.89520645
v -21.78334999 -7.21576214 32.79755020
v -22.73536682 -5.42881918 31.66912270
v -22.49152756 -5.37548637 31.63549232
v -22.25951958 -5.36661816 31.53788948
v -21.91845322 -5.48130846 31.19431496
v -22.06204987 -5.40308189 31.38586998
v -22.51366997 -6.37760544 32.29899216
v -22.27225876 -6.31418419 32.26535034
v -22.04083252 -6.29565191 32.16772079
v -21.84204292 -6.32382393 32.01565933
v -21.58358955 -7.23559523 32.64544678
v -21.43406105 -7.30148268 32.45378876
v -21.69535065 -6.39594173 31.82405281
v -22.91714859 -4.47263336 31.03925323
v -22.67130089 -4.42948198 31.00563049
v -22.43911171 -4.43029308 30.90805435
v -22.10306168 -4.55919075 30.56457520
v -22.24331093 -4.47498798 30.75607681
v -23.05878067 -3.51072454 30.40937996
v -22.81134987 -3.47782922 30.37576866
v -22.57938576 -3.48831987 30.27821922
v -22.38559341 -3.54116988 30.12628365
v -22.24894142 -3.63120556 29.93483353
v -27.29392052 -7.80425262 55.46700287
v -27.15978050 -7.89269638 55.27304840
v -26.96765137 -7.94587088 55.11912537
v -26.83357620 -9.01774502 55.90120697
v -26.63942146 -9.06283665 55.74724579
v -26.40779114 -9.06588650 55.64839935
v -26.16135788 -9.02659512 55.61433792
v -26.73633957 -7.95857191 55.02030182
v -26.48848534 -7.92955637 54.98624802
v -26.97125053 -8.93502331 56.09520721
v -26.60171318 -10.05245209 56.72341156
v -26.46074677 -10.12930965 56.52936554
v -26.26490593 -10.16624260 56.37536621
v -26.03335953 -10.15963650 56.27649307
v -25.78877258 -10.11013794 56.24242401
v -27.56924820 -6.66210222 54.83879852
v -27.24911690 -6.81728411 54.49100876
v -27.43888283 -6.75611734 54.64489365
v -27.01852417 -6.83961535 54.39220810
v -27.67048836 -5.60997677 54.01673889
v -27.48341751 -5.67903137 53.86289215
v -27.25394440 -5.71095514 53.76411819
v -27.00453568 -5.70262337 53.73007965
v -27.79684830 -5.51055145 54.21059799
v -26.76967621 -6.82092524 54.35816574
v -28.22510147 -0.85029441 51.69780731
v -28.07761192 -2.13405299 52.13228989
v -27.90056992 -2.22600603 51.97855377
v -27.67684174 -2.28631377 51.87985229
v -27.42832947 -2.30907249 51.84584045
v -27.72283363 -1.13843560 51.25176620
v -28.11693192 -0.96956611 51.50414276
v -27.94386292 -1.06885278 51.35044479
v -27.47547913 -1.17150319 51.21776581
v -27.47551346 -0.03399508 50.58969116
v -28.19063950 -2.01945543 52.32600403
v -28.25475883 -1.01642191 59.31596756
v -28.22441673 -0.88853109 59.53081131
v -27.67023468 -4.53308105 53.23477936
v -27.97641563 -4.35159159 53.58239746
v -27.85428429 -4.45625734 53.38858795
v -27.44228363 -4.57454252 53.13602829
v -27.19274139 -4.57658386 53.10200119
v -27.99004173 -3.29695010 52.76043701
v -27.80933762 -3.38141131 52.60666656
v -27.58330154 -3.43233967 52.50793839
v -28.10772514 -3.18722415 52.95420074
v -27.33405876 -3.44475031 52.47391891
v -28.11844826 -0.76753044 59.72462082
v -23.31562042 -7.27925920 55.02030182
v -23.10671425 -7.17913580 55.11912537
v -23.78867340 -5.31768036 53.76411819
v -23.57219124 -5.23514509 53.86289215
v -23.40535164 -5.12592506 54.01673889
v -23.57255936 -6.30285883 54.39220810
v -23.35968399 -6.21145105 54.49100876
v -23.19750977 -6.09546471 54.64489365
v -23.10191536 -5.96625376 54.83879852
v -23.08225822 -5.83646584 55.05374527
v -23.01821327 -8.24518776 55.64839935
v -22.81363297 -8.13652039 55.74724579
v -22.66160774 -8.00760937 55.90120697
v -22.68076515 -9.19896698 56.27649307
v -22.48085785 -9.08194256 56.37536621
v -22.30376816 -10.13893509 56.90459442
v -22.10887718 -10.01375389 57.00349045
v -21.96802711 -9.87280083 57.15752411
v -21.89500427 -9.72987461 57.35161972
v -21.89695549 -9.59896469 57.56677628
v -22.57702065 -7.87107420 56.09520721
v -22.56815147 -7.74027824 56.31025696
v -22.33429527 -8.94689465 56.52936554
v -22.25542641 -8.80704403 56.72341156
v -22.25196838 -8.67607975 56.93851471
v -22.94948196 -7.05658197 55.27304840
v -22.85931778 -6.92359495 55.46700287
v -22.84504509 -6.79319143 55.68199921
v -24.18955803 -2.32655644 51.87985229
v -23.96449852 -2.27142763 51.97855377
v -23.78538132 -2.18358469 52.13228989
v -24.24022293 -1.32337821 51.25176620
v -24.01306725 -1.27759612 51.35044479
v -23.83045578 -1.19719779 51.50414276
v -23.71026230 -1.09005320 51.69780731
v -24.24934578 -0.31999961 50.62368393
v -24.02048302 -0.28364313 50.72233963
v -23.83468437 -0.21082830 50.87599564
v -23.71014023 -0.10868274 51.06961441
v -23.66425323 -0.96665031 51.91249084
v -23.96367455 -4.32542753 53.13602829
v -23.74395561 -4.25190639 53.23477936
v -23.57273293 -4.14964008 53.38858795
v -23.46676254 -4.02863979 53.58239746
v -23.43642044 -3.90074897 53.79723740
v -23.30448532 -5.00071192 54.21059799
v -23.27946854 -4.87176180 54.42549133
v -24.09735107 -3.32781315 52.50793839
v -23.87477112 -3.26343298 52.60666656
v -23.69945335 -3.16829658 52.76043701
v -23.58855438 -3.05171657 52.95420074
v -23.55293465 -2.92510462 53.16898727
v -23.66973877 -2.07162595 52.32600403
v -23.62889290 -1.94651067 52.54073715
v -23.71476555 -0.56557900 59.53081131
v -23.83689499 -0.46091342 59.72462082
v -19.32726669 -36.15877151 0.00000000
v -19.32726669 -36.15877151 0.60000002
v -15.69002056 -37.87906265 0.00000000
v -15.69002056 -37.87906265 0.60000002
v -18.14877510 -33.95396805 0.00000000
v -18.14877510 -33.95396805 0.60000002
v -17.75457001 -34.14041138 0.00000000
v -17.75457001 -34.14041138 0.60000002
v -14.92465401 -36.03130341 0.00000000
v -14.92465401 -36.03130341 0.60000002
v -14.92465401 -36.03130341 6.00000000
v -11.90167141 -39.23455429 0.00000000
v -11.90167141 -39.23455429 0.60000002
v -11.58653164 -36.69529724 0.00000000
v -11.58653164 -36.69529724 0.60000002
v -11.17596054 -36.84220123 0.00000000
v -11.17596054 -36.84220123 0.60000002
v -14.53402042 -35.64067078 0.00000000
v -14.15928745 -34.18354416 8.00000000
v -15.59642696 -21.07394600 8.00000000
v -15.42692852 -20.99948120 8.87990475
v -14.53447533 -21.84812546 8.00000000
v -14.48369026 -21.84496498 8.34620667
v -14.65510368 -21.85690880 10.20159721
v -14.99670792 -21.53278351 8.00000000
v -14.74784565 -21.75401115 10.41193962
v -14.79039955 -21.59395981 10.60169315
v -14.77859879 -21.39242363 10.75228214
v -14.95448971 -20.86277962 9.91110802
v -14.18814659 -21.64072418 9.55963421
v -14.12772655 -21.57842064 9.71910954
v -14.71359921 -21.16913033 10.84896564
v -14.26052856 -21.10923386 10.28625584
v -14.29263401 -20.71298409 10.65706825
v -13.46119118 -22.56891251 8.00000000
v -14.03461075 -22.13361168 8.00000000
v -13.56312466 -22.37069321 8.00000000
v -13.51432896 -22.34925652 8.25330830
v -13.76561260 -22.12811279 8.77558708
v -13.38600826 -22.44597054 8.00000000
v -13.44441605 -22.40194893 8.11529922
v -13.43998337 -22.40528870 8.10654831
v -13.43521023 -22.40888596 8.09712601
v -13.42605305 -22.41578865 8.07905006
v -13.43047810 -22.41245270 8.08778477
v -13.74636364 -22.46898079 10.83133316
v -13.84321022 -22.37006950 11.04173946
v -14.04602051 -21.75234795 9.46498489
v -14.09217072 -21.67515564 9.59113121
v -13.89229202 -22.21196747 11.23154926
v -13.88880539 -22.01014900 11.38218307
v -13.83308983 -21.78437233 11.47889519
v -12.91283607 -22.94848633 11.67153645
v -12.96835804 -22.79259682 11.86140251
v -12.97318745 -22.59083939 12.01208115
v -12.92685127 -22.36296463 12.10882282
v -12.17590427 -23.31921959 8.00000000
v -11.60369873 -23.65951729 8.00000000
v -10.85285759 -24.00099373 8.00000000
v -10.39910698 -24.24590683 8.00000000
v -11.85375500 -23.57863808 12.09080124
v -11.95829105 -23.48818207 12.30133152
v -12.02015400 -23.33477020 12.49125385
v -12.03328896 -23.13341713 12.64197731
v -10.98118591 -23.98815155 12.93112564
v -10.87307835 -24.07415390 12.72053242
v -11.04928112 -23.83747101 13.12110424
v -11.07069588 -23.63686371 13.27187157
v -11.04333496 -23.40596390 13.36867046
v -12.77793598 -23.01470757 8.00000000
v -12.81205654 -23.04324722 11.46106815
v -11.99640942 -22.90383339 12.73874760
v -7.99870300 -40.21219635 0.00000000
v -7.99870300 -40.21219635 0.60000002
v -7.51097727 -37.76023483 0.00000000
v -7.51097727 -37.76023483 0.60000002
v -4.01870298 -40.80257416 0.00000000
v -4.01870298 -40.80257416 0.60000002
v -3.77365994 -38.31461334 0.00000000
v -3.77365994 -38.31461334 0.60000002
v -3.33810091 -38.33600998 0.00000000
v -3.33810091 -38.33600998 0.60000002
v -0.00000000 -41.00000000 0.00000000
v -0.00000000 -41.00000000 0.60000002
v -0.00000000 -39.00000000 0.00000000
v -0.00000000 -39.00000000 0.60000002
v -0.00000000 -39.00000000 6.00000000
v -0.00000000 -37.00000000 8.00000000
v -6.63195610 -25.64167023 8.00000000
v -6.07167196 -25.79133987 8.00000000
v -5.86591482 -25.79773521 8.00000000
v -5.46863747 -25.94605637 8.35646343
v -5.60160398 -25.80146027 8.00000000
v -5.51545334 -25.78604698 8.00000000
v -5.32092571 -25.87202835 8.16637325
v -5.17790937 -25.72982597 8.01551628
v -5.19763088 -25.72016144 8.00000000
v -5.20394325 -25.72339439 8.00000000
v -5.15799332 -25.69835281 8.00000000
v -9.49555016 -24.61245346 8.00000000
v -9.16700745 -24.77252197 8.00000000
v -8.10756207 -25.15198517 8.00000000
v -7.91030502 -25.23813629 8.00000000
v -9.98317719 -24.44744682 13.56091690
v -9.87168598 -24.52885437 13.35026169
v -9.04614544 -24.72073746 14.38079739
v -9.08399010 -24.52263832 14.53165436
v -10.05738354 -24.29975319 13.75095177
v -10.08703995 -24.10023117 13.90176392
v -10.06924438 -23.86841011 13.99859142
v -9.07578850 -24.29029274 14.62850952
v -8.85127735 -24.94187737 13.97998905
v -8.96595764 -24.86519814 14.19070625
v -7.81358957 -25.31242752 14.60971451
v -7.93125820 -25.24059868 14.82049370
v -9.00505829 -20.80940628 14.03195572
v -8.90205765 -20.58200645 13.99859142
v -8.13947487 -21.18975830 14.66188431
v -8.04601669 -20.95827293 14.62850952
v -7.77867794 -20.61961174 14.38079739
v -7.92169428 -20.76181412 14.53165436
v -6.69254589 -25.61815453 8.00000000
v -6.56565475 -20.84135056 8.00000000
v -6.40362358 -20.92006683 8.00000000
v -5.18034267 -21.31279564 8.00000000
v -5.16573095 -21.31915855 8.00000000
v -7.63096666 -20.54558372 14.19070625
v -6.77671146 -20.86929703 14.82049370
v -4.25030518 -26.09454727 8.79439068
v -4.39473057 -26.17466545 8.98453712
v -4.11338282 -25.94651222 8.64348984
v -3.99736619 -25.74505043 8.54660511
v -3.03977871 -26.11913490 9.27146530
v -2.93226838 -25.91302299 9.17455292
v -2.85836267 -25.67457771 9.14115906
v -3.31125855 -26.35880280 9.61261368
v -3.17036986 -26.27274132 9.42241096
v -2.22006321 -26.49806976 10.24069118
v -2.08295536 -26.40621758 10.05043316
v -1.95892191 -26.24731255 9.89944363
v -1.86010385 -26.03690720 9.80250263
v -1.79617429 -25.79559708 9.76909924
v -1.12300372 -26.59214020 10.86877060
v -0.98991454 -26.49466705 10.67845726
v -0.87265337 -26.33073997 10.52742386
v -0.78269857 -26.11640739 10.43045425
v -0.72885555 -25.87265015 10.39704132
v -0.02195331 -26.64076996 11.49685287
v -4.94807768 -25.57973099 8.00000000
v -4.91677094 -25.56078720 8.00000000
v -4.79312515 -25.37875748 8.00000000
v -4.76894569 -25.33988190 8.00000000
v -3.91361189 -25.50988388 8.51322079
v -4.00873899 -22.65398026 8.00000000
v -3.90502882 -22.22360420 8.00000000
v -4.01561356 -21.96900177 8.01551628
v -4.04579687 -21.95572281 8.00000000
v -4.03781509 -21.96384239 8.00000000
v -4.01692772 -22.00622368 8.00000000
v -4.98409128 -21.37462616 8.00000000
v -5.04400349 -21.35274124 8.00000000
v -4.63557482 -21.50528908 8.00000000
v -4.41986084 -21.63493919 8.00000000
v -4.28933048 -21.71520805 8.00000000
v -4.05345869 -21.77090263 8.16637325
v -4.13364601 -21.62644386 8.35646343
v -4.24832630 -21.54976273 8.56718063
v -3.24018359 -21.80336380 8.98453712
v -3.10678339 -22.37316132 8.54660511
v -3.10818887 -22.14068604 8.64348984
v -3.15415549 -21.94434738 8.79439068
v -3.35785222 -21.73153305 9.19531631
v -2.18240976 -22.50707245 9.17455292
v -2.19341898 -22.27486610 9.27146530
v -2.24742627 -22.08061981 9.42241096
v -2.33914542 -21.94334602 9.61261368
v -2.45959783 -21.87648392 9.82345390
v -1.33480895 -22.17940140 10.05043316
v -1.43205917 -22.04606819 10.24069118
v -1.55508614 -21.98428154 10.45159340
v -1.25226152 -22.60276794 9.80250263
v -1.27285480 -22.37122726 9.89944363
v -0.64585501 -22.05465508 11.07973480
v -0.34806132 -22.42951775 10.52742386
v -0.31792000 -22.65999985 10.43045425
v -0.41785425 -22.24043846 10.67845726
v -0.52046698 -22.11126900 10.86877060
v -6.76039076 -25.63978004 15.23943901
v -5.81650686 -25.86149979 16.08006287
v -5.91375685 -25.72816658 16.27032089
v -5.69348001 -25.92328644 15.86916065
v -8.01728630 -25.09961319 15.01064014
v -8.06325340 -24.90327454 15.16154194
v -8.06465816 -24.67079926 15.25842667
v -6.97256231 -25.43564415 15.64048195
v -6.88084316 -25.57291794 15.45027924
v -7.02656937 -25.24139786 15.79142761
v -7.03757858 -25.00919151 15.88834000
v -5.97571087 -25.53634071 16.42131042
v -5.99630451 -25.30480003 16.51825142
v -7.25783014 -21.53407669 15.29181004
v -7.17407560 -21.29891014 15.25842667
v -7.05805922 -21.09744835 15.16154194
v -6.92113686 -20.94941330 15.01064014
v -6.36162567 -21.84168625 15.92173386
v -5.45239162 -22.11197090 16.55165482
v -5.38846207 -21.87066078 16.51825142
v -6.18020964 -21.39712906 15.79142761
v -6.04961872 -21.24352264 15.64048195
v -5.90873003 -21.15746117 15.45027924
v -6.28772020 -21.60324097 15.88834000
v -5.16561031 -21.50135040 16.27032089
v -5.28964376 -21.66025543 16.42131042
v -4.74007130 -26.10575867 16.70984459
v -4.61468363 -26.16237259 16.49888229
v -4.84268427 -25.97658920 16.90015793
v -4.91247702 -25.78750992 17.05119133
v -3.87832928 -25.76535797 17.77806854
v -3.52585196 -26.35654259 17.12859917
v -3.65338397 -26.30518913 17.33962440
v -3.76118135 -26.18039894 17.52999306
v -3.83869219 -25.99438477 17.68107224
v -2.67110801 -26.33915710 18.15982819
v -2.75620270 -26.15652466 18.31094933
v -2.80526662 -25.92934227 18.40797424
v -2.55831218 -26.45936203 17.96940422
v -2.42885661 -26.50537109 17.75831604
v -1.32558632 -26.60851860 18.38803291
v -1.45674217 -26.56792259 18.59918022
v -1.66687322 -26.27356339 18.94082451
v -1.57434165 -26.45250511 18.78965950
v -1.72527933 -26.04861259 19.03787804
v -0.35057431 -26.63059998 19.22895432
v -0.57258391 -26.34520912 19.57069588
v -0.47277480 -26.52015877 19.41948700
v -0.21794431 -26.66571999 19.01774597
v -0.64023167 -26.12287712 19.66777802
v -4.94261837 -25.55702782 17.14816093
v -4.53168297 -22.34437752 17.18157578
v -4.47783995 -22.10062027 17.14816093
v -4.38788509 -21.88628769 17.05119133
v -5.02850294 -21.40949821 16.08006287
v -4.13753462 -21.62488747 16.70984459
v -4.27062368 -21.72236252 16.90015793
v -3.60107875 -22.53842163 17.81149292
v -3.47647905 -22.07475281 17.68107224
v -3.36619306 -21.90609360 17.52999306
v -3.23735261 -21.80317116 17.33962440
v -3.55741525 -22.29263687 17.77806854
v -2.66217899 -22.69367981 18.44140625
v -2.62877011 -22.44629478 18.40797424
v -2.55699253 -22.22523499 18.31094933
v -2.45387220 -22.05214119 18.15982819
v -2.32950306 -21.94395447 17.96940422
v -1.41554940 -22.04690933 18.59918022
v -1.71660089 -22.80979919 19.07131958
v -1.69350445 -22.56124115 19.03787804
v -1.63100922 -22.33739281 18.94082451
v -1.53523231 -22.16016579 18.78965950
v -0.76597708 -22.88649368 19.70123100
v -0.75323296 -22.63718987 19.66777802
v -0.70012760 -22.41094208 19.57069588
v -0.49706864 -22.11177254 19.22895432
v -0.61185938 -22.22989655 19.41948700
v -17.45732880 -21.23404884 32.85272217
v -17.29454041 -21.23342896 32.66054535
v -17.10423470 -21.17052841 32.50802994
v -16.90503883 -21.05150604 32.41011047
v -16.71645546 -20.88801193 32.37636948
v -16.57878304 -21.95813751 33.48086929
v -16.41622353 -21.95070648 33.28863907
v -16.22874260 -21.87991714 33.13608551
v -16.03469086 -21.75269890 33.03813934
v -15.85306549 -21.58150864 33.00438690
v -15.50813866 -22.63163567 33.91673660
v -15.67018414 -22.64586449 34.10901642
v -17.47899437 -21.25630569 40.42699432
v -17.55713654 -21.14734650 40.64019394
v -17.57991791 -20.98634148 40.83252716
v -17.54510689 -20.78905106 40.98516083
v -16.59509850 -21.98478317 41.05664825
v -16.67761803 -21.87921524 41.26990509
v -17.45611191 -20.57478523 41.08316040
v -16.70699310 -21.71934319 41.46228790
v -16.68034554 -21.52081490 41.61496353
v -15.76758575 -22.57448196 41.89961624
v -15.68083382 -22.67648315 41.68630219
v -15.80349922 -22.41601181 42.09204865
v -15.78505802 -22.21658516 42.24476624
v -15.71406746 -21.99572372 42.34281540
v -16.60028458 -21.30306625 41.71298981
v -14.39093590 -23.18881035 34.39219666
v -14.73304081 -23.29597855 34.73716354
v -14.57179260 -23.27498627 34.54483414
v -13.76890945 -23.90729523 35.36531448
v -13.60874081 -23.87957954 35.17293167
v -13.43167210 -23.78593254 35.02025604
v -13.25503445 -23.63552094 34.92223358
v -13.09611893 -23.44306755 34.88845444
v -15.32380962 -22.55308342 33.76414108
v -15.13523865 -22.41789627 33.66616821
v -14.96088696 -22.23930359 33.63240814
v -14.20817375 -23.04588509 34.29419708
v -14.04139614 -22.86020279 34.26042938
v -12.62058830 -24.44430923 35.80103302
v -12.77939701 -24.47869301 35.99346542
v -11.76615620 -25.00911903 36.62162018
v -11.60898399 -24.96813202 36.42913437
v -12.44761467 -24.34335709 35.64831543
v -12.27740860 -24.18572044 35.55026627
v -12.12663078 -23.98682976 35.51647949
v -11.44040775 -24.86005402 36.27637863
v -11.27692795 -24.69546700 36.17830276
v -11.13454819 -24.49048233 36.14450836
v -10.73088551 -25.49758720 37.24977493
v -10.57562447 -25.45007133 37.05723953
v -10.41173840 -25.33506012 36.90444565
v -10.25526905 -25.16380882 36.80634308
v -11.26036930 -20.77473640 34.92223358
v -11.18030834 -20.55698776 35.02025604
v -10.40319824 -21.24461365 35.55026627
v -10.33220768 -21.02375221 35.64831543
v -10.31376648 -20.82432556 35.80103302
v -10.43643188 -20.56385422 36.20677948
v -10.34967995 -20.66585541 35.99346542
v -14.73773289 -23.33013916 42.31595230
v -14.82856274 -23.23187256 42.52932358
v -14.87094879 -23.07507324 42.72180939
v -12.86990261 -24.42826271 43.78873444
v -13.86212540 -23.85018158 43.15903091
v -13.76737785 -23.94454956 42.94560242
v -13.91090870 -23.69531441 43.35156250
v -13.90895176 -23.49510765 43.50436020
v -13.85644817 -23.26915932 43.60246277
v -12.92499542 -24.27559090 43.98131943
v -12.93128967 -24.07550430 44.13415527
v -12.88816929 -23.84758949 44.23228455
v -14.86074257 -22.87508583 42.87456512
v -14.79894257 -22.65148926 42.97264099
v -12.77140427 -24.51857758 43.57525253
v -11.75149345 -25.05115509 44.20489883
v -11.85356903 -24.96504402 44.41843796
v -11.91487312 -24.81482124 44.61107254
v -11.92940521 -24.61519432 44.76395035
v -11.51870728 -20.91253662 44.26609421
v -11.39384556 -20.69643593 44.23228455
v -11.24465752 -20.51881981 44.13415527
v -10.39184475 -20.99157333 44.76395035
v -11.89574242 -24.38570404 44.86210251
v -10.90499592 -25.11316872 45.39374161
v -10.81484604 -25.45951462 45.04813766
v -10.88225365 -25.31199646 45.24082565
v -10.70937157 -25.54128265 44.83454514
v -10.88084698 -24.88249397 45.49191666
v -10.64926529 -21.39634705 44.89592361
v -10.53349400 -21.17524338 44.86210251
v -9.67532253 -25.94318008 37.87793350
v -9.52224350 -25.88922691 37.68534851
v -9.36333275 -25.76748276 37.53251266
v -8.60124302 -26.34505653 38.50609207
v -8.45061302 -26.28476143 38.31345749
v -8.29695415 -26.15650177 38.16057968
v -8.15530491 -25.97283173 38.06242752
v -8.03953362 -25.75172806 38.02860641
v -7.51045990 -26.70244598 39.13425064
v -7.36254120 -26.63592148 38.94156647
v -7.08053637 -26.31196404 38.69047165
v -7.21439981 -26.50136948 38.78865051
v -6.97405529 -26.08624077 38.65664291
v -6.25986528 -26.94201851 39.56967926
v -6.40481567 -27.01465225 39.76241302
v -5.28618288 -27.28105736 40.39057922
v -5.14445257 -27.20244789 40.19779205
v -6.11749887 -26.80141449 39.41672134
v -5.99165297 -26.60660172 39.31851959
v -5.89464617 -26.37664986 39.28467941
v -10.12153244 -24.95308495 36.77254105
v -9.52640343 -21.67910576 36.17830276
v -9.46460342 -21.45550919 36.27637863
v -9.45439720 -21.25552368 36.42913437
v -9.49678326 -21.09872246 36.62162018
v -9.58761311 -21.00045586 36.83499146
v -8.63144493 -22.07739258 36.80634308
v -8.57894135 -21.85144424 36.90444565
v -8.57698441 -21.65123749 37.05723953
v -8.62576771 -21.49637032 37.24977493
v -9.21414471 -25.58986664 37.43438339
v -9.08928204 -25.37376595 37.40056992
v -7.71982002 -22.43871307 37.43438339
v -7.73808765 -21.85803986 37.87793350
v -8.72051525 -21.40200233 37.46320343
v -7.83658552 -21.76772499 38.09141541
v -10.23818588 -20.86331367 44.61107254
v -10.08755589 -20.80301857 44.41843796
v -7.67670059 -22.21079826 37.53251266
v -7.68299484 -22.01071167 37.68534851
v -6.79305601 -22.76237106 38.06242752
v -6.75939322 -22.53288078 38.16057968
v -6.77392530 -22.33325386 38.31345749
v -6.83522987 -22.18303108 38.50609207
v -6.93730545 -22.09692001 38.71963120
v -5.85270977 -23.04773140 38.69047165
v -5.82856083 -22.81705475 38.78865051
v -5.85130310 -22.61822701 38.94156647
v -5.91871071 -22.47070885 39.13425064
v -6.02418518 -22.38894081 39.34784698
v -5.00810862 -27.05603790 40.04479599
v -4.01819563 -27.41667747 40.82590866
v -4.15645981 -27.50112152 41.01874161
v -3.88811064 -27.26471901 40.67287064
v -4.89049816 -26.85615921 39.94656754
v -4.80313253 -26.62237549 39.91271973
v -3.77893853 -27.06012154 40.57461929
v -3.70136595 -26.82290840 40.54076004
v -2.88300872 -27.58425713 41.45402527
v -3.01756692 -27.67438126 41.64691162
v -2.75940776 -27.42701721 41.30094910
v -2.65886331 -27.21805573 41.20267105
v -2.59121728 -26.97782516 41.16880417
v -1.87144411 -27.80045700 42.27507782
v -1.74082494 -27.70481110 42.08214569
v -1.62392235 -27.54256821 41.92903137
v -1.53217936 -27.32960701 41.83072281
v -1.47457659 -27.08677483 41.79685211
v -0.72004735 -27.87904358 42.90324783
v -0.59359336 -27.77805138 42.71026611
v -0.48359105 -27.61108780 42.55710983
v -0.40080822 -27.39449692 42.45878220
v -0.35334823 -27.14948082 42.42490005
v -4.90036440 -23.29422188 39.31851959
v -4.88576984 -23.06275558 39.41672134
v -3.93762803 -23.50133896 39.94656754
v -3.93261170 -23.26947784 40.04479599
v -3.97163796 -23.07325745 40.19779205
v -2.96612906 -23.66864395 40.57461929
v -2.97069883 -23.43678474 40.67287064
v -3.10273767 -23.10442543 41.01874161
v -3.01777101 -23.24236870 40.82590866
v -4.91668177 -22.86506462 39.56967926
v -4.99007416 -22.72049713 39.76241302
v -5.09876299 -22.64320564 39.97606277
v -4.05088663 -22.93188477 40.39057922
v -4.16260052 -22.85919571 40.60428238
v -3.21728158 -23.03645897 41.23250198
v -1.98751533 -23.79576492 41.20267105
v -2.26440978 -23.17460442 41.86072540
v -2.00166225 -23.56430435 41.30094910
v -2.05669785 -23.37202263 41.45402527
v -2.14723444 -23.23774147 41.64691162
v -1.30560434 -23.27331161 42.48894882
v -1.00344932 -23.88240242 41.83072281
v -1.02714872 -23.65173340 41.92903137
v -1.09005177 -23.46191216 42.08214569
v -1.18600106 -23.33151627 42.27507782
v -0.01560735 -23.92831802 42.45878220
v -0.22067475 -23.38550568 42.90324783
v -0.04881776 -23.69883728 42.55710983
v -0.11947917 -23.51179695 42.71026611
v -0.34249878 -23.33232498 43.11717606
v -9.64680481 -25.98803711 45.46418762
v -9.75549412 -25.91074562 45.67783737
v -9.82888699 -25.76617813 45.87057495
v -8.67731571 -26.31787300 46.30753708
v -8.56560135 -26.39056015 46.09383011
v -8.75656414 -26.17650032 46.50032043
v -8.79559040 -25.98027992 46.65331650
v -8.79057407 -25.74841881 46.75154495
v -7.71418571 -26.34775352 47.28310394
v -7.71875525 -26.11589432 47.38135910
v -6.47185802 -26.99675560 47.56692505
v -7.58214712 -26.68011284 46.93723297
v -7.46760273 -26.74807930 46.72347260
v -7.66711330 -26.54216957 47.13006592
v -6.61743021 -26.67019272 47.91288757
v -6.56239462 -26.86247444 47.75981140
v -6.63157749 -26.43873215 48.01116562
v -6.35468292 -27.05989265 47.35311127
v -5.50720072 -26.94695282 48.54266739
v -5.22874546 -27.32537651 47.98274994
v -5.34834862 -27.26717186 48.19662094
v -5.44429779 -27.13677597 48.38955307
v -5.53090048 -26.71628571 48.64097214
v -9.85979843 -25.56848526 46.02352905
v -9.84520340 -25.33702087 46.12173462
v -9.75950146 -21.84398270 45.52574921
v -9.65301991 -21.61826134 45.49191666
v -9.37101555 -21.29430389 45.24082565
v -9.51915646 -21.42885399 45.39374161
v -9.22309685 -21.22777939 45.04813766
v -8.85092163 -22.25459099 46.15557098
v -8.75391483 -22.02463913 46.12173462
v -8.62806892 -21.82982635 46.02352905
v -7.72009325 -22.19371986 46.65331650
v -7.92506933 -22.62738228 46.78539276
v -7.83770418 -22.39359856 46.75154495
v -8.34075260 -21.61659050 45.67783737
v -8.48570251 -21.68922234 45.87057495
v -6.02787542 -23.25667191 48.04503250
v -7.58374977 -22.04730988 46.50032043
v -7.44201899 -21.96870041 46.30753708
v -6.98351860 -22.96162987 47.41521454
v -6.90594578 -22.72441864 47.38135910
v -6.79677391 -22.51981926 47.28310394
v -6.66668892 -22.36786079 47.13006592
v -6.52842474 -22.28341866 46.93723297
v -5.96022940 -23.01644135 48.01116562
v -5.85968494 -22.80747986 47.91288757
v -5.60152578 -22.56011581 47.56692505
v -5.73608398 -22.65023994 47.75981140
v -4.21354389 -27.49080658 48.82630920
v -4.31473970 -27.36451530 49.01929474
v -4.38540125 -27.17747498 49.17244720
v -4.41861153 -26.94799423 49.27077866
v -4.09172010 -27.54398727 48.61238480
v -3.25395751 -27.36127090 49.80222702
v -3.29662132 -27.13336945 49.90058136
v -3.06939316 -27.66719055 49.45600128
v -2.94555902 -27.71526337 49.24201965
v -3.17565989 -27.54521370 49.64903259
v -2.02901864 -27.67847443 50.27877045
v -1.79223371 -27.83882141 49.87165451
v -1.91786408 -27.79593277 50.08568573
v -2.11481714 -27.49794197 50.43200302
v -2.16686058 -27.27200890 50.53038406
v -0.96994382 -27.58716393 51.06177902
v -0.76094180 -27.87672615 50.71537399
v -0.87679255 -27.76398087 50.90850449
v -1.03127730 -27.36358452 51.16018295
v -0.63373184 -27.91436386 50.50128555
v -5.05977297 -23.51191330 48.67484665
v -5.00217056 -23.26908112 48.64097214
v -4.08087063 -23.72682953 49.30466080
v -4.03341055 -23.48181534 49.27077866
v -3.95062780 -23.26522446 49.17244720
v -3.84062552 -23.09826088 49.01929474
v -3.09284854 -23.90096474 49.93447495
v -2.75695133 -23.15679932 49.45600128
v -3.05561328 -23.65419006 49.90058136
v -2.98193336 -23.43434715 49.80222702
v -2.87902164 -23.26295853 49.64903259
v -4.91042757 -23.05611992 48.54266739
v -4.66290569 -22.79823112 48.19662094
v -4.79352474 -22.89387512 48.38955307
v -3.71417141 -22.99726868 48.82630920
v -1.91036713 -23.38759613 50.27877045
v -1.79289138 -23.27646065 50.08568573
v -2.09740686 -24.03393173 50.56428528
v -2.07046056 -23.78582382 50.53038406
v -2.00601101 -23.56311226 50.43200302
v -1.09626222 -24.12541580 51.19409180
v -1.07965112 -23.87640190 51.16018295
v -1.02454293 -23.65120888 51.06177902
v -0.93633217 -23.47187614 50.90850449
v -0.82365334 -23.35595894 50.71537399
v -0.09114420 -24.17517090 51.82389832
v -0.08489702 -23.92568398 51.78998184
v -0.03922509 -23.69839859 51.69155121
v -17.04782677 -19.38273048 8.00000000
v -16.97109032 -19.34902000 8.39835262
v -17.35340881 -18.52315331 8.00000000
v -17.38285828 -18.06278419 8.00000000
v -17.20687485 -19.03317070 8.00000000
v -17.12531662 -18.50135803 8.64366722
v -16.44848824 -20.27824020 8.00000000
v -16.47514915 -20.24903870 8.01626682
v -16.47659492 -20.25017738 8.00000000
v -16.48790359 -20.23575783 8.00000000
v -16.14323616 -20.13940430 9.10889053
v -16.48118401 -19.23098946 9.43500328
v -15.60860348 -20.01032066 10.04106331
v -15.50129986 -19.39293289 10.43876934
v -16.32180977 -18.59400749 9.74344730
v -15.93163776 -17.95282555 9.74344730
v -17.33687782 -17.85301018 8.00000000
v -17.05622101 -17.39180183 8.00000000
v -16.92273331 -17.78902817 8.72819614
v -16.89103889 -17.25456429 8.00000000
v -16.46862602 -17.06916237 8.00000000
v -16.38316727 -17.28175926 8.64366722
v -15.94831085 -16.96493530 8.00000000
v -15.55943680 -17.02920341 8.39835262
v -15.56475830 -16.94555855 8.00000000
v -15.43913555 -17.51855850 9.43500328
v -14.55775166 -20.40143585 10.73301792
v -14.28347397 -20.48658943 10.83176613
v -14.27065945 -20.43413544 10.85779285
v -14.37636948 -19.77784538 11.05631447
v -15.24014187 -18.81291962 10.57478905
v -14.84500980 -18.31443024 10.43876934
v -13.84136009 -20.37206268 11.08648205
v -13.79950237 -20.36914635 11.10758877
v -13.22425652 -19.36866379 11.10575199
v -13.98619747 -19.13666534 11.05631447
v -13.51570320 -18.68900490 10.73301792
v -13.37864017 -18.95396042 10.87556934
v -13.31161213 -18.89592934 10.83295155
v -13.07944965 -18.76938248 10.62381554
v -13.11135197 -18.78264999 10.65596008
v -12.82729244 -18.66450882 10.36975098
v -12.96240902 -18.72070312 10.50588894
v -13.28827286 -18.12463379 9.91110802
v -13.04184532 -18.39509964 10.88228130
v -12.89412117 -18.19385147 10.84896564
v -13.28767109 -20.08462143 11.29730320
v -13.22399044 -19.95134163 11.29401112
v -13.23552227 -19.81843758 11.25145531
v -14.47701931 -17.40125656 9.10889053
v -14.53217411 -17.05608559 8.01626682
v -14.54982948 -17.05086136 8.00000000
v -14.53182793 -17.05427933 8.00000000
v -14.49398708 -17.06634712 8.00000000
v -14.34598255 -17.93541527 10.04106331
v -13.39571953 -17.45745277 8.00000000
v -13.38396358 -17.64221382 8.87990475
v -12.22011757 -18.04486847 8.00000000
v -12.19958687 -18.09142685 8.34620667
v -11.61301422 -18.60353661 8.77936077
v -11.73685455 -18.35763550 8.00000000
v -12.68575764 -18.61869431 10.21636200
v -12.54833508 -18.59086990 10.05366516
v -12.74690247 -18.63107491 10.28875256
v -12.24517250 -18.44777298 9.55963421
v -12.27453995 -18.53543472 9.72951221
v -12.72496700 -18.03425026 10.75228214
v -12.06931019 -18.52790642 9.45841885
v -12.16542912 -18.52189445 9.59326458
v -11.64657879 -18.41835213 11.04173946
v -11.30962276 -18.66744232 8.00000000
v -11.30607319 -18.72323418 8.26570415
v -11.15406132 -18.79620934 8.00000000
v -11.08110237 -18.67690468 8.00000000
v -10.52301884 -18.96496201 8.00000000
v -12.27790546 -18.94334984 11.51222038
v -12.13867474 -18.73613739 11.47889519
v -11.97633171 -18.56962967 11.38218307
v -11.80676651 -18.46012878 11.23154926
v -11.36042023 -19.24702644 12.10882282
v -11.49091530 -19.45984840 12.14215755
v -10.68219662 -19.94362259 12.77209282
v -10.56066132 -19.72556114 12.73874760
v -10.41277122 -19.54612541 12.64197731
v -10.25300217 -19.42288017 12.49125385
v -11.20516872 -19.07390404 12.01208115
v -11.04035854 -18.95742798 11.86140251
v -10.88212204 -18.90899849 11.67153645
v -12.71260452 -17.77924538 8.00000000
v -12.55094242 -17.93191910 10.60169315
v -12.38908195 -17.89687538 10.41193962
v -19.85445595 -17.78294373 29.86431885
v -18.46039200 -14.35006714 28.64199066
v -18.29953003 -14.18273735 28.73975182
v -19.01733589 -13.56064129 28.01397705
v -18.84968758 -13.40009403 28.11171341
v -18.73858452 -13.23301220 28.26394081
v -18.69490242 -13.07575035 28.45575714
v -18.72291565 -12.94370270 28.66838837
v -18.19542122 -14.01124668 28.89202118
v -18.15826035 -13.85238075 29.08389091
v -18.19168091 -13.72169018 29.29657936
v -20.48287773 -11.06923866 26.12994957
v -20.02936935 -11.91877747 26.75795746
v -19.54060173 -12.74973392 27.38596725
v -19.36645508 -12.59624386 27.48367500
v -19.24854469 -12.43385696 27.63586044
v -19.84902000 -11.77260876 26.85564041
v -19.72449875 -11.61519337 27.00778389
v -19.22096062 -12.14528561 28.04019928
v -20.29663277 -10.93064022 26.22760582
v -20.16571045 -10.77846527 26.37970924
v -20.10292435 -10.62760925 26.57136917
v -20.11442184 -10.49283886 26.78382683
v -19.66799355 -11.46193981 27.19949722
v -19.68503571 -11.32785034 27.41201210
v -19.19841003 -12.27846718 27.82762527
v -17.87065315 -15.11661243 29.27000618
v -17.71685219 -14.94278622 29.36779404
v -17.61991310 -14.76717854 29.52010345
v -17.58932877 -14.60697842 29.71202469
v -9.95941257 -19.33177567 8.00000000
v -9.24104595 -19.66561508 8.00000000
v -8.80378342 -19.92498589 8.00000000
v -7.92058849 -20.29171944 8.00000000
v -10.09699440 -19.36788750 12.30133152
v -9.29251575 -19.79414940 12.93112564
v -9.85311127 -20.39376068 13.40202522
v -9.74074554 -20.17083740 13.36867046
v -9.60047340 -19.98540115 13.27187157
v -9.44602394 -19.85560417 13.12110424
v -8.76964569 -20.39089203 13.90176392
v -8.62078285 -20.25477028 13.75095177
v -8.47004223 -20.18696785 13.56091690
v -7.61742592 -20.45490646 8.00000000
v -2.82842708 -2.82842708 8.00000000
v -3.86370325 -1.03527617 8.00000000
v -3.96577954 -0.52210474 8.00000000
v -3.46410155 -2.00000000 8.00000000
v -3.69551802 -1.53073370 8.00000000
v -3.17341328 -2.43504572 8.00000000
v -2.00000000 -3.46410155 8.00000000
v -2.43504572 -3.17341328 8.00000000
v -1.53073370 -3.69551802 8.00000000
v -1.03527617 -3.86370325 8.00000000
v -0.52210474 -3.96577954 8.00000000
v -19.89843178 -18.85696411 30.96829987
v -20.48198509 -18.02764130 30.14818764
v -20.28374100 -17.99728394 29.99583817
v -19.73666763 -18.87677383 30.77627563
v -19.53989601 -18.83816147 30.62388420
v -19.32737732 -18.74490738 30.52604103
v -19.11851883 -19.68206787 31.59643936
v -18.95612907 -19.69508171 31.40436363
v -18.76117325 -19.64828491 31.25193024
v -18.55273628 -19.54625893 31.15406227
v -18.35122108 -19.39899063 31.12034035
v -18.30437279 -20.47490311 32.22457886
v -18.14163971 -20.48110390 32.03245163
v -17.94884109 -20.42620468 31.87998009
v -19.11991501 -18.60614204 30.49232864
v -20.06750870 -17.91296577 29.89802361
v -17.74484825 -20.31558418 31.78208542
v -17.54963112 -20.16006851 31.74835396
v -17.24906158 -15.85891247 29.89802361
v -17.10258102 -15.67888832 29.99583817
v -17.01297569 -15.49946308 30.14818764
v -15.91436100 -17.26552391 31.15406227
v -15.78325844 -17.07403564 31.25193024
v -15.70875454 -16.88789940 31.40436363
v -15.69814110 -16.72533417 31.59643936
v -16.59661484 -16.57564354 30.52604103
v -16.45770454 -16.38973045 30.62388420
v -16.37557983 -16.20679283 30.77627563
v -16.35828209 -16.04474258 30.96829987
v -16.40750313 -15.91943836 31.18115997
v -15.75245857 -16.60225296 31.80935669
v -19.21881294 -19.57919884 39.38076782
v -19.22828674 -19.41674614 39.57299805
v -19.93400574 -18.86378098 38.53801727
v -19.99820900 -18.74576187 38.75104904
v -20.00099373 -18.58299446 38.94322968
v -19.94208908 -18.39141464 39.09574127
v -19.82725716 -18.18977547 39.19366074
v -19.14983559 -19.69438934 39.16767883
v -19.17733383 -19.22293091 39.72555161
v -18.33104706 -20.49238014 39.79733658
v -18.40467072 -20.38021088 40.01048279
v -18.42081642 -20.21834564 40.20276260
v -18.37789726 -20.02262497 40.35535812
v -18.28011894 -19.81221199 40.45333099
v -19.07093811 -19.01672745 39.82349777
v -15.51120758 -17.98493767 41.11692810
v -17.38713264 -15.69807529 39.19366074
v -17.18793869 -15.57905293 39.09574127
v -16.99763107 -15.51615334 38.94322968
v -16.83484268 -15.51553345 38.75104904
v -17.57571793 -15.86157036 39.22740173
v -16.91795921 -16.59708977 39.85724640
v -16.73633385 -16.42589760 39.82349777
v -16.22941208 -17.30530739 40.48708725
v -16.05505943 -17.12671661 40.45333099
v -15.52011395 -16.89874840 40.01048279
v -15.86648941 -16.99152756 40.35535812
v -15.68215942 -16.91297531 40.20276260
v -16.35480118 -16.22789192 39.57299805
v -16.54228401 -16.29868126 39.72555161
v -16.19224167 -16.22045898 39.38076782
v -19.35375786 -13.50476074 37.33786011
v -19.14629364 -13.36599541 37.30414581
v -18.93377495 -13.27274227 37.20630646
v -18.73700333 -13.23412991 37.05391312
v -18.57524109 -13.25393772 36.86188889
v -19.87815666 -12.67379189 36.70800781
v -20.36696625 -11.82259274 36.07815552
v -20.14869308 -11.70153713 36.04446030
v -19.92912292 -11.62630367 35.94667053
v -19.66510391 -12.54376888 36.67430496
v -19.44887161 -12.45945263 36.57648849
v -19.25062752 -12.42909527 36.42413712
v -19.72975159 -11.60425758 35.79436111
v -19.57009315 -11.63755608 35.60243988
v -20.37376976 -10.77478600 35.31685257
v -20.01543617 -10.80106163 34.97271347
v -20.17361832 -10.76109219 35.16458130
v -19.08977509 -12.45566940 36.23216629
v -17.62809372 -14.47786713 29.92477036
v -16.98901749 -15.33820057 30.34016037
v -17.03305054 -15.21088600 30.55296516
v -18.79460716 -14.31400871 37.96770859
v -18.59309196 -14.16674137 37.93398666
v -18.20160675 -15.10008430 38.59755707
v -18.00638771 -14.94456863 38.56382751
v -18.38465691 -14.06471539 37.83612061
v -18.18970108 -14.01791859 37.68368912
v -18.02730942 -14.03093052 37.49161148
v -17.44686508 -14.78524971 38.12133026
v -17.80239487 -14.83394814 38.46593094
v -17.60959625 -14.77904987 38.31345749
v -14.46491528 -18.55980682 32.41011047
v -14.35008430 -18.35816574 32.50802994
v -14.29117775 -18.16658783 32.66054535
v -14.29396248 -18.00382042 32.85272217
v -13.70008659 -19.16186905 33.03813934
v -13.59369183 -18.95566559 33.13608551
v -13.54273796 -18.76185226 33.28863907
v -13.55221272 -18.59939766 33.48086929
v -12.91017818 -19.73240089 33.66616821
v -13.62118816 -18.48420906 33.69395828
v -12.85925198 -19.05223274 34.32216263
v -15.20340824 -17.92730904 31.78208542
v -15.08033752 -17.73057747 31.87998009
v -15.01357651 -17.54155731 32.03245163
v -15.00966167 -17.37875557 32.22457886
v -15.06897545 -17.25810242 32.43755722
v -14.35816574 -17.88580132 33.06575394
v -12.81239986 -19.52198601 33.76414108
v -12.76948261 -19.32626724 33.91673660
v -12.09649086 -20.27035332 34.29419708
v -12.00749588 -20.05608749 34.39219666
v -12.07360840 -19.58883286 34.95036697
v -11.97268581 -19.85879707 34.54483414
v -11.99546623 -19.69779205 34.73716354
v -12.78562641 -19.16440201 34.10901642
v -11.15366077 -20.35845947 35.17293167
v -11.18303585 -20.19858742 35.36531448
v -11.26555634 -20.09301949 35.57857132
v -14.76453495 -18.63473511 41.74676514
v -14.60562038 -18.44228172 41.71298981
v -14.42898273 -18.29186821 41.61496353
v -14.25191307 -18.19822311 41.46228790
v -13.99063492 -19.25350761 42.37660217
v -12.88493824 -19.47054100 42.87456512
v -13.19079781 -19.84011459 43.00643539
v -13.04841709 -19.63512802 42.97264099
v -13.83985710 -19.05461502 42.34281540
v -13.66965103 -18.89697838 42.24476624
v -13.49667740 -18.79602814 42.09204865
v -14.09174442 -18.17050743 41.26990509
v -13.33786869 -18.76164246 41.89961624
v -15.16166687 -17.65633011 40.98516083
v -14.98081017 -17.57015228 40.83252716
v -14.81956196 -17.54916191 40.64019394
v -15.34442997 -17.79925346 41.08316040
v -12.71636200 -19.36246490 42.72180939
v -12.55918980 -19.32147598 42.52932358
v -12.36636066 -20.39346695 43.63626480
v -12.23262405 -20.18274307 43.60246277
v -11.91226864 -19.89648056 43.35156250
v -12.07615471 -20.01149178 43.50436020
v -11.75700760 -19.84896469 43.15903091
v -10.93266773 -20.34312248 43.78873444
v -11.08574581 -20.39707756 43.98131943
v -20.41264915 -13.72824955 59.41700745
v -20.24105453 -13.57272053 59.51599884
v -20.12532043 -13.41065216 59.67018127
v -20.42510414 -9.94767761 34.34298325
v -21.03319550 -21.33856773 95.04678345
v -20.87607765 -21.34478760 94.85004425
v -20.68554878 -21.29232216 94.69390106
v -21.54280472 -20.85065269 102.12623596
v -21.60107040 -20.73914719 102.34442139
v -21.59873390 -20.58202934 102.54124451
v -20.67489433 -21.74620819 102.75575256
v -20.73767471 -21.63727379 102.97398376
v -20.74180603 -21.48024368 103.17085266
v -20.68688393 -21.29048920 103.32708740
v -20.57828331 -21.08658409 103.42739868
v -25.66173172 -12.45393658 65.61199188
v -25.68512726 -12.32546711 65.82736206
v -25.63658333 -12.17272282 66.02164459
v -26.56080818 -10.26090527 64.35279846
v -26.13427925 -11.36629295 64.98239899
v -26.15236282 -11.23688316 65.19770813
v -26.09755516 -11.08621216 65.39194489
v -25.97522354 -10.92902851 65.54608917
v -25.79733849 -10.78071785 65.64505768
v -23.43672180 -16.36976814 60.49267960
v -23.08269501 -16.39626503 60.14413071
v -23.28140259 -16.40908432 60.29835129
v -21.88305092 -18.31010628 61.55469513
v -22.04100227 -18.28393936 61.74911499
v -21.68616486 -18.28074646 61.40039825
v -21.46961403 -18.19873619 61.30133820
v -21.25459862 -18.07210159 61.26720047
v -21.28391647 -19.19725227 62.37733459
v -20.92960358 -19.17922211 62.02853775
v -21.12506485 -19.21677780 62.18286896
v -20.71666908 -19.08826256 61.92945099
v -20.50710297 -18.95280266 61.89530563
v -22.75899124 -17.34088898 61.12089920
v -22.60221863 -17.37365532 60.92652130
v -22.40424919 -17.35254669 60.77226639
v -22.18445969 -17.27962875 60.67322540
v -21.96436501 -17.16203880 60.63909912
v -22.86004829 -16.33256721 60.04511642
v -22.63525581 -16.22422600 60.01099777
v -23.97574997 -15.59138584 67.50077820
v -24.01477051 -15.46703815 67.71629333
v -23.32730103 -16.58920670 68.13036346
v -23.37139511 -16.46665573 68.34593201
v -23.34856987 -16.30824471 68.54040527
v -23.26106262 -16.12947845 68.69473267
v -23.11743736 -15.94785500 68.79382324
v -21.90690613 -18.50215721 69.38954163
v -21.96089172 -18.38381767 69.60521698
v -21.95117569 -18.22417641 69.79977417
v -21.87870979 -18.03886223 69.95417786
v -21.19606590 -19.29793930 70.23484802
v -21.13727760 -19.41387177 70.01912689
v -21.19292831 -19.13809013 70.42945862
v -21.12817192 -18.94997406 70.58390045
v -21.00813484 -18.75200272 70.68305206
v -22.63731194 -17.56003952 68.75995636
v -22.68639755 -17.43949318 68.97557831
v -22.67011452 -17.28033257 69.17008972
v -22.59006119 -17.09813690 69.32445526
v -22.45407104 -16.91074181 69.42356873
v -21.75058746 -17.84601593 70.05331421
v -24.07310104 -15.37229729 59.86446381
v -24.58160782 -14.56835175 66.87118530
v -24.61548233 -14.44241619 67.08664703
v -25.14390182 -13.52191830 66.24159241
v -25.17256355 -13.39460754 66.45700836
v -25.13035965 -13.24004936 66.65133667
v -25.02141953 -13.07337284 66.80555725
v -24.85640717 -12.91089153 66.90457153
v -25.52084923 -12.01065445 66.17582703
v -25.34925461 -11.85512543 66.27481842
v -22.49571228 -10.32305527 66.30892944
v -22.06890106 -11.26172352 66.93869019
v -21.84411049 -11.15338230 66.90457153
v -20.80828094 -12.00387764 67.08664703
v -21.62146187 -11.08968449 66.80555725
v -21.42275429 -11.07686615 66.65133667
v -21.26743698 -11.11618042 66.45700836
v -24.57968521 -14.28630733 67.28102875
v -24.47772217 -14.11530685 67.43527985
v -23.98543739 -15.30964375 67.91071320
v -23.89062309 -15.13461113 68.06501007
v -23.73960686 -14.95907211 68.16407013
v -24.31957245 -13.94615173 67.53432465
v -20.55636024 -13.96522236 68.82796478
v -20.66689301 -12.87578392 68.06501007
v -21.09845924 -13.08442783 68.19820404
v -20.88344383 -12.95779419 68.16407013
v -21.60290718 -12.18272591 67.56845093
v -21.38281250 -12.06513691 67.53432465
v -21.16302299 -11.99221992 67.43527985
v -20.96505356 -11.97111130 67.28102875
v -26.07800102 -13.28579235 89.56810760
v -25.84028816 -13.21005058 89.53362274
v -27.00941849 -12.18711376 89.19581604
v -27.15365601 -12.12333393 89.39218903
v -27.60902023 -10.97961903 88.76390076
v -27.46753120 -11.04940224 88.56757355
v -27.27184677 -11.07881165 88.41177368
v -27.04111862 -11.06496811 88.31173706
v -26.81270218 -12.20831966 89.03997803
v -26.58276176 -12.18487549 88.93991852
v -26.34210587 -12.11907673 88.90544891
v -26.79793739 -11.00922585 88.27726746
v -23.29886627 -11.01064873 88.93991852
v -23.10619354 -10.88297844 89.03997803
v -22.84566689 -11.97629166 89.56810760
v -22.96752357 -10.74184799 89.19581604
v -22.89642906 -10.60107231 89.39218903
v -22.89986992 -10.47443104 89.60986328
v -27.27325439 -8.00469303 63.09360123
v -27.27520752 -7.87378311 63.30875778
v -26.94065857 -9.13971519 63.72320175
v -26.94801140 -9.00908375 63.93841171
v -27.20218468 -7.73085642 63.50285339
v -26.57353973 -10.13077354 64.56806183
v -26.51255798 -9.98243237 64.76225281
v -26.38383293 -9.83040237 64.91635895
v -26.19996262 -9.68956470 65.01530457
v -26.88095284 -8.86332512 64.13255310
v -26.74605179 -8.71670914 64.28662109
v -26.55650902 -8.58358574 64.38554382
v -27.55810356 -6.85782576 62.46400070
v -27.55464554 -6.72686148 62.67910385
v -27.47577667 -6.58701038 62.87314987
v -27.32921410 -6.45196342 63.02714920
v -27.79479599 -5.70111990 61.83439636
v -27.78592682 -5.57032394 62.04944611
v -27.70133972 -5.43378830 62.24345016
v -27.54931450 -5.30487728 62.39740753
v -27.12930679 -6.33493853 63.12602234
v -27.34473228 -5.19621038 62.49625778
v -27.06133270 -7.58990383 63.65688705
v -26.86644173 -7.46472263 63.75578308
v -28.21310043 -2.19220805 59.94557953
v -28.18808365 -2.06325817 60.16047287
v -27.98300552 -4.53659439 61.20479202
v -27.96873283 -4.40619087 61.41979218
v -27.87856865 -4.27320385 61.61374283
v -27.72133636 -4.15065002 61.76766586
v -27.51243019 -4.05052662 61.86648941
v -28.12249184 -3.36627841 60.57518387
v -28.10283470 -3.23649049 60.79013062
v -28.00724030 -3.10727954 60.98403931
v -27.84506798 -2.99129319 61.13792038
v -27.63219070 -2.89988542 61.23672104
v -28.08721733 -1.93804479 60.35432816
v -27.92037773 -1.82882488 60.50817490
v -27.70389557 -1.74628961 60.60695267
v -27.94722366 -0.66526443 59.87842941
v -27.72750473 -0.59174341 59.97718048
v -23.22920036 -8.39940357 65.04940033
v -24.02129936 -5.42376804 63.16009140
v -23.77671242 -5.37426901 63.12602234
v -23.54516602 -5.36766243 63.02714920
v -23.20835876 -5.48145342 62.67910385
v -23.34932518 -5.40459585 62.87314987
v -23.79892349 -6.42535830 63.78985977
v -23.29513741 -7.34817839 64.38554382
v -23.06496620 -7.32231426 64.28662109
v -23.53476524 -7.41781807 64.41963196
v -23.55660820 -6.36573744 63.75578308
v -23.32554817 -6.34948730 63.65688705
v -23.12836266 -6.37819958 63.50285339
v -22.07172775 -9.29017448 65.19770813
v -22.88267517 -9.36838531 65.67916107
v -22.64966011 -9.27908611 65.64505768
v -22.42246246 -9.23414803 65.54608917
v -22.26661110 -10.22414970 66.27481842
v -22.04149246 -10.16978359 66.17582703
v -21.84239388 -10.16527939 66.02164459
v -22.22332001 -9.23796844 65.39194489
v -22.99267387 -8.31986523 65.01530457
v -22.76379013 -8.28443241 64.91635895
v -22.56495285 -8.29657364 64.76225281
v -22.41562653 -8.35510159 64.56806183
v -21.68880272 -10.21107769 65.82736206
v -22.98435211 -6.44906330 63.30875778
v -22.86678123 -7.34275770 64.13255310
v -22.71998405 -7.40750742 63.93841171
v -24.20158958 -4.41480303 62.53031540
v -23.95515633 -4.37551165 62.49625778
v -23.72352600 -4.37856102 62.39740753
v -23.39169502 -4.50637436 62.04944611
v -23.52936935 -4.42365360 62.24345016
v -23.53413010 -3.52553296 61.41979218
v -23.66827011 -3.43708944 61.61374283
v -24.33956528 -3.40022945 61.90054321
v -24.09171104 -3.37121367 61.86648941
v -23.86039925 -3.38391471 61.76766586
v -24.43507385 -2.38181901 61.27076721
v -24.48803329 -1.36134636 60.64098740
v -24.49843788 -0.34058681 60.01120758
v -24.18622589 -2.36312890 61.23672104
v -23.95563316 -2.38546038 61.13792038
v -23.76586723 -2.44662714 60.98403931
v -24.23862457 -1.35301471 60.60695267
v -24.00915146 -1.38493848 60.50817490
v -23.82208061 -1.45399296 60.35432816
v -23.63550186 -2.54064202 60.79013062
v -23.69572067 -1.55341840 60.16047287
v -24.24889755 -0.34262800 59.97718048
v -24.02094460 -0.38408971 59.87842941
v -28.23958206 -8.72494793 87.31110382
v -28.37482834 -8.64352226 87.50734711
v -28.39764214 -6.43485308 85.79901123
v -28.84369850 -5.21555328 85.27075958
v -29.02915001 -5.14614582 85.42639923
v -28.61505127 -5.24974871 85.17083740
v -28.36559486 -5.24538517 85.13640594
v -28.55235863 -7.54224682 86.68286896
v -28.36180878 -7.59591532 86.52716064
v -28.68412399 -7.45520258 86.87906647
v -28.62750435 -6.41021442 85.89896393
v -28.94371986 -6.25611019 86.25078583
v -28.81567001 -6.34862423 86.05463409
v -27.45236969 -9.92802238 87.68355560
v -27.20707893 -9.88243389 87.64909363
v -27.87779236 -9.89467716 87.93933868
v -28.01628304 -9.81900787 88.13562012
v -27.68348122 -9.93224144 87.78356934
v -28.04698372 -8.77060318 87.15536499
v -27.81588554 -8.77601719 87.05537415
v -27.56891251 -8.74066162 87.02091980
v -28.14858437 -6.42012691 85.76457214
v -28.13113022 -7.61095428 86.42719269
v -27.88289833 -7.58589172 86.39274597
v -29.15325737 -5.04832077 85.62251282
v -29.19251823 -3.93688989 84.79817200
v -29.01010132 -4.01399517 84.64256287
v -28.78306961 -4.05768919 84.54266357
v -28.53364754 -4.06369591 84.50823975
v -29.12651825 -2.80761218 84.01436615
v -28.90149498 -2.86073017 83.91448975
v -28.65253639 -2.87709665 83.88007355
v -29.31246185 -3.83392191 84.99423981
v -29.42114639 -2.61500764 84.36596680
v -29.30557823 -2.72294188 84.16993713
v -29.47920799 -1.39367735 83.73769379
v -29.48663712 -0.17203067 83.10942841
v -29.36822128 -1.50639200 83.54170990
v -29.19283104 -1.59848166 83.38617706
v -28.97020912 -1.66093206 83.28631592
v -28.72214317 -1.68763006 83.25190735
v -29.20901489 -0.38868174 82.75798035
v -29.38042831 -0.28933132 82.91348267
v -28.98917961 -0.46035674 82.65814209
v -28.74243546 -0.49734035 82.62374115
v -24.41156387 -8.01880264 87.05537415
v -24.08240509 -9.03017616 87.68355560
v -23.71132088 -10.02803802 88.31173706
v -23.51352882 -9.90843678 88.41177368
v -23.36913872 -9.77312565 88.56757355
v -23.29228592 -9.63534832 88.76390076
v -23.29049301 -9.50859261 88.98153687
v -24.20455170 -7.91594028 87.15536499
v -24.04946327 -7.79295063 87.31110382
v -23.87982941 -8.91884899 87.78356934
v -23.72996521 -8.78958797 87.93933868
v -23.64748001 -8.65504551 88.13562012
v -23.64044952 -8.52839088 88.35321045
v -24.94225121 -5.96257019 85.79901123
v -24.69831657 -6.99567556 86.42719269
v -24.48721886 -6.90145493 86.52716064
v -24.72743225 -5.87715292 85.89896393
v -24.56269455 -5.76732779 86.05463409
v -24.46416855 -5.64384556 86.25078583
v -24.44149399 -5.51879311 86.46823120
v -23.96148300 -7.66187239 87.50734711
v -23.94922066 -7.53553629 87.72488403
v -24.32717133 -6.78494740 86.68286896
v -24.23384094 -6.65755796 86.87906647
v -24.21636009 -6.53175592 87.09655762
v -25.14303780 -4.92127657 85.17083740
v -25.30041504 -3.87359333 84.54266357
v -24.92486191 -4.84480906 85.27075958
v -24.75571442 -4.74185467 85.42639923
v -24.65215492 -4.62249088 85.62251282
v -24.62431908 -4.49840260 85.83991241
v -25.41419983 -2.82132792 83.91448975
v -25.19043541 -2.76313901 84.01436615
v -25.07925606 -3.80620718 84.64256287
v -25.01333427 -2.67444468 84.16993713
v -24.90598488 -3.71030045 84.79817200
v -24.79756546 -3.59526062 84.99423981
v -24.76460838 -3.47234917 85.21158600
v -24.90023422 -2.56392670 84.36596680
v -25.48428345 -1.76629162 83.28631592
v -25.25829315 -1.71740019 83.38617706
v -25.07766342 -1.63607085 83.54170990
v -24.96007156 -1.53026485 83.73769379
v -24.91702843 -1.41033924 83.95494843
v -24.86220551 -2.44240355 84.58326721
v -25.51062965 -0.71029651 82.65814209
v -25.28280258 -0.67078686 82.75798035
v -25.09894753 -0.59696299 82.91348267
v -24.97706032 -0.49605140 83.10942841
v -24.92907333 -0.37792999 83.32662964
v -25.95254517 -14.40358925 90.45230103
v -25.75479698 -14.40829754 90.29639435
v -26.10151100 -14.35212994 90.64875793
v -26.65089226 -13.24815941 90.02046967
v -26.50415993 -13.30582714 89.82405853
v -26.30675507 -13.31879520 89.66818237
v -26.98787117 -12.58922863 97.09004974
v -27.89310837 -10.28683567 95.83098602
v -27.46462440 -11.44696331 96.46051788
v -27.47848511 -11.32119751 96.67829132
v -27.41924858 -11.17514992 96.87474060
v -27.29270935 -11.02311516 97.03064728
v -25.89262390 -14.81216908 98.34909821
v -25.92186737 -14.68931484 98.56700897
v -25.88111115 -14.53723431 98.76358795
v -25.77434158 -14.37081337 98.91959381
v -26.46359444 -13.71162319 97.71957397
v -26.48775673 -13.58758736 97.93743896
v -26.44075966 -13.43726254 98.13397980
v -26.32720566 -13.27536392 98.28994751
v -26.15821075 -13.11773872 98.39009094
v -27.00690269 -12.46422195 97.30786133
v -26.95374298 -12.31590939 97.50436401
v -27.11125755 -10.87997723 97.13074493
v -26.83359528 -12.15880871 97.66030121
v -26.65822220 -12.00829792 97.76042175
v -23.45633125 -18.52136421 93.16191101
v -23.10540771 -18.51899910 92.80924988
v -23.30107880 -18.54724121 92.96528625
v -25.50638199 -15.43331242 91.27703857
v -25.35544205 -15.47847748 91.08054352
v -25.15769577 -15.47492123 90.92460632
v -24.93250084 -15.42299175 90.82448578
v -24.86644554 -16.48981094 91.90532684
v -24.71379852 -16.52860641 91.70879364
v -24.51639938 -16.51679420 91.55281830
v -24.02864265 -17.55212784 92.33703613
v -23.83193588 -17.53208160 92.18103027
v -24.18272781 -17.51976585 92.53361511
v -23.61186409 -17.46158981 92.08087158
v -23.38996887 -17.34755325 92.04635620
v -24.29357338 -16.45553017 91.45267487
v -24.06713104 -16.35081100 91.41816711
v -22.12456703 -19.38723755 93.33725739
v -21.91290855 -19.25517082 93.30273438
v -22.88847160 -18.43940353 92.70906067
v -22.67150688 -18.31624413 92.67454529
v -22.68843269 -19.49283600 93.79019928
v -22.53228378 -19.51218605 93.59353638
v -21.88027954 -20.43245888 94.41849518
v -22.33798790 -19.47579956 93.43746185
v -21.72350883 -20.44525337 94.22178650
v -21.53092957 -20.40078735 94.06568146
v -21.32139015 -20.30341530 93.96545410
v -21.11540413 -20.16266823 93.93092346
v -20.64043808 -15.63583088 92.08087158
v -23.90905571 -17.96347618 100.23767090
v -23.16121864 -18.95759392 100.86719513
v -23.21014786 -18.84151459 101.08528900
v -23.19488907 -18.68501854 101.28203583
v -23.11693954 -18.50341988 101.43817139
v -24.61432266 -16.93998146 99.60814667
v -24.65355492 -16.82011032 99.82614899
v -24.62545967 -16.66529465 100.02281189
v -25.31013870 -15.76745892 99.19657898
v -25.27586937 -15.88892365 98.97863007
v -25.27568626 -15.61388016 99.39320374
v -25.17588425 -15.44322205 99.54924011
v -24.53279114 -16.49069023 100.17888641
v -24.38461494 -16.31338692 100.27909088
v -23.95317650 -17.84540367 100.45571899
v -23.93148422 -17.68961525 100.65242767
v -23.84610367 -17.51136208 100.80853271
v -23.70538902 -17.32809258 100.90876007
v -22.42568016 -19.80667114 101.71485138
v -22.37203598 -19.92055893 101.49671173
v -22.41687965 -19.64973068 101.91164398
v -22.34649086 -19.46509743 102.06781006
v -22.22140884 -19.27084541 102.16808319
v -22.98392677 -18.31449699 101.53842163
v -21.53602791 -20.39467621 102.69744873
v -21.41908646 -20.19542694 102.79774475
v -20.55510902 -16.17189217 101.57295990
v -25.52762604 -14.36579514 90.19629669
v -25.29326630 -14.28024101 90.16180420
v -24.70190048 -15.32777405 90.78998566
v -21.81989861 -13.84994316 90.82448578
v -22.35242081 -12.92327690 90.19629669
v -21.24893570 -14.75465965 91.45267487
v -21.07994080 -14.59703445 91.55281830
v -20.96638680 -14.43513584 91.70879364
v -20.91939163 -14.28481102 91.90532684
v -20.94355202 -14.16077518 92.12319183
v -21.64452553 -13.69943237 90.92460632
v -21.52437782 -13.54233170 91.08054352
v -21.47121811 -13.39401913 91.27703857
v -21.49024963 -13.26901245 91.49485779
v -22.65844536 -11.84077168 89.66818237
v -22.52572823 -11.69406414 89.82405853
v -22.46050835 -11.55052948 90.02046967
v -22.17096901 -12.78013897 90.29639435
v -22.04442978 -12.62810516 90.45230103
v -21.98519325 -12.48205757 90.64875793
v -21.99905396 -12.35629177 90.86652374
v -22.46917152 -11.42421913 90.23819733
v -25.02050018 -15.27218914 99.64942932
v -25.61201477 -14.20634365 99.01976013
v -23.77621841 -10.53046799 97.79492188
v -23.34001732 -11.52158737 98.42459869
v -23.11357307 -11.41686916 98.39009094
v -23.54561996 -10.43524933 97.76042175
v -23.12267876 -10.37976360 97.50436401
v -23.32042503 -10.38331985 97.66030121
v -21.78649330 -14.37956238 100.31362152
v -22.34436798 -13.44784355 99.68394470
v -22.12740326 -13.32468510 99.64942932
v -21.91046715 -13.24508858 99.54924011
v -21.57483482 -14.24749565 100.27909088
v -21.36141205 -14.15893364 100.17888641
v -21.16711807 -14.12254715 100.02281189
v -20.77422714 -15.04999924 100.80853271
v -20.58164787 -15.00553322 100.65242767
v -21.01096916 -14.14189720 99.82614899
v -21.71479607 -13.21684742 99.39320374
v -21.55954361 -13.24272346 99.19657898
v -21.18975258 -15.28811932 100.94329071
v -20.98376656 -15.14737129 100.90876007
v -22.42051506 -12.31009197 98.91959381
v -22.22380829 -12.29004669 98.76358795
v -22.06972313 -12.32240868 98.56700897
v -22.86248207 -12.49462032 99.05427551
v -22.64058685 -12.38058376 99.01976013
v -22.54070282 -11.38258839 97.93743896
v -22.89074707 -11.35560513 98.28994751
v -22.69334984 -11.34379292 98.13397980
v -22.97173882 -10.42492867 97.30786133
v -28.27266502 -9.11088276 95.20145416
v -28.27610588 -8.98424149 95.41913605
v -28.60271645 -7.92116547 94.57192230
v -28.60092354 -7.79440975 94.78955841
v -28.20501137 -8.84346581 95.61550140
v -29.11244583 -5.50877619 93.31285858
v -28.88277626 -6.71976376 93.94239044
v -28.87574768 -6.59311008 94.15997314
v -28.52407074 -7.65663242 94.98588562
v -28.37968063 -7.52132082 95.14168549
v -28.79326248 -6.45856714 94.35626221
v -29.10018349 -5.38244009 93.53039551
v -29.01220322 -5.25136185 93.72663116
v -28.85711479 -5.12837219 93.88237000
v -28.64339638 -6.32930565 94.51203156
v -28.44082069 -6.21797848 94.61204529
v -27.90177155 -10.16052437 96.04871368
v -27.83655167 -10.01699066 96.24512482
v -27.70383453 -9.87028313 96.40100098
v -27.51661301 -9.73476315 96.50107574
v -28.06634140 -8.70233536 95.77134705
v -27.87366867 -8.57466507 95.87139893
v -28.18188858 -7.40172005 95.24172211
v -29.29140854 -4.29031324 92.68331909
v -29.27392960 -4.16451120 92.90081024
v -29.18059731 -4.03712177 93.09700775
v -29.02054977 -3.92061448 93.25271606
v -29.41944313 -3.06649518 92.05377960
v -29.39676857 -2.94144273 92.27122498
v -29.29824066 -2.81796026 92.46737671
v -29.13350487 -2.70813513 92.62305450
v -28.91868401 -2.62271762 92.72299957
v -28.80945396 -3.82639384 93.35268402
v -28.65010262 -5.02550983 93.98236084
v -29.49641037 -1.83944774 91.42424011
v -29.52226830 -0.61129928 90.79470062
v -29.48930931 -0.48838773 91.01204681
v -29.46857452 -1.71535933 91.64163971
v -29.36501503 -1.59599578 91.83775330
v -29.19586945 -1.49304128 91.99338531
v -28.97769165 -1.41657376 92.09331512
v -29.38088989 -0.37334809 91.20812225
v -29.20761871 -0.27744117 91.36372375
v -28.98645973 -0.21005505 91.46363068
v -25.71235275 -2.16516113 92.75743866
v -25.75513458 -1.09246492 92.12774658
v -25.75322723 -0.01995252 91.49805450
v -24.52199173 -8.50100422 96.53556061
v -23.70888138 -9.39495659 97.03064728
v -23.51113319 -9.39966488 96.87474060
v -23.36216736 -9.45112419 96.67829132
v -23.71138763 -8.46289444 96.04871368
v -24.28427887 -8.42526245 96.50107574
v -24.05552483 -8.39225960 96.40100098
v -23.85811996 -8.40522671 96.24512482
v -25.09527397 -6.42053175 95.27619171
v -24.83042908 -7.46623755 95.90587616
v -24.58977318 -7.40043879 95.87139893
v -24.35983276 -7.37699461 95.77134705
v -25.31614876 -5.36572123 94.64650726
v -25.07085800 -5.32013273 94.61204529
v -24.62136459 -6.35094643 95.14168549
v -24.42567825 -6.38035536 94.98588562
v -24.50694275 -5.42914677 94.15997314
v -24.83974648 -5.31591415 94.51203156
v -24.64543343 -5.35347748 94.35626221
v -24.85209084 -6.36478996 95.24172211
v -24.28418922 -6.45013905 94.78955841
v -24.16311646 -7.39820051 95.61550140
v -24.01887894 -7.46197987 95.41913605
v -24.17041206 -9.52301407 97.16523743
v -23.93605232 -9.43745995 97.13074493
v -25.37664032 -3.21111512 93.35268402
v -25.14595985 -3.22615409 93.25271606
v -24.95541191 -3.27982235 93.09700775
v -24.82364655 -3.36686683 92.90081024
v -25.49275398 -4.30365133 94.01681519
v -25.24578094 -4.26829529 93.98236084
v -25.01468468 -4.27370977 93.88237000
v -24.68683815 -4.40079069 93.53039551
v -24.82208443 -4.31936455 93.72663116
v -25.62487030 -3.23617768 93.38713074
v -25.46329308 -2.15043521 92.72299957
v -25.23343086 -2.17507339 92.62305450
v -25.04526520 -2.23666406 92.46737671
v -24.91721535 -2.32917786 92.27122498
v -24.96747208 -1.28952944 91.64163971
v -25.50380516 -0.02595914 91.46363068
v -25.27677345 -0.06965352 91.36372375
v -25.09435654 -0.14675854 91.20812225
v -24.97441292 -0.24972665 91.01204681
v -25.50567818 -1.08810151 92.09331512
v -25.09157944 -1.19170439 91.83775330
v -25.27703285 -1.12229717 91.99338531
v -19.49763489 -20.93439484 63.43922043
v -19.30604744 -20.88066292 63.28481674
v -19.10144424 -20.77229691 63.18568039
v -18.90385437 -20.61990356 63.15152359
v -19.65745163 -20.92823219 63.63378143
v -18.79073524 -21.74280930 64.26200104
v -18.63085747 -21.74227715 64.06739807
v -18.44170952 -21.68059540 63.91295624
v -18.24180984 -21.56380081 63.81380081
v -18.05072212 -21.40332794 63.77963257
v -16.79831123 -23.24894905 65.32376099
v -16.95747375 -23.26284218 65.51845551
v -16.61502838 -23.17171097 65.16924286
v -15.99396324 -23.96555710 66.14669037
v -15.83557701 -23.94502068 65.95194244
v -15.65570641 -23.86020279 65.79739380
v -15.47195816 -23.71940613 65.69816589
v -17.73058701 -22.51425743 64.69557953
v -17.89024734 -22.52147865 64.89022827
v -17.54420853 -22.44473648 64.54109955
v -17.34935760 -22.31971931 64.44191742
v -17.16510582 -22.15144348 64.40774536
v -16.42556381 -23.03868675 65.07004547
v -16.24846649 -22.86289978 65.03585815
v -19.55356026 -21.02907944 71.49411774
v -19.56356812 -20.86962509 71.68881989
v -19.48549461 -21.13962173 71.27829742
v -19.51453972 -20.67686844 71.84333038
v -18.60607147 -21.95055199 71.90787506
v -18.67859650 -21.84298325 72.12375641
v -18.69515228 -21.68413162 72.31849670
v -18.65411568 -21.48954582 72.47304535
v -18.55950356 -21.27827454 72.57227325
v -16.74747849 -23.46118736 73.16703796
v -16.82852745 -23.36010361 73.38301086
v -16.85806847 -23.20326042 73.57785034
v -15.85651588 -24.06055832 74.01264191
v -15.77141666 -24.15814781 73.79661560
v -15.89247131 -23.90511894 74.20751953
v -15.87576199 -23.70704079 74.36218262
v -15.80802441 -23.48571396 74.46147919
v -17.69289017 -22.72487450 72.53746033
v -17.76974678 -22.62046242 72.75338745
v -17.79281616 -22.46248055 72.94817352
v -17.75984001 -22.26639748 73.10276031
v -17.67404556 -22.05140495 73.20201111
v -16.83320427 -23.00601196 73.73246765
v -16.75637245 -22.78766441 73.83174133
v -12.93527889 -25.82940483 68.03137970
v -12.61309624 -25.68262672 67.68184662
v -12.78087521 -25.78922844 67.83650208
v -11.86534786 -26.36545563 68.65962219
v -11.71281433 -26.31886864 68.46469116
v -11.54965973 -26.20536423 68.30999756
v -11.39185429 -26.03605270 68.21067810
v -11.25484562 -25.82750893 68.17645264
v -10.46454430 -26.68404961 68.93815613
v -10.31393814 -26.50831795 68.83881378
v -10.77318954 -26.85717010 69.28785706
v -10.62279129 -26.80425644 69.09288025
v -14.84398270 -24.60121155 66.58013153
v -15.00131512 -24.62835121 66.77491760
v -14.66783810 -24.50896454 66.42554474
v -14.49012470 -24.36063957 66.32629395
v -15.30231953 -23.53641319 65.66397858
v -14.32823753 -24.17075539 66.29209137
v -13.82518101 -25.21632385 67.20831299
v -13.65306950 -25.11681175 67.05369568
v -13.48169899 -24.96121597 66.95442200
v -13.32784367 -24.76476860 66.92021179
v -13.30897617 -20.98366356 65.69816589
v -13.21436501 -20.77239227 65.79739380
v -13.17332840 -20.57780647 65.95194244
v -11.55305290 -22.05551338 66.95442200
v -12.44254589 -21.53748512 66.32629395
v -12.35675240 -21.32249260 66.42554474
v -12.32377529 -21.12640762 66.58013153
v -12.34684372 -20.96842766 66.77491760
v -12.42370033 -20.86401367 66.99084473
v -11.47622108 -21.83716774 67.05369568
v -11.45135880 -21.63991928 67.20831299
v -13.98118591 -25.25001335 67.40315247
v -14.76634407 -24.81447792 74.42619324
v -14.85534286 -24.72054863 74.64226532
v -14.14719105 -20.70514488 74.49568939
v -14.00163364 -20.50247383 74.46147919
v -12.44836521 -25.52003098 67.58255005
v -12.30280781 -25.31735992 67.54833221
v -11.56194782 -21.38199043 67.61912537
v -10.64197445 -22.53678894 67.58255005
v -10.57423687 -22.31546402 67.68184662
v -10.59348297 -21.96194458 68.03137970
v -10.55752754 -22.11738586 67.83650208
v -10.67858219 -21.86435699 68.24741364
v -11.48089790 -21.48307610 67.40315247
v -12.67607403 -20.75922966 74.64226532
v -12.82707691 -25.76466370 76.09653473
v -12.67598629 -26.00049210 75.68534088
v -12.77230835 -25.91433716 75.90151978
v -11.69396591 -26.44592285 76.53113556
v -11.59423256 -26.52797318 76.31491089
v -11.75482559 -26.29868126 76.72620392
v -11.77085304 -26.10065842 76.88100433
v -11.74048138 -25.87124062 76.98039246
v -10.59349728 -26.93261337 77.16075897
v -10.49052715 -27.01042366 76.94448090
v -10.66034031 -26.78804970 77.35586548
v -10.68451405 -26.59088516 77.51070404
v -10.66365147 -26.36041641 77.61011505
v -14.89764881 -24.56677055 74.83719635
v -14.88911915 -24.36820030 74.99188995
v -14.83059025 -24.14427567 75.09120941
v -13.82669544 -25.33885574 75.27189636
v -13.87527561 -25.18700218 75.46686554
v -13.73395252 -25.42897224 75.05576324
v -13.87493801 -24.98827744 75.62159729
v -13.82571602 -24.76213264 75.72093964
v -12.83492947 -25.56612206 76.25129700
v -13.28657627 -21.29717827 75.12543488
v -13.14956760 -21.08863449 75.09120941
v -12.99176216 -20.91932297 74.99188995
v -12.82860756 -20.80581856 74.83719635
v -12.79509926 -25.33814621 76.35066223
v -12.40118122 -21.85341454 75.75517273
v -12.27295876 -21.63935852 75.72093964
v -11.96410465 -21.34342003 75.46686554
v -11.81370735 -21.29050636 75.27189636
v -12.12235260 -21.46362495 75.62159729
v -11.49249744 -22.37281799 76.38490295
v -11.37328148 -22.15361786 76.35066223
v -11.23013496 -21.97177124 76.25129700
v -10.92907047 -21.78593254 75.90151978
v -11.07707024 -21.84507370 76.09653473
v -10.56205654 -22.85441208 77.01464081
v -10.45205402 -22.63044930 76.98039246
v -10.31661510 -22.44280052 76.88100433
v -9.66064072 -27.30362511 69.91609192
v -9.51264095 -27.24448204 69.72107697
v -9.35957623 -27.11778641 69.56630707
v -9.21643066 -26.93593788 69.46694183
v -10.18571568 -26.29426003 68.80458069
v -9.09721470 -26.71673775 69.43270874
v -8.38423538 -27.63871193 70.34927368
v -8.52957916 -27.70397377 70.54433441
v -8.23661900 -27.50574875 70.19446564
v -8.10118008 -27.31810188 70.09507751
v -7.99117756 -27.09413719 70.06083679
v -6.21959305 -28.36336327 71.80081940
v -6.08031321 -28.28622437 71.60566711
v -7.09756804 -27.84718895 70.82263184
v -6.97007227 -27.65406990 70.72322083
v -6.86947203 -27.42572784 70.68896484
v -7.38191509 -28.05744934 71.17257690
v -7.23947954 -27.98618507 70.97747040
v -5.82501984 -27.94318390 71.35135651
v -5.94435263 -28.14144135 71.45079041
v -5.73399639 -27.71086121 71.31709290
v -8.76118088 -23.38554382 68.83881378
v -8.71195889 -23.15939903 68.93815613
v -7.79461288 -23.75141144 69.46694183
v -7.75478220 -23.52343559 69.56630707
v -7.76263523 -23.32489204 69.72107697
v -7.81740332 -23.17521858 69.91609192
v -7.91372585 -23.08906555 70.13227081
v -9.71083164 -22.98041153 68.21067810
v -9.65230179 -22.75648499 68.30999756
v -9.64377308 -22.55791473 68.46469116
v -9.77507782 -22.31020737 68.87569427
v -9.68607807 -22.40413857 68.65962219
v -8.71162128 -22.96067238 69.09288025
v -8.76020145 -22.80882072 69.28785706
v -8.85294437 -22.71870422 69.50398254
v -6.81275320 -24.07730865 70.09507751
v -6.78238106 -23.84789085 70.19446564
v -6.79840899 -23.64986992 70.34927368
v -6.95900154 -23.42057800 70.76055908
v -6.85926819 -23.50262642 70.54433441
v -5.81725550 -24.36259651 70.72322083
v -5.79639244 -24.13212967 70.82263184
v -5.99037886 -23.71258926 71.38884735
v -5.82056570 -23.93496323 70.97747040
v -5.88740873 -23.79039955 71.17257690
v -4.90870142 -28.53823280 72.23386383
v -5.04458380 -28.62110519 72.42906189
v -4.77892780 -28.38791656 72.07895660
v -3.85888505 -28.83015060 73.05730438
v -3.60327387 -28.58610725 72.70712280
v -3.50087285 -28.37862015 72.60764313
v -3.72663641 -28.74169350 72.86206055
v -2.66451597 -28.99005508 73.68555450
v -4.66796494 -28.18486786 71.97949982
v -4.58667517 -27.94896317 71.94522858
v -3.42945719 -28.13954353 72.57336426
v -2.53612995 -28.89617348 73.49026489
v -2.32573032 -28.52402496 73.23578644
v -2.41939235 -28.73558998 73.33528900
v -2.26431203 -28.28218651 73.20149994
v -1.33921301 -29.00131989 74.11846924
v -1.46351409 -29.10045815 74.31379700
v -1.22930229 -28.83602142 73.96345520
v -1.14454103 -28.62074661 73.86392975
v -1.09322608 -28.37656593 73.82963562
v -0.03503665 -28.88714409 74.59162903
v -4.80979967 -24.60670471 71.35135651
v -4.79848099 -24.37557983 71.45079041
v -4.83075619 -24.17960739 71.60566711
v -4.90346622 -24.03796387 71.80081940
v -5.00949287 -23.96451950 72.01714325
v -4.01800346 -24.17585182 72.64543915
v -3.90910435 -24.24481201 72.42906189
v -3.79209042 -24.80912781 71.97949982
v -3.79033494 -24.57774353 72.07895660
v -3.83065510 -24.38329506 72.23386383
v -2.76585364 -24.96943855 72.60764313
v -2.77366328 -24.73818970 72.70712280
v -3.01759148 -24.34614182 73.27372742
v -2.90600967 -24.41050339 73.05730438
v -2.82195783 -24.54559326 72.86206055
v -2.00995708 -24.47500801 73.90203094
v -1.73283267 -25.08727455 73.23578644
v -1.80637789 -24.66614151 73.49026489
v -1.75019336 -24.85655594 73.33528900
v -1.89588630 -24.53466797 73.68555450
v -0.69478643 -25.16235161 73.86392975
v -0.99681658 -24.56214714 74.53032684
v -0.72166777 -24.93255615 73.96345520
v -0.78564453 -24.74464607 74.11846924
v -0.88045436 -24.61701202 74.31379700
v -9.47277260 -27.37348938 77.79038239
v -9.36674500 -27.44693375 77.57405090
v -9.54548168 -27.23184776 77.98552704
v -9.57775688 -27.03587341 78.14040375
v -9.56643867 -26.80475044 78.23983765
v -8.33369827 -27.76770782 78.41999817
v -8.22479916 -27.83666611 78.20362091
v -8.41214752 -27.62922478 78.61519623
v -8.45246792 -27.43477440 78.77010345
v -8.45071220 -27.20339012 78.86956024
v -6.09782076 -28.28172112 79.87451172
v -6.00831223 -28.41319275 79.67922974
v -5.89424133 -28.47285461 79.46275330
v -7.06663847 -28.17886353 78.83318329
v -7.26227236 -27.97941208 79.24485779
v -7.17822027 -28.11450195 79.04961395
v -7.31056643 -27.78681564 79.39979553
v -7.31837606 -27.55556679 79.49927521
v -6.15400505 -28.09130478 80.02949524
v -6.17136574 -27.86058807 80.12899780
v -9.61143398 -23.29728508 77.64437103
v -9.51083374 -23.06894493 77.61011505
v -8.64224243 -23.70059204 78.27410126
v -8.55121803 -23.46826935 78.23983765
v -8.43188572 -23.27001190 78.14040375
v -8.29592514 -23.12522888 77.98552704
v -10.02365494 -22.24457550 76.53113556
v -10.16899967 -22.30983925 76.72620392
v -9.24142647 -22.73682976 77.35586548
v -9.09899139 -22.66556358 77.16075897
v -9.38333797 -22.87582397 77.51070404
v -8.15664577 -23.04809189 77.79038239
v -7.19821930 -23.39141273 78.41999817
v -6.65477276 -24.38546181 79.53355408
v -7.65612793 -24.06355476 78.90383148
v -7.57483816 -23.82765007 78.86956024
v -7.46387529 -23.62460136 78.77010345
v -7.33410120 -23.47428513 78.61519623
v -6.58335686 -24.14638519 79.49927521
v -6.48095608 -23.93889809 79.39979553
v -5.63988638 -24.66567421 80.16328430
v -5.57846785 -24.42383766 80.12899780
v -6.35759354 -23.78331184 79.24485779
v -6.22534466 -23.69485474 79.04961395
v -5.48480606 -24.21227264 80.02949524
v -5.36806822 -24.05168915 79.87451172
v -5.23968220 -23.95780754 79.67922974
v -4.70961571 -28.71804428 80.09231567
v -4.92078781 -28.53554535 80.50417328
v -4.82597780 -28.66317940 80.30883789
v -4.98476458 -28.34763336 80.65918732
v -3.63324618 -28.86394501 80.93845367
v -3.51479411 -28.91392326 80.72187805
v -3.73319316 -28.74036217 81.13382721
v -3.80485153 -28.55527306 81.28887939
v -3.84120679 -28.32679558 81.38842773
v -2.61629438 -28.71377754 81.91856384
v -2.66206074 -28.48700905 82.01813507
v -5.01164579 -28.11783981 80.75871277
v -0.25793168 -29.16108704 74.94204712
v -0.13793033 -29.05686569 74.74667358
v -2.43216705 -29.01505470 81.56806183
v -2.31182933 -29.06007195 81.35144043
v -2.53707838 -28.89573097 81.76348114
v -1.10279298 -29.15614891 81.98100281
v -1.33450329 -29.00129700 82.39313507
v -1.42114019 -28.82279015 82.54825592
v -1.47623849 -28.59811592 82.64785004
v -1.22480834 -29.11616516 82.19766998
v -0.01325252 -29.16701317 82.82727814
v -0.12754205 -29.05679512 83.02278900
v -0.22145073 -28.88203430 83.17794037
v -0.28578609 -28.65983963 83.27755737
v -4.61320639 -24.90362549 80.79300690
v -4.56189108 -24.65944481 80.75871277
v -4.47712994 -24.44417000 80.65918732
v -4.36721945 -24.27887154 80.50417328
v -4.24291801 -24.17973137 80.30883789
v -3.57649302 -25.09881592 81.42272949
v -3.23676085 -24.36016083 80.93845367
v -3.35676241 -24.46438217 81.13382721
v -3.53537011 -24.85271454 81.38842773
v -3.45965600 -24.63410378 81.28887939
v -2.53152895 -25.25082397 82.05244446
v -2.50066876 -25.00322723 82.01813507
v -2.43413258 -24.78166008 81.91856384
v -2.33843350 -24.60781097 81.76348114
v -2.22293925 -24.49869728 81.56806183
v -1.48011351 -25.35930061 82.68216705
v -1.45956933 -25.11063766 82.64785004
v -1.40232587 -24.88650131 82.54825592
v -1.31398654 -24.70882988 82.39313507
v -1.20319843 -24.59501648 82.19766998
v -0.42406100 -25.42397499 83.31188202
v -0.41386828 -25.17467499 83.27755737
v -0.28518859 -24.76717377 83.02278900
v -0.17929764 -24.64886284 82.82727814
v -0.36601609 -24.94835472 83.17794037
v -18.27258492 -23.83994865 96.93167877
v -18.11608124 -23.82645416 96.73480988
v -19.60254478 -22.03434563 95.22185516
v -19.40895844 -21.87697983 95.18730927
v -20.14856720 -22.20954514 95.67507935
v -19.99138069 -22.20918465 95.47829437
v -19.22785759 -23.04383850 96.30338287
v -19.80323410 -22.14881516 95.32212067
v -20.48025703 -21.18630981 94.59365845
v -20.28029823 -21.03712463 94.55911255
v -19.07087517 -23.03690147 96.10655212
v -18.88543892 -22.96873474 95.95034790
v -18.68970108 -22.84600639 95.85005951
v -18.50282097 -22.68073463 95.81549835
v -17.93367767 -23.75060844 96.57856750
v -17.74323082 -23.61983871 96.47826385
v -17.56338120 -23.44694328 96.44369507
v -16.59219360 -24.17422867 97.07189178
v -15.41949081 -21.01926041 96.47826385
v -18.90032959 -23.32408142 104.23310852
v -18.91734886 -23.16802597 104.43005371
v -18.82886505 -23.42733383 104.01478577
v -19.76974678 -22.60561943 103.38526917
v -19.83692932 -22.49943733 103.60354614
v -19.84751511 -22.34276009 103.80045319
v -19.80046844 -22.15092850 103.95672607
v -19.70039558 -21.94271660 104.05705261
v -17.28433418 -24.59644508 97.55997467
v -17.12858200 -24.57641983 97.36306763
v -16.94953156 -24.49303246 97.20679474
v -16.76470375 -24.35444641 97.10646820
v -16.11002159 -25.28544235 97.99132538
v -16.26474762 -25.31196213 98.18827820
v -15.93463230 -25.19466209 97.83502197
v -15.75574684 -25.04850197 97.73467255
v -15.59087563 -24.86127090 97.70009613
v -15.21552563 -25.98519707 98.81658173
v -15.06209660 -25.95223808 98.61959076
v -14.89067459 -25.85422134 98.46325684
v -14.71803951 -25.70074272 98.36287689
v -14.13842392 -26.61492729 99.44488525
v -12.88520718 -27.15435028 99.87611389
v -13.03524494 -27.19999313 100.07318878
v -13.50456333 -26.10970688 98.95649719
v -13.98655796 -26.57558823 99.24784851
v -13.81940079 -26.47051048 99.09148407
v -13.65331745 -26.30997849 98.99108887
v -10.75811481 -28.23189354 101.32980347
v -12.72260761 -27.04239464 99.71971893
v -11.90784359 -27.73931694 100.70149231
v -11.60213375 -27.56881905 100.34794617
v -11.75989532 -27.68745041 100.50437927
v -12.56336212 -26.87508965 99.61930084
v -12.42305851 -26.66881180 99.58470154
v -11.45000267 -27.39503098 100.24751282
v -11.31839275 -27.18310165 100.21290588
v -10.61251450 -28.17390060 101.13264465
v -10.45986557 -28.04879761 100.97618103
v -10.31511211 -27.86883163 100.87572479
v -15.31089020 -20.81535530 96.57856750
v -15.25596809 -20.62560081 96.73480988
v -14.56109142 -25.50682449 98.32829285
v -14.55089188 -21.65967178 97.10646820
v -14.45081806 -21.45145988 97.20679474
v -14.40377140 -21.25962639 97.36306763
v -14.41435719 -21.10295105 97.55997467
v -14.48154068 -20.99676895 97.77825165
v -13.65567684 -22.26417351 97.73467255
v -13.56429958 -22.05201149 97.83502197
v -13.52520657 -21.85842705 97.99132538
v -13.61369133 -21.59911919 98.40660095
v -13.54222584 -21.70237160 98.18827820
v -11.79138470 -23.36108398 98.99108887
v -11.71785164 -23.14211464 99.09148407
v -10.82541370 -23.85146523 99.61930084
v -10.76099873 -23.62965202 99.71971893
v -10.74610043 -23.43280029 99.87611389
v -10.78217793 -23.28017998 100.07318878
v -10.86569881 -23.18672752 100.29164886
v -12.73533058 -22.83165932 98.36287689
v -12.65280533 -22.61590958 98.46325684
v -12.62173176 -22.42090416 98.61959076
v -12.64515114 -22.26573181 98.81658173
v -12.72077084 -22.16558075 99.03495026
v -11.69484711 -22.94602013 99.24784851
v -11.72462273 -22.79199219 99.44488525
v -11.80426407 -22.69511223 99.66329956
v -15.80783844 -25.65178108 105.90332031
v -17.95286179 -23.95454597 105.05965424
v -18.87825775 -22.97444153 104.58635712
v -18.78688049 -22.76227951 104.68671417
v -16.92588997 -24.85491943 105.49222565
v -16.84624863 -24.95180130 105.27381134
v -16.95566559 -24.70089340 105.68925476
v -16.93266106 -24.50479889 105.84562683
v -17.85382271 -24.20986938 104.64429474
v -17.92944145 -24.10971832 104.86266327
v -17.92178726 -23.75954056 105.21599579
v -17.83926201 -23.54379082 105.31636810
v -16.85912895 -24.28582954 105.94601440
v -15.89135933 -25.55832863 106.12178040
v -15.92743683 -25.40570831 106.31885529
v -15.91253853 -25.20885658 106.47525024
v -15.84812355 -24.98704338 106.57566833
v -16.01350021 -20.86862564 105.35095215
v -15.85655308 -20.67470741 105.31636810
v -15.68391895 -20.52122688 105.21599579
v -14.74033737 -26.30852318 106.53282928
v -14.82759190 -26.21865654 106.75133514
v -14.86990547 -26.06769943 106.94844818
v -14.86313725 -25.87042618 107.10488129
v -14.80794907 -25.64614868 107.20531464
v -13.64554787 -26.92082214 107.16233826
v -13.78485584 -26.68564796 107.57804871
v -13.78622627 -26.48829079 107.73451233
v -13.73638058 -26.83468819 107.38088989
v -13.74035835 -26.26193237 107.83496094
v -10.31678104 -28.40598679 109.26954651
v -10.38318062 -28.26419067 109.46681976
v -12.52532005 -27.48754120 107.79184723
v -12.67412186 -27.25841331 108.20764160
v -12.61957264 -27.40528297 108.01044464
v -12.68362713 -27.06130409 108.36413574
v -11.53958797 -27.78492355 108.83722687
v -11.55720997 -27.58839798 108.99375916
v -12.64715862 -26.83325195 108.46460724
v -11.38155270 -28.00762367 108.42135620
v -11.47906017 -27.92937851 108.63999176
v -11.53020096 -27.35904312 109.09425354
v -10.40888691 -28.06858444 109.62338257
v -10.39138317 -27.83831787 109.72389984
v -14.25047874 -22.16969681 106.61026764
v -14.11017609 -21.96341896 106.57566833
v -15.14595032 -21.53720665 105.98061371
v -14.99719620 -21.33693504 105.94601440
v -14.83111191 -21.17640305 105.84562683
v -14.51208973 -21.03198624 105.49222565
v -14.66395569 -21.07132530 105.68925476
v -13.95093060 -21.79611206 106.47525024
v -13.32858944 -22.76493263 107.23992157
v -13.19698048 -22.55300331 107.20531464
v -13.04484844 -22.37921524 107.10488129
v -12.88708782 -22.26058197 106.94844818
v -13.78833008 -21.68415833 106.31885529
v -13.63829231 -21.63851547 106.12178040
v -12.38183403 -23.32180977 107.86958313
v -12.25914478 -23.10459518 107.83496094
v -11.01385593 -23.29997635 108.20764160
v -10.87085629 -23.23596191 108.01044464
v -11.41180897 -23.83928680 108.49922943
v -11.29825115 -23.61716270 108.46460724
v -11.16112614 -23.43132973 108.36413574
v -10.42015362 -24.31639481 109.12888336
v -10.31592464 -24.08974457 109.09425354
v -12.73913956 -22.20871735 106.75133514
v -12.11439133 -22.92462730 107.73451233
v -11.96174240 -22.79952431 107.57804871
v -11.81614208 -22.74153137 107.38088989
v -9.44499969 -28.61278725 101.76091766
v -9.29772854 -28.48143387 101.60441589
v -9.16060352 -28.29559898 101.50394440
v -9.58799934 -28.67679977 101.95811462
v -8.39947319 -29.07319069 102.58641815
v -8.25932312 -29.00327110 102.38918304
v -8.11768627 -28.86590004 102.23265839
v -7.98842716 -28.67452240 102.13215637
v -7.88419867 -28.44787025 102.09753418
v -10.19242287 -27.65161705 100.84111023
v -9.04704666 -28.07347488 101.46932220
v -7.05749369 -29.34460640 103.01745605
v -7.19455051 -29.42030525 103.21473694
v -6.92173576 -29.20145607 102.86089325
v -6.80056620 -29.00486755 102.76037598
v -6.70584583 -28.77408218 102.72573853
v -5.97527361 -29.71746254 103.84304810
v -5.84154797 -29.63611984 103.64572906
v -5.71190453 -29.48744392 103.48913574
v -5.59903431 -29.28598595 103.38859558
v -5.51398563 -29.05146408 103.35395813
v -5.72301340 -25.68799210 102.76037598
v -9.83903313 -24.30188370 100.24751282
v -9.78384590 -24.07760620 100.34794617
v -9.77707672 -23.88033485 100.50437927
v -9.81939125 -23.72937584 100.70149231
v -9.90664482 -23.63950920 100.91999817
v -8.83389854 -24.71149254 100.87572479
v -8.78803062 -24.48513603 100.97618103
v -7.81169701 -25.07950974 101.50394440
v -7.77522802 -24.85145760 101.60441589
v -7.78473330 -24.65435028 101.76091766
v -7.93353558 -24.42522240 102.17670441
v -7.83928251 -24.50747871 101.95811462
v -8.78940105 -24.28777695 101.13264465
v -8.83787632 -24.13873672 101.32980347
v -8.92870903 -24.05260468 101.54835510
v -6.77415133 -25.40522385 102.13215637
v -6.74714231 -25.17586708 102.23265839
v -6.76476431 -24.97934341 102.38918304
v -6.82529163 -24.83488846 102.58641815
v -6.92280006 -24.75664330 102.80506134
v -5.79761600 -25.12032509 103.21473694
v -5.89820910 -25.04621887 103.43341827
v -5.70551014 -25.45772552 102.86089325
v -5.73121643 -25.26211929 103.01745605
v -4.74371481 -29.96406937 104.47135925
v -4.61355257 -29.87723160 104.27400208
v -4.49024868 -29.72328949 104.11737823
v -4.38587284 -29.51731110 104.01682281
v -4.31064272 -29.27946091 103.98217010
v -4.66006136 -25.92724991 103.38859558
v -4.65209293 -25.69646454 103.48913574
v -3.58709693 -26.12250137 104.01682281
v -3.58867621 -25.89159203 104.11737823
v -3.63040042 -25.69882011 104.27400208
v -4.86149549 -25.29336739 104.06177521
v -4.68583775 -25.50211143 103.64572906
v -4.75799322 -25.36321259 103.84304810
v -3.70818567 -25.56305313 104.47135925
v -10.21618748 -28.48009300 109.05085754
v -9.03120899 -28.90405083 109.68036652
v -9.13471222 -28.83420372 109.89909363
v -9.20686722 -28.69530678 110.09641266
v -9.24061203 -28.50095367 110.25299835
v -9.23264408 -28.27016830 110.35353851
v -8.01265430 -29.07744598 110.72599792
v -8.05437851 -28.88467216 110.88262177
v -7.93486881 -29.21321297 110.52864075
v -7.82863712 -29.27868271 110.30986786
v -8.05595779 -28.65376472 110.98317719
v -5.82152748 -27.38813210 107.50000000
v -9.40855122 -24.75222778 109.75853729
v -9.31383038 -24.52144432 109.72389984
v -10.18666553 -23.89836693 108.99375916
v -10.04502869 -23.76099396 108.83722687
v -9.90487862 -23.69107437 108.63999176
v -9.19266129 -24.32485390 109.62338257
v -9.05690289 -24.18170357 109.46681976
v -8.05115700 -24.56129646 110.09641266
v -7.91743135 -24.47995567 109.89909363
v -8.37871933 -25.14595222 110.38818359
v -8.29367065 -24.91143227 110.35353851
v -8.18080044 -24.70997429 110.25299835
v -8.91984653 -24.10600471 109.26954651
v -7.33241177 -25.49680519 111.01782990
v -7.25718164 -25.25895500 110.98317719
v -7.15280628 -25.05297661 110.88262177
v -6.89933968 -24.81219673 110.52864075
v -7.02950239 -24.89903450 110.72599792
v -3.81441760 -25.49758339 104.69013214
v -20.48896599 -20.07920647 63.00555801
v -20.32949257 -20.09206009 62.81104279
v -20.13579941 -20.04637527 62.65667343
v -19.92684937 -19.94662476 62.55756378
v -19.72309494 -19.80257416 62.52341461
v -19.24769974 -15.39861393 60.67322540
v -17.94602585 -16.97016907 61.92945099
v -18.61345100 -16.19745827 61.30133820
v -18.46243477 -16.02191925 61.40039825
v -18.36762047 -15.84688663 61.55469513
v -18.33828735 -15.68949223 61.74911499
v -18.37730789 -15.56514454 61.96463394
v -16.51600838 -18.43172073 63.18568039
v -16.38788605 -18.23887253 63.28481674
v -16.31542015 -18.05355835 63.43922043
v -15.75574112 -19.11793900 63.81380081
v -15.63570404 -18.91996956 63.91295624
v -15.57094669 -18.73185349 64.06739807
v -15.56780910 -18.57200432 64.26200104
v -15.62659740 -18.45606995 64.47772980
v -17.80240059 -16.78854752 62.02853775
v -17.24650002 -17.71536827 62.55756378
v -17.11050987 -17.52797318 62.65667343
v -17.03045654 -17.34577751 62.81104279
v -17.01417542 -17.18661690 63.00555801
v -17.06325912 -17.06607056 63.22117996
v -17.71489334 -16.60977936 62.18286896
v -17.69206810 -16.45136833 62.37733459
v -17.73616219 -16.32881737 62.59290695
v -16.35968971 -17.77557945 63.84945297
v -16.30570412 -17.89391899 63.63378143
v -20.39318085 -20.18022156 70.86448669
v -20.32969666 -20.29355431 70.64871216
v -20.39662170 -20.02043533 71.05913544
v -20.33968163 -19.82983589 71.21361542
v -20.22793388 -19.62708282 71.31279755
v -19.41127205 -20.46967888 71.94253540
v -19.36274147 -15.65783310 70.08747101
v -18.71315193 -16.46661377 70.71722412
v -18.96054840 -15.39707184 69.95417786
v -19.16515160 -15.50543880 70.05331421
v -18.52206612 -16.30614090 70.68305206
v -18.32216454 -16.18934631 70.58390045
v -18.13301849 -16.12766647 70.42945862
v -17.97314072 -16.12713432 70.23484802
v -18.02976799 -17.24842453 71.34696960
v -17.31371117 -18.00185013 71.97672272
v -15.78835392 -19.41813469 73.23620605
v -15.62646675 -19.22825050 73.20201111
v -16.56616020 -18.72552681 72.60646820
v -16.39652252 -18.54253197 72.57227325
v -16.03290367 -18.31691742 72.31849670
v -16.21277428 -18.40173531 72.47304535
v -15.87451744 -18.29638100 72.12375641
v -15.44875336 -19.07992363 73.10276031
v -17.30462837 -16.87838936 70.86448669
v -17.84551811 -17.08014870 71.31279755
v -17.65066528 -16.95513153 71.21361542
v -17.46428871 -16.88560867 71.05913544
v -16.94714928 -17.69304085 71.84333038
v -16.76386642 -17.61580276 71.68881989
v -17.13661385 -17.82606316 71.94253540
v -16.60470390 -17.60190773 71.49411774
v -19.84774971 -14.57505798 60.04511642
v -19.68273735 -14.41257668 60.14413071
v -19.57379723 -14.24590015 60.29835129
v -20.07677650 -13.25790691 59.86446381
v -20.10017204 -13.12943840 60.07983017
v -19.53159332 -14.09134197 60.49267960
v -19.56025696 -13.96403217 60.70809555
v -19.08955002 -15.22945976 60.77226639
v -18.98758698 -15.05845833 60.92652130
v -18.95178986 -14.90234947 61.12089920
v -18.98566437 -14.77641392 61.33636475
v -19.97747803 -14.82353592 69.45771790
v -19.77372169 -14.67948437 69.42356873
v -19.56477165 -14.57973480 69.32445526
v -19.37108040 -14.53404999 69.17008972
v -20.34679413 -13.82976246 68.79382324
v -19.93839836 -13.70124722 68.54040527
v -20.13385963 -13.73880291 68.69473267
v -20.47000694 -12.84642506 67.91071320
v -20.31205559 -12.87259102 67.71629333
v -19.77954674 -13.72077084 68.34593201
v -19.21160507 -14.54690266 68.97557831
v -18.76896095 -15.34334087 69.79977417
v -18.60914421 -15.34950447 69.60521698
v -14.96694183 -19.77278519 64.44191742
v -14.85519409 -19.57003212 64.54109955
v -14.79825401 -19.37943268 64.69557953
v -14.80169392 -19.21964645 64.89022827
v -14.15090466 -20.39507103 65.07004547
v -14.86517906 -19.10631371 65.10600281
v -14.04763794 -20.18788147 65.16924286
v -13.99860859 -19.99512482 65.32376099
v -14.00861740 -19.83567238 65.51845551
v -14.07668304 -19.72512817 65.73428345
v -13.18988323 -20.41895485 66.14669037
v -13.26240921 -20.31138611 66.36256409
v -14.98158169 -20.07841110 73.86595154
v -14.82772732 -19.88196373 73.83174133
v -14.65635586 -19.72636795 73.73246765
v -14.48424530 -19.62685394 73.57785034
v -14.32824039 -19.59316444 73.38301086
v -15.11527634 -18.96053886 72.75338745
v -15.27260876 -18.98767662 72.94817352
v -13.83690262 -20.33987808 74.36218262
v -13.66912365 -20.23327446 74.20751953
v -13.51471996 -20.19309807 74.01264191
v -18.59976578 -18.12269402 93.96545410
v -18.45905304 -17.93942451 94.06568146
v -19.31478500 -17.32134438 93.33725739
v -19.99537468 -16.49189949 92.70906067
v -20.47810936 -15.47136116 92.18103027
v -19.83999062 -16.32086563 92.80924988
v -19.74018860 -16.15020752 92.96528625
v -19.70573616 -15.99662971 93.16191101
v -19.74000549 -15.87516403 93.37986755
v -19.16661072 -17.14404297 93.43746185
v -19.07394028 -16.96943665 93.59353638
v -19.04584694 -16.81462288 93.79019928
v -19.08507729 -16.69475174 94.00820160
v -18.37367249 -17.76117134 94.22178650
v -18.35198021 -17.60538292 94.41849518
v -18.39610100 -17.48731041 94.63654327
v -17.07114410 -19.63543129 95.22185516
v -16.94606018 -19.44117928 95.32212067
v -16.87567329 -19.25654793 95.47829437
v -17.85147858 -18.89451790 94.59365845
v -17.71846771 -18.70559502 94.69390106
v -17.64051819 -18.52399826 94.85004425
v -17.62525940 -18.36750031 95.04678345
v -17.67418861 -18.25142288 95.26488495
v -16.86687088 -19.09960556 95.67507935
v -16.92051697 -18.98571968 95.89322662
v -16.26003647 -20.34410477 95.85005951
v -16.14309502 -20.14485741 95.95034790
v -16.08038712 -19.95750427 96.10655212
v -16.07805252 -19.80038452 96.30338287
v -16.13631821 -19.68888092 96.52156830
v -18.43439293 -18.65890121 103.46196747
v -18.25454330 -18.48600578 103.42739868
v -18.06409645 -18.35523605 103.32708740
v -19.88359451 -17.02929688 102.20262909
v -19.69000816 -16.87193298 102.16808319
v -19.48931885 -16.75746155 102.06781006
v -19.30117226 -16.69709206 101.91164398
v -20.35515022 -16.02270699 101.53842163
v -19.95932961 -15.86422729 101.28203583
v -20.14985847 -15.91669273 101.43817139
v -19.80221176 -15.87044811 101.08528900
v -18.60824776 -17.50263023 102.54124451
v -19.14398384 -16.69673157 101.71485138
v -18.45126534 -17.49569511 102.34442139
v -19.17630196 -17.85879898 102.83229828
v -18.98942184 -17.69352531 102.79774475
v -18.79368401 -17.57079887 102.69744873
v -17.65909195 -19.42815971 104.09162903
v -17.48658371 -19.24794197 104.05705261
v -17.30175591 -19.10935593 103.95672607
v -17.72518921 -18.26589584 102.97398376
v -17.88169289 -18.27939034 103.17085266
v -16.96695328 -19.00594330 103.60354614
v -17.12270355 -19.02596855 103.80045319
v -16.17780876 -19.71449280 104.23310852
v -16.33253479 -19.74101067 104.43005371
v -20.37134171 -15.30494022 92.33703613
v -20.33058548 -15.15285969 92.53361511
v -20.35982895 -15.03000546 92.75152588
v -20.42487717 -15.01832771 100.45571899
v -15.26009941 -20.46857071 96.93167877
v -15.32287979 -20.35963631 97.14990997
v -16.85168076 -20.16518211 104.72129059
v -16.68680954 -19.97795105 104.68671417
v -16.50792503 -19.83179283 104.58635712
v -15.51249695 -20.42321205 105.05965424
v -15.35906696 -20.39025116 104.86266327
v -5.19615221 -3.00000000 104.00000000
v -5.79555511 -1.55291426 104.00000000
v -5.54327726 -2.29610062 104.00000000
v -5.94866896 -0.78315717 104.00000000
v -5.94866896 -0.78315717 104.23182678
v -5.96492958 -0.53507054 104.00000000
v -3.00000000 -5.19615221 104.00000000
v -2.29610062 -5.54327726 104.00000000
v -1.55291426 -5.79555511 104.00000000
v -0.78315717 -5.94866896 104.00000000
v -0.78315717 -5.94866896 104.23182678
v -0.53507054 -5.96492958 104.00000000
v -4.24264050 -4.24264050 104.00000000
v -4.76011992 -3.65256858 104.00000000
v -3.65256858 -4.76011992 104.00000000
v -2.82842708 -2.82842708 103.15685272
v -3.86370325 -1.03527617 102.39897919
v -3.96577954 -0.52210474 101.98788452
v -3.46410155 -2.00000000 102.96410370
v -3.69551802 -1.53073370 102.72624969
v -3.17341328 -2.43504572 103.10845947
v -1.90380597 -4.59619427 104.00000000
v -2.00000000 -3.46410155 102.96410370
v -2.43504572 -3.17341328 103.10845947
v -1.53073370 -3.69551802 102.72624969
v -1.03527617 -3.86370325 102.39897919
v -0.52210474 -3.96577954 101.98788452
v -5.19615221 -3.00000000 105.69615173
v -5.79555511 -1.55291426 104.84847260
v -5.54327726 -2.29610062 105.33937836
v -3.00000000 -5.19615221 105.69615173
v -2.29610062 -5.54327726 105.33937836
v -1.55291426 -5.79555511 104.84847260
v -4.24264050 -4.24264050 105.98528290
v -4.76011992 -3.65256858 105.91268921
v -3.65256858 -4.76011992 105.91268921
v -41.00000000 0.00000000 0.00000000
v -41.00000000 0.00000000 0.60000002
v -39.00000000 0.00000000 0.00000000
v -39.00000000 0.00000000 0.60000002
v -39.00000000 0.00000000 6.00000000
v -40.80257416 4.01870298 0.00000000
v -40.80257416 4.01870298 0.60000002
v -38.33600998 3.33810091 0.00000000
v -38.33600998 3.33810091 0.60000002
v -38.31461334 3.77365994 0.00000000
v -38.31461334 3.77365994 0.60000002
v -37.00000000 0.00000000 8.00000000
v -40.21219635 7.99870300 0.00000000
v -40.21219635 7.99870300 0.60000002
v -37.76023483 7.51097727 0.00000000
v -37.76023483 7.51097727 0.60000002
v -39.23455429 11.90167141 0.00000000
v -39.23455429 11.90167141 0.60000002
v -36.84220123 11.17596054 0.00000000
v -36.84220123 11.17596054 0.60000002
v -36.69529724 11.58653164 0.00000000
v -36.69529724 11.58653164 0.60000002
v -36.03130341 13.44227219 0.00000000
v -36.03130341 14.92465401 0.00000000
v -36.03130341 14.92465401 0.60000002
v -36.03130341 14.92465401 6.00000000
v -37.87906265 15.69002056 0.00000000
v -37.87906265 15.69002056 0.60000002
v -36.15877151 19.32726669 0.00000000
v -36.15877151 19.32726669 0.60000002
v -35.59391022 14.92465401 0.00000000
v -35.64365005 15.31230927 0.00000000
v -34.18354416 14.15928745 8.00000000
v -34.98310089 15.97285557 0.00000000
v -34.14041138 17.75457001 0.00000000
v -34.14041138 17.75457001 0.60000002
v -33.95396805 18.14877510 0.00000000
v -33.95396805 18.14877510 0.60000002
v -25.57860184 7.00103378 14.92334557
v -25.39071465 6.86432076 14.82617950
v -25.16593361 6.75575781 14.79269886
v -25.36964417 8.20222187 14.44664574
v -25.06143951 7.90086842 14.19821262
v -25.24347115 8.04530334 14.29535007
v -25.42760658 8.35626316 14.63728905
v -24.84136391 7.78305531 14.16474152
v -24.68991661 8.92193317 13.57024765
v -24.47492790 8.79507256 13.53678608
v -24.44625092 10.08490849 13.03936672
v -24.98530006 9.23592186 13.81860924
v -25.03677940 9.39231586 14.00919819
v -24.86577797 9.07383919 13.66735744
v -24.27686691 9.92579365 12.94228458
v -24.06733704 9.79010582 12.90883255
v -22.13498306 5.61412430 14.82617950
v -21.90388298 5.58994675 14.92334557
v -21.86040497 6.51661634 14.19821262
v -21.63048935 6.48290825 14.29535007
v -21.42973709 6.49845171 14.44664574
v -21.27779961 6.56172466 14.63728905
v -21.18955040 6.66653395 14.84861946
v -21.54909706 7.40600967 13.57024765
v -21.32075882 7.36282825 13.66735744
v -21.11950493 7.37008858 13.81860924
v -20.96503448 7.42708015 14.00919819
v -20.87246895 7.52822399 14.22046757
v -21.20167351 8.28081322 12.94228458
v -20.97530365 8.22823048 13.03936672
v -20.77388763 8.22719383 13.19057465
v -20.61714363 8.27780151 13.38110924
v -20.52041245 8.37510300 13.59231758
v -20.81880760 9.13956261 12.31432343
v -20.59479141 9.07766819 12.41137791
v -26.44816017 0.41951722 18.59402847
v -26.20354080 0.36981449 18.56048965
v -26.59541702 1.60624087 18.06335068
v -26.75644875 1.72679639 18.21490479
v -26.85068130 1.86127329 18.40587425
v -26.38335228 1.51140749 17.96604729
v -26.14101028 1.45157933 17.93251991
v -26.03388405 2.52879977 17.30455017
v -26.92963219 0.74948460 19.03397942
v -26.82988739 0.61912161 18.84295654
v -26.66398430 0.50542259 18.69135857
v -26.11896896 3.67939186 16.71009445
v -25.88243103 3.59964013 16.67658424
v -26.63734245 2.82945085 17.58685684
v -26.48146820 2.70224738 17.43534660
v -26.27353096 2.59865022 17.33806992
v -26.72589684 2.96780872 17.77777290
v -26.32241631 3.79157400 16.80734253
v -26.11861992 4.87236691 16.17934227
v -26.26336861 5.01219416 16.33076668
v -25.92001534 4.75179434 16.08212090
v -25.68699646 4.66227865 16.04862022
v -26.47286034 3.92520499 16.95881081
v -26.55557251 4.06720400 17.14967155
v -26.86862564 1.99586177 25.94447899
v -26.95346642 0.87751889 26.57417107
v -26.91498375 1.00804961 26.78610039
v -26.85019112 0.01032731 27.60708809
v -26.67683029 0.11204417 27.75885582
v -26.45558929 0.18269138 27.85629463
v -26.80146980 1.12635672 26.97728539
v -26.62403870 1.22085941 27.12900925
v -26.40005684 1.28230727 27.22642326
v -26.82475471 2.12477922 26.15634918
v -26.70642471 2.23835969 26.34747887
v -26.52522087 2.32548571 26.49916077
v -26.29887962 2.37762809 26.59654617
v -26.73744392 3.10867643 25.31478500
v -26.68825340 3.23575807 25.52659416
v -26.56530571 3.34441638 25.71767235
v -26.38063622 3.42401505 25.86931038
v -26.15232277 3.46676254 25.96666908
v -26.56023788 4.21404552 24.68508720
v -26.50580215 4.33907175 24.89683914
v -26.37844086 4.44261980 25.08786201
v -26.19061852 4.51455402 25.23945808
v -25.96072197 4.54783201 25.33679008
v -26.34009171 5.15758801 16.52157402
v -26.00930977 6.08857203 15.70272446
v -25.87051201 5.94279146 15.55134201
v -25.67709732 5.81403732 15.45414925
v -26.07990456 6.23710871 15.89347649
v -25.71120262 7.15251446 15.07468414
v -25.77554131 7.30393505 15.26538181
v -26.33739662 5.31006765 24.05538940
v -26.27780342 5.43282270 24.26708221
v -26.06939125 6.39486170 23.42568970
v -26.14624023 5.53108120 24.45804977
v -25.95558357 5.59522581 24.60960388
v -25.72449684 5.61897755 24.70690918
v -26.00473595 6.51513243 23.63732147
v -25.86919022 6.60793161 23.82823753
v -25.67601967 6.66417551 23.97974777
v -25.75677109 7.46656942 22.79598999
v -25.68715477 7.58414698 23.00756073
v -22.98470116 0.01058041 18.59402847
v -22.93985176 0.95906860 17.96604729
v -22.70876503 0.98282009 18.06335068
v -22.51810837 1.04696476 18.21490479
v -22.38654327 1.14522362 18.40587425
v -22.32695007 1.26797855 18.61756516
v -22.85592270 1.90386081 17.33806992
v -22.62404060 1.91804397 17.43534660
v -22.43087196 1.97428799 17.58685684
v -22.29532433 2.06708717 17.77777290
v -22.23066902 2.18735766 17.98940277
v -22.75480461 0.04385874 18.69135857
v -22.56698227 0.11579270 18.84295654
v -22.43961906 0.21934088 19.03397942
v -22.38518524 0.34436727 19.24572945
v -22.73314285 2.84334946 16.71009445
v -22.57180977 3.77593970 16.08212090
v -22.33952522 3.77092719 16.17934227
v -22.14231873 3.81108928 16.33076668
v -22.50086212 2.84793925 16.80734253
v -22.30550766 2.89618444 16.95881081
v -22.16620636 2.98336267 17.14967155
v -22.09659004 3.10094023 17.36124420
v -21.99949265 3.89249468 16.52157402
v -21.92502975 4.00717449 16.73308563
v -22.37228012 4.70005178 15.45414925
v -22.14039040 4.68544483 15.55134201
v -21.94166374 4.71745300 15.70272446
v -21.79555511 4.79294300 15.89347649
v -21.71636581 4.90452576 16.10492706
v -23.22164726 0.36044243 27.88987160
v -23.16152191 1.32569277 27.25998878
v -22.74513435 0.30305377 27.75885582
v -22.97218132 0.35192224 27.85629463
v -22.44282532 0.10688762 27.41585159
v -22.56273079 0.21862058 27.60708809
v -22.50905800 1.15651572 26.97728539
v -22.68780136 1.24851596 27.12900925
v -22.39389420 1.03981531 26.78610039
v -22.91262436 1.30681038 27.22642326
v -22.81343651 2.25736117 26.59654617
v -23.06133461 2.28657341 26.63010406
v -22.59122849 2.18974113 26.49916077
v -22.30624199 1.96886563 26.15634918
v -22.41646004 2.09033227 26.34747887
v -22.67487526 3.20193243 25.96666908
v -22.45566750 3.12510347 25.86931038
v -22.92134666 3.24142385 26.00021744
v -22.18010712 2.89243364 25.52659416
v -22.28518105 3.01845741 25.71767235
v -22.01579094 3.80892801 24.89683914
v -21.81366539 4.71677303 24.26708221
v -22.49726295 4.13889551 25.33679008
v -22.74188042 4.18859816 25.37032890
v -22.11553574 3.93929100 25.08786201
v -22.28143883 4.05298996 25.23945808
v -22.28099632 5.06663847 24.70690918
v -22.06892967 4.97180510 24.60960388
v -21.90789795 4.85124969 24.45804977
v -25.44799995 5.71491241 15.42065811
v -25.40015602 8.52335835 22.16628647
v -25.32569313 8.63803864 22.37779808
v -25.00024796 9.56342506 21.53658104
v -24.92105865 9.67500782 21.74803162
v -24.77495003 9.75049782 21.93878555
v -24.57622337 9.78250599 22.09016800
v -24.34433365 9.76789951 22.18736076
v -21.70397377 5.61374378 15.07468414
v -21.55482483 5.68318653 15.26538181
v -21.47103691 5.79147720 15.47677231
v -20.98509407 7.37294483 22.37779808
v -21.26861382 8.75303841 22.22085190
v -20.63670921 8.23084259 21.74803162
v -20.84610176 8.52515984 22.09016800
v -21.03951645 8.65391350 22.18736076
v -20.70730400 8.37937927 21.93878555
v -20.63814354 9.51215649 21.55746841
v -20.86292458 9.62071896 21.59095001
v -25.44413757 6.67835855 24.07702446
v -25.54785156 7.67132521 23.19842148
v -25.35249901 7.71957064 23.34988976
v -25.12021637 7.72416019 23.44713783
v -25.18286705 8.71944332 22.56860352
v -24.98566055 8.75960541 22.72002983
v -24.75337601 8.75459290 22.81725121
v -22.26617622 6.05341959 24.11054420
v -22.02652931 5.98356915 24.07702446
v -21.81859207 5.87997198 23.97974777
v -22.52333641 5.12646675 24.74043655
v -21.97093010 6.96786976 23.48064804
v -21.57416534 5.61441088 23.63732147
v -21.66271782 5.75276852 23.82823753
v -21.38050079 6.64230490 23.19842148
v -21.29778671 6.50030565 23.00756073
v -21.73439217 6.88811779 23.44713783
v -21.53094482 6.77593565 23.34988976
v -21.20656586 7.65816593 22.72002983
v -21.06181717 7.51833916 22.56860352
v -21.63818932 7.86825418 22.85074997
v -21.40517044 7.77873850 22.81725121
v -24.55890656 10.25187397 13.19057465
v -24.60380936 10.41034794 13.38110924
v -24.09127808 11.24837112 12.56254292
v -24.12951851 11.40864754 12.75302124
v -23.98568344 11.07681274 12.41137791
v -23.82307243 10.91076660 12.31432343
v -23.61936378 10.76648521 12.28088093
v -23.48494720 12.04789066 11.78339100
v -23.13185501 11.72257423 11.65293217
v -23.32939339 11.87519932 11.68636513
v -23.58329010 12.22374249 11.93451214
v -23.61479950 12.38554287 12.12493610
v -22.60572433 12.65677547 11.02498531
v -22.94497299 12.99651623 11.15540695
v -22.79674721 12.81748104 11.05840874
v -22.22612381 13.73604107 10.43045425
v -22.36676216 13.92111015 10.52742386
v -22.04194450 13.56753254 10.39704132
v -22.45009613 14.10462379 10.67845726
v -22.46796799 14.26862049 10.86877060
v -21.82697868 15.00700188 10.05043316
v -21.83796883 15.17166615 10.24069118
v -20.80565453 15.31270313 9.14115906
v -21.61857033 14.62935066 9.80250263
v -21.44155502 14.45333099 9.76909924
v -21.75137901 14.82013226 9.89944363
v -23.03589249 13.17635632 11.30648422
v -23.06060600 13.33939743 11.49685287
v -21.09994507 15.69209290 9.27146530
v -20.97520065 15.49592972 9.17455292
v -21.16767502 15.88199139 9.42241096
v -21.17176247 16.04703522 9.61261368
v -24.55782127 10.58500004 20.90687561
v -24.47403336 10.69328976 21.11826515
v -24.32488441 10.76273251 21.30896378
v -24.12497711 10.78653049 21.46030235
v -23.89387512 10.76235294 21.55746841
v -24.07371712 11.58634567 20.27716637
v -23.98546791 11.69115448 20.48849678
v -23.54885483 12.56576633 19.64745712
v -23.45628929 12.66691017 19.85872650
v -23.30181885 12.72390175 20.04931450
v -23.10056496 12.73116207 20.20056725
v -23.83353233 11.75442791 20.67914009
v -23.63278008 11.76997089 20.83043671
v -23.40286446 11.73626328 20.92757416
v -22.87222672 12.68798065 20.29767799
v -22.38085938 14.45225048 18.38803291
v -22.28012466 14.54553699 18.59918022
v -21.73989677 15.35613728 17.75831604
v -22.98421860 13.52160549 19.01774597
v -22.88748932 13.61890602 19.22895432
v -22.73074341 13.66951466 19.41948700
v -22.52932930 13.66847706 19.57069588
v -22.30295944 13.61589527 19.66777802
v -22.12137032 14.58967209 18.78965950
v -21.92013550 14.58033562 18.94082451
v -21.69612122 14.51844215 19.03787804
v -21.63532257 15.44524384 17.96940422
v -21.47482491 15.48282623 18.15982819
v -21.27411461 15.46520424 18.31094933
v -21.05283546 15.39410305 18.40797424
v -21.06250954 16.23174858 17.12859917
v -20.95426941 16.31651878 17.33962440
v -20.59245300 16.32159805 17.68107224
v -20.79229927 16.34747887 17.52999306
v -22.10595894 9.35226250 44.34296036
v -21.88166618 9.29358864 44.44136810
v -21.68196297 9.28585148 44.59463882
v -21.52639771 9.32980919 44.78776932
v -21.67808533 10.24726105 43.71490097
v -21.45639992 10.17936611 43.81328201
v -21.25715446 10.16340351 43.96651077
v -21.09985542 10.20093632 44.15959549
v -28.21113968 0.31825143 51.06961441
v -27.88675880 1.24275696 50.09423447
v -27.67227173 1.15499985 49.99560547
v -27.42851830 1.10150313 49.96162033
v -28.10802078 0.19451143 50.87599564
v -27.93922806 0.08806244 50.72233963
v -27.72127914 0.00932447 50.62368393
v -28.05097961 1.35618436 50.24785233
v -27.78663063 2.39325595 49.46612930
v -27.57597923 2.29663110 49.36752701
v -27.94599152 2.51346564 49.61970901
v -27.33465767 2.23304963 49.33354950
v -28.14886093 1.48417902 50.44142532
v -27.59332275 4.80696201 48.36343384
v -27.00741577 4.47657537 48.07741547
v -27.44451523 4.67382336 48.20993042
v -27.24262428 4.55997992 48.11137390
v -28.03846359 2.64549327 49.81323242
v -27.88021851 3.80021095 49.18504333
v -27.79332352 3.66437864 48.99156952
v -27.63910484 3.53759480 48.83802795
v -27.43265343 3.43226933 48.73944855
v -27.19418144 3.35871291 48.70547867
v -27.67448425 4.94636345 48.55685806
v -28.24748039 0.15904191 58.68635941
v -28.21185875 0.28565383 58.90114594
v -28.19136429 1.33214927 58.05674744
v -28.10096169 0.40223384 59.09490967
v -27.92564392 0.49737024 59.24868011
v -27.70306396 0.56175047 59.34740829
v -28.08659363 2.50087380 57.42713165
v -28.15051842 1.45726454 58.27148056
v -28.03487778 1.56922328 58.46519470
v -27.85576057 1.65706635 58.61893082
v -27.63070107 1.71219492 58.71763229
v -28.04058647 2.62427688 57.64181519
v -27.92039299 2.73142147 57.83547974
v -27.93343544 3.66320038 56.79751587
v -27.88233757 3.78467798 57.01214600
v -27.73778152 2.81181979 57.98917770
v -27.51062584 2.85760188 58.08785629
v -27.75779343 3.88682365 57.20576477
v -27.57199478 3.95963836 57.35942078
v -27.73224068 4.81712818 56.16790009
v -27.67613220 4.93647051 56.38247681
v -27.54744530 5.03344059 56.57604599
v -27.34313202 3.99599481 57.45807648
v -27.35877609 5.09854603 56.72966385
v -27.00630379 5.67784452 47.48329926
v -27.20328331 5.80000925 47.58182907
v -27.42169762 6.08200026 47.92867279
v -27.34641838 5.93927193 47.73529434
v -26.91590500 6.91424036 46.95373535
v -27.05311394 7.05938530 47.10716248
v -27.12237740 7.20519304 47.30048752
v -26.77476311 5.58473587 47.44934845
v -26.72418022 6.78396559 46.85522842
v -26.49670792 6.68131351 46.82128525
v -26.77712059 8.31403732 46.67230606
v -26.71399879 8.16540432 46.47902679
v -26.39682007 7.87646961 46.22715759
v -26.58295631 8.01462841 46.32564163
v -26.17380905 7.76445150 46.19322586
v -26.02486801 8.95350933 45.59909058
v -25.80670357 8.83231831 45.56516647
v -26.32973671 9.25545692 45.85089493
v -26.38660049 9.40665817 46.04412842
v -26.20509148 9.09931278 45.69754791
v -25.78303909 10.16646290 45.06945801
v -27.48344231 5.96067429 55.53828430
v -27.42241096 6.07767487 55.75280380
v -27.28979683 6.16930151 55.94632721
v -27.18755341 7.09187841 54.90866470
v -27.12170029 7.20633411 55.12313080
v -26.98537827 7.29245806 55.31660461
v -26.79193115 7.34181929 55.47014618
v -26.56029701 7.34958601 55.56872559
v -27.12859535 5.12541389 56.82829285
v -27.09857750 6.22658443 56.09990692
v -26.86747169 6.24391699 56.19851303
v -26.84517097 8.20880318 54.27904129
v -26.77460098 8.32051563 54.49345779
v -26.63479996 8.40098667 54.68688202
v -26.43945503 8.44233990 54.84038544
v -26.20768547 8.44052696 54.93894196
v -26.45696831 9.30954075 53.64942169
v -26.38179588 9.41831589 53.86378098
v -26.23875046 9.49299431 54.05715561
v -26.04183769 9.52626705 54.21062088
v -25.81033134 9.51487637 54.30915451
v -24.21699905 0.68186164 49.99560547
v -23.98681641 0.70872957 50.09423447
v -23.79814911 0.77383500 50.24785233
v -23.65904236 0.01279484 51.28424454
v -23.66946030 0.87080491 50.44142532
v -23.61335182 0.99014729 50.65599823
v -24.14332008 1.68049407 49.36752701
v -23.91221428 1.69782674 49.46612930
v -23.72099495 1.75510991 49.61970901
v -23.58837891 1.84673619 49.81323242
v -23.52734947 1.96373677 50.02775574
v -23.87289047 3.66127467 48.11137390
v -23.64112282 3.65946174 48.20993042
v -23.44577599 3.70081496 48.36343384
v -23.67677307 4.64005661 47.48329926
v -23.44526672 4.62866640 47.58182907
v -23.24835396 4.66193867 47.73529434
v -23.10531044 4.73661757 47.92867279
v -24.02852440 2.67419529 48.73944855
v -23.79688835 2.68196201 48.83802795
v -23.60344124 2.73132348 48.99156952
v -23.46711922 2.81744719 49.18504333
v -23.40126801 2.93190289 49.39951324
v -23.30597687 3.78128624 48.55685806
v -23.23540688 3.89299870 48.77127075
v -23.03013611 4.84539175 48.14303207
v -24.46635628 0.67868763 59.38142776
v -24.39192772 1.69471109 58.75164413
v -23.99107742 0.61534852 59.24868011
v -23.81037331 0.53088748 59.09490967
v -24.21711349 0.66627699 59.34740829
v -23.69268990 0.42116153 58.90114594
v -23.63391495 2.50378966 57.83547974
v -23.52574730 2.38451791 57.64181519
v -24.14341545 1.67195237 58.71763229
v -23.74264526 1.51969171 58.46519470
v -23.91968727 1.61164474 58.61893082
v -23.62961769 1.40509415 58.27148056
v -24.11696434 3.70999026 57.49206924
v -23.87119865 3.66667080 57.45807648
v -23.48445702 3.48148394 57.20576477
v -23.65324974 3.58793283 57.35942078
v -23.38133812 3.35774374 57.01214600
v -24.27536774 2.70572686 58.12185669
v -24.02801514 2.67265916 58.08785629
v -23.80698586 2.60307646 57.98917770
v -23.91707611 4.70577240 56.86228180
v -23.19673157 4.32309628 56.38247681
v -23.29461288 4.45109081 56.57604599
v -23.67332077 4.65227556 56.82829285
v -23.45883560 4.56451845 56.72966385
v -23.44058990 5.60888386 46.85522842
v -23.20974159 5.58793449 46.95373535
v -23.16482925 6.56611872 46.22715759
v -25.39610291 9.88311386 44.93710709
v -25.60904121 10.01326752 44.97102356
v -23.01159668 5.61306763 47.10716248
v -22.86554718 5.68182278 47.30048752
v -22.78589439 5.78746986 47.51479340
v -22.93503380 6.53564548 46.32564163
v -22.73599052 6.55259371 46.47902679
v -22.58718491 6.61530447 46.67230606
v -22.85004807 7.51014709 45.59909058
v -22.62169647 7.47020102 45.69754791
v -22.42209435 7.47893333 45.85089493
v -22.27077866 7.53549004 46.04412842
v -22.18256187 7.63433409 46.25832367
v -22.50317955 6.71763992 46.88655853
v -22.49686241 8.43938160 44.97102356
v -22.27034760 8.39002991 45.06945801
v -22.07052422 8.39052963 45.22276688
v -21.91695404 8.44083118 45.41594696
v -21.82466888 8.53601074 45.63009262
v -21.43019676 9.42115688 45.00186157
v -23.06479836 5.41094589 55.94632721
v -23.39463806 6.66506863 55.60269547
v -23.15616608 6.59151173 55.56872559
v -23.07316208 7.62522650 54.97290039
v -23.67613411 5.69136190 56.23249054
v -23.43481064 5.62777996 56.19851303
v -23.22415924 5.53115559 56.09990692
v -22.97232819 5.27891779 55.75280380
v -22.79549599 6.35940266 55.31660461
v -22.70860291 6.22357035 55.12313080
v -22.94971657 6.48618650 55.47014618
v -22.83795166 7.54182196 54.93894196
v -22.48725319 7.29483986 54.68688202
v -22.63606262 7.42797852 54.84038544
v -22.40609360 7.15543842 54.49345779
v -22.14068794 8.21566105 54.05715561
v -22.06540680 8.07293224 53.86378098
v -22.71234322 8.57019711 54.34310532
v -22.48080063 8.47708893 54.30915451
v -22.28382301 8.35492325 54.21062088
v -22.31288719 9.49837112 53.71330643
v -21.89369011 9.26544380 53.58085632
v -22.08541489 9.39571857 53.67936325
v -21.75648117 9.12029934 53.42742920
v -21.68721771 8.97449112 53.23410034
v -21.46641922 10.15799332 52.95108795
v -21.27225494 9.85858440 52.60442352
v -21.33537674 10.00721836 52.79770279
v -25.31760406 11.21428204 44.44136810
v -25.42880440 11.38034153 44.59463882
v -25.15013313 11.05395985 44.34296036
v -24.94278717 10.91506767 44.30905151
v -25.47285080 11.53588200 44.78776932
v -24.64900970 12.07383823 43.71490097
v -24.44761467 11.92644787 43.68099976
v -24.80965996 12.24100971 43.81328201
v -24.91383743 12.41159725 43.96651077
v -24.95134735 12.56890297 44.15959549
v -24.35712624 13.41974258 43.33838654
v -24.38802910 13.57853889 43.53142166
v -23.52392578 14.04435825 42.45878220
v -23.33546638 13.88074970 42.42490005
v -24.10660553 13.07119370 43.08683777
v -24.26015472 13.24492359 43.18519592
v -23.91150856 12.91555977 43.05294800
v -23.75970078 14.40309238 42.71026611
v -23.78393555 14.56310081 42.90324783
v -23.67010689 14.22434616 42.55710983
v -23.12265778 15.36000443 42.08214569
v -21.21405220 11.12288475 43.08683777
v -20.99989700 10.28829098 44.37363052
v -20.99535179 11.04588223 43.18519592
v -20.79690361 11.02171898 43.33838654
v -20.63813591 11.05276012 43.53142166
v -20.53458595 11.13596725 43.74540329
v -20.71472740 11.97767544 42.45878220
v -22.90204430 14.99170971 41.83072281
v -23.04060173 15.17764187 41.92903137
v -22.72054672 14.82040787 41.79685211
v -23.14017868 15.52094650 42.27507782
v -21.37863731 16.61693192 40.54076004
v -21.54528236 16.80271721 40.57461929
v -21.66788483 16.99956322 40.67287064
v -21.73444176 17.18819809 40.82590866
v -21.73843956 17.35016060 41.01874161
v -20.92716217 17.86516762 40.04479599
v -20.65408707 17.47082138 39.91271973
v -20.81286621 17.66337395 39.94656754
v -22.44716263 16.28888702 41.45402527
v -22.45793343 16.45047951 41.64691162
v -22.24209595 15.91167068 41.20267105
v -22.06787300 15.73297310 41.16880417
v -22.37278938 16.10322571 41.30094910
v -20.98578453 18.05644989 40.19779205
v -20.98299599 18.21849632 40.39057922
v -25.95156860 10.48120975 45.41594696
v -25.90106773 10.32770538 45.22276688
v -26.02370071 10.39221478 53.01979446
v -25.94404602 10.49786186 53.23410034
v -25.79799843 10.56661701 53.42742920
v -25.02536201 12.49603939 51.76054382
v -24.93714333 12.59488297 51.97474289
v -24.78582764 12.65143967 52.16797256
v -24.46217346 13.51362228 51.13091660
v -24.36988831 13.60880184 51.34505844
v -24.21631813 13.65910244 51.53823853
v -24.01649475 13.65960217 51.69155121
v -23.78997993 13.61025047 51.78998184
v -23.85768318 14.50601006 50.50128555
v -23.76148224 14.59735775 50.71537399
v -23.60591507 14.64131451 50.90850449
v -23.40621185 14.63357735 51.06177902
v -23.18192101 14.57490444 51.16018295
v -20.82132149 10.72371578 51.97474289
v -20.87818527 10.87491608 52.16797256
v -20.89073944 12.16651821 51.82389832
v -20.67780113 12.03636456 51.78998184
v -20.50380325 11.88316917 51.69155121
v -25.59985161 10.59175014 53.58085632
v -25.36900330 10.57080078 53.67936325
v -25.54619598 11.45498276 52.39017105
v -25.46219254 11.55731773 52.60442352
v -25.31338501 11.62002850 52.79770279
v -25.11434174 11.63697720 52.95108795
v -24.88454628 11.60650349 53.04957199
v -24.58622551 12.66017246 52.32131958
v -24.35787582 12.62022591 52.41977692
v -21.87556648 10.40817070 53.08350372
v -21.65255547 10.29615211 53.04957199
v -21.18305588 11.17686367 52.41977692
v -21.40121841 11.29805470 52.45370102
v -21.00283051 11.03106022 52.32131958
v -23.21301079 15.47153091 49.87165451
v -23.11305237 15.55888557 50.08568573
v -22.95575333 15.59641838 50.27877045
v -22.52934265 16.40855980 49.24201965
v -22.42579269 16.49176788 49.45600128
v -22.26702499 16.52280807 49.64903259
v -22.06857681 16.49864578 49.80222702
v -21.84987640 16.42164230 49.90058136
v -22.75650787 15.58045673 50.43200302
v -22.53482246 15.51256084 50.53038406
v -21.80793190 17.31552696 48.61238480
v -21.70096397 17.39443970 48.82630920
v -21.54099464 17.41893196 49.01929474
v -21.34368324 17.38660622 49.17244720
v -21.12834167 17.30062675 49.27077866
v -21.05009651 18.19091415 47.98274994
v -20.93988800 18.26539230 48.19662094
v -20.58314514 18.24285316 48.54266739
v -20.77898788 18.28328896 48.38955307
v -34.09025574 22.77837944 0.00000000
v -34.09025574 22.77837944 0.60000002
v -32.01158142 21.38945389 0.00000000
v -32.01158142 21.38945389 0.60000002
v -31.69342804 26.01012421 0.00000000
v -31.69342804 26.01012421 0.60000002
v -29.76090240 24.42414093 0.00000000
v -29.76090240 24.42414093 0.60000002
v -29.46804810 24.74725533 0.00000000
v -29.46804810 24.74725533 0.60000002
v -28.99137878 28.99137878 0.00000000
v -28.99137878 28.99137878 0.60000002
v -27.57716370 27.57716370 0.00000000
v -27.57716370 27.57716370 0.60000002
v -27.57716370 27.57716370 6.00000000
v -26.16295052 26.16295052 8.00000000
v -24.74725533 29.46804810 0.00000000
v -24.74725533 29.46804810 0.60000002
v -24.42414093 29.76090240 0.00000000
v -24.42414093 29.76090240 0.60000002
v -26.01012421 31.69342804 0.00000000
v -26.01012421 31.69342804 0.60000002
v -21.38945389 32.01158142 0.00000000
v -21.38945389 32.01158142 0.60000002
v -22.77837944 34.09025574 0.00000000
v -22.77837944 34.09025574 0.60000002
v -20.39355850 9.06833172 12.56254292
v -20.23480225 9.11246681 12.75302124
v -20.13406754 9.20575333 12.96416950
v -20.17995453 9.90972424 11.78339100
v -20.40123177 9.98082447 11.68636513
v -19.97924423 9.89210224 11.93451214
v -19.81874657 9.92968369 12.12493610
v -19.71417236 10.01879120 12.33602238
v -19.83566284 9.89661598 20.48849678
v -20.25331879 9.07254219 21.11826515
v -20.31765556 9.22396278 21.30896378
v -20.45025635 9.37544346 21.46030235
v -20.01979637 10.20757580 20.83043671
v -19.89362335 10.05065727 20.67914009
v -19.94973946 10.80320072 11.05840874
v -19.73157692 10.72301388 11.15540695
v -19.25050163 11.51618862 10.52742386
v -19.46517563 11.60532665 10.43045425
v -19.05185699 11.48209190 10.67845726
v -18.88868713 11.50637245 10.86877060
v -18.77696419 11.58665371 11.07973480
v -18.94844055 12.38587475 9.80250263
v -18.73762321 12.28793812 9.89944363
v -18.54051971 12.24567890 10.05043316
v -18.37642670 12.26323414 10.24069118
v -18.26140213 12.33888435 10.45159340
v -19.53173065 10.69713402 11.30648422
v -19.36975861 10.72809410 11.49685287
v -19.26152039 10.81286335 11.70787811
v -18.40049171 13.14355850 9.17455292
v -18.19389153 13.03698921 9.27146530
v -17.99866486 12.98663807 9.42241096
v -17.62030220 13.76211357 8.64348984
v -17.82233429 13.87713432 8.54660511
v -17.42728424 13.70375252 8.79439068
v -17.26217461 13.70776272 8.98453712
v -17.14113426 13.77375221 9.19531631
v -17.83392334 12.99743271 9.61261368
v -17.71579170 13.06831646 9.82345390
v -17.61455345 14.79866028 8.00000000
v -17.29369164 14.49365616 8.00000000
v -17.01790810 14.46212482 8.01551628
v -17.04948616 14.48187351 8.00000000
v -16.99131775 14.48162556 8.00000000
v -17.00233841 14.47877216 8.00000000
v -16.82742691 14.39585018 8.16637325
v -16.66222572 14.39306450 8.35646343
v -16.66125679 14.57227325 8.00000000
v -16.52647781 14.64518166 8.00000000
v -16.53847885 14.45403957 8.56718063
v -16.30633926 14.76716995 8.00000000
v -16.01892471 15.00366306 8.00000000
v -15.97001457 15.04460526 8.00000000
v -15.88006687 15.13323212 8.00000000
v -15.86725140 15.14270592 8.00000000
v -20.29718590 16.33434677 8.54660511
v -20.41364861 16.53555107 8.64348984
v -20.13540077 16.14422989 8.51322079
v -20.47338867 16.72814560 8.79439068
v -20.47056007 16.89328003 8.98453712
v -19.56050873 16.79996872 8.00000000
v -19.58208466 16.84034538 8.00000000
v -19.67790604 17.03844261 8.00000000
v -19.67865753 17.07502747 8.00000000
v -19.74537086 17.54407120 8.16637325
v -19.69372749 17.34911346 8.01551628
v -19.67642975 17.31612968 8.00000000
v -19.67514038 17.36844444 8.00000000
v -19.67549706 17.36136055 8.00000000
v -19.73562431 17.70900726 8.35646343
v -19.57364464 17.66954613 8.00000000
v -19.54391861 17.75186157 8.00000000
v -19.40853691 17.97889900 8.00000000
v -19.30011940 18.15389252 8.00000000
v -18.89035797 18.56427765 8.00000000
v -18.83969879 18.60499382 8.00000000
v -18.01441002 19.42298126 14.60971451
v -17.90171623 19.46959305 8.00000000
v -17.72847748 19.59734726 8.00000000
v -16.87013054 20.32512283 8.00000000
v -17.89336967 19.48896980 14.82049370
v -17.17466164 20.13636971 13.97998905
v -17.05091286 20.19734573 14.19070625
v -16.69523239 20.12828445 14.53165436
v -16.88571358 20.19456100 14.38079739
v -16.49811554 20.00500870 14.62850952
v -14.91549683 16.00573349 8.00000000
v -14.76631165 16.10669899 8.00000000
v -13.90575600 16.82433701 8.00000000
v -13.61284924 17.00529099 8.00000000
v -12.85365295 17.58679390 8.00000000
v -14.68498516 16.30345154 14.82049370
v -14.12738895 17.44719124 14.62850952
v -14.28113174 17.64387131 14.66188431
v -13.97751427 16.88140297 14.19070625
v -13.96776867 17.04633904 14.38079739
v -14.01941204 17.24129677 14.53165436
v -13.24740601 17.42875671 13.56091690
v -13.23075390 17.59320259 13.75095177
v -13.27420712 17.79018211 13.90176392
v -13.51894474 18.20331192 14.03195572
v -13.37351131 18.00041008 13.99859142
v -12.41040039 17.83578873 8.00000000
v -11.76210213 18.29099274 8.00000000
v -11.16262913 18.59568214 8.00000000
v -10.70096397 19.05780602 8.00000000
v -10.63412189 18.93496895 8.00000000
v -10.51166725 19.12814331 8.00000000
v -10.56175995 19.15296364 8.26570415
v -10.30462837 19.35893250 8.77936077
v -12.49597836 17.94462967 12.93112564
v -11.72458553 18.42819786 12.30133152
v -11.69420624 18.59080124 12.49125385
v -11.72105598 18.79078674 12.64197731
v -11.80250645 19.00858116 12.73874760
v -12.50762844 18.30695534 13.27187157
v -12.59808540 18.52115250 13.36867046
v -12.47244549 18.10829735 13.12110424
v -12.73495960 18.72992516 13.40202522
v -11.93058586 19.22286606 12.77209282
v -10.93461132 18.87869453 11.67153645
v -10.89743519 19.03994560 11.86140251
v -10.91590118 19.24091339 12.01208115
v -10.98820400 19.46192551 12.10882282
v -11.10726452 19.68134880 12.14215755
v -10.26646996 20.10465240 11.51222038
v -18.38540840 12.24935627 18.59918022
v -19.94639397 11.29891777 20.33113861
v -19.38454437 10.70167446 19.85872650
v -19.43602371 10.85806847 20.04931450
v -19.73140717 11.17205715 20.29767799
v -19.55554390 11.02015114 20.20056725
v -20.42190361 10.46982384 20.96104431
v -20.20182991 10.35201073 20.92757416
v -19.43729591 12.10660172 19.70123100
v -19.22776604 11.97091389 19.66777802
v -18.90082169 11.48636055 19.22895432
v -18.94572449 11.64483356 19.41948700
v -19.05838203 11.81180000 19.57069588
v -18.69185448 12.74723816 19.03787804
v -18.42365074 12.40963268 18.78965950
v -18.52924347 12.58119106 18.94082451
v -17.96912193 13.32703781 18.31094933
v -18.32221413 13.65235424 18.44140625
v -18.12467575 13.49972916 18.40797424
v -18.89556503 12.89151955 19.07131958
v -17.83926964 12.98938560 17.96940422
v -17.87077713 13.15118599 18.15982819
v -17.37905693 14.04809475 17.68107224
v -17.26342392 13.70521450 17.33962440
v -17.28813744 13.86825562 17.52999306
v -16.65893364 14.39565372 16.70984459
v -17.71830559 14.38783646 17.81149292
v -17.52728271 14.22713089 17.77806854
v -16.67680550 14.55964947 16.90015793
v -17.08495712 15.09674168 17.18157578
v -16.90077782 14.92823315 17.14816093
v -16.76013947 14.74316406 17.05119133
v -16.02691841 15.05956078 16.08006287
v -16.03791046 15.22422504 16.27032089
v -20.37429047 16.24141121 17.77806854
v -20.34993744 17.07761955 16.49888229
v -20.23821449 17.15790176 16.70984459
v -19.60348511 17.89234161 15.86916065
v -20.07504463 17.18218231 16.90015793
v -19.87639999 17.14808464 17.05119133
v -19.66172600 17.05894661 17.14816093
v -18.91644669 17.84535217 16.51825142
v -19.48846245 17.96799278 16.08006287
v -19.32436752 17.98554611 16.27032089
v -19.12726402 17.94328880 16.42131042
v -18.82450485 18.67456055 15.23943901
v -18.70637512 18.74544334 15.45027924
v -18.54163361 18.75623894 15.64048195
v -18.34640694 18.70588684 15.79142761
v -18.13980484 18.59931755 15.88834000
v -16.42333221 15.77789497 16.55165482
v -16.24631691 15.60187531 16.51825142
v -16.11351013 15.41109371 16.42131042
v -15.44035244 16.05078316 15.79142761
v -15.73464298 16.43017387 15.92173386
v -15.56509590 16.24694633 15.88834000
v -17.72826004 19.49298096 15.01064014
v -17.53524208 19.43461990 15.16154194
v -17.33320999 19.31959915 15.25842667
v -15.36853409 15.69584084 15.45027924
v -15.37262154 15.86088467 15.64048195
v -14.68215561 16.46858597 15.01064014
v -14.74189663 16.66118240 15.16154194
v -14.85835838 16.86238670 15.25842667
v -15.02014351 17.05250359 15.29181004
v -4.00000000 0.00000000 8.00000000
v -3.96577954 0.52210474 8.00000000
v -3.86370325 1.03527617 8.00000000
v -3.69551802 1.53073370 8.00000000
v -3.46410155 2.00000000 8.00000000
v -3.17341328 2.43504572 8.00000000
v -2.82842708 2.82842708 8.00000000
v -2.43504572 3.17341328 8.00000000
v -2.00000000 3.46410155 8.00000000
v -1.53073370 3.69551802 8.00000000
v -1.03527617 3.86370325 8.00000000
v -0.52210474 3.96577954 8.00000000
v -10.02975178 19.34323120 8.00000000
v -9.51725578 19.60536575 8.00000000
v -9.56784153 19.61086464 8.34620667
v -9.04097557 19.89906120 8.00000000
v -10.01098156 19.71628189 9.45841980
v -9.95771599 19.79651642 9.59326458
v -9.85365391 19.82851601 9.55963421
v -10.12747192 19.29541016 11.04173946
v -9.91488647 19.89777946 9.72951031
v -9.82599735 20.16261292 10.05366516
v -9.78138256 20.29553604 10.21636200
v -9.76153278 20.35467911 10.28875256
v -9.75029278 20.44101524 10.36975098
v -9.30460739 19.67769814 10.41193962
v -9.25402641 19.83539581 10.60169315
v -9.30927753 20.26356316 10.84896564
v -9.40970135 20.49211884 10.88228130
v -9.25563622 20.03726959 10.75228214
v -8.42073822 20.32975960 8.00000000
v -8.58662319 20.41195869 8.87990475
v -10.08355713 19.45502472 11.23154926
v -10.09360504 19.65662193 11.38218307
v -10.15663242 19.88046837 11.47889519
v -20.49938583 11.89169598 42.55710983
v -20.30207443 11.85937023 42.71026611
v -20.14210320 11.88386250 42.90324783
v -20.18104172 12.81021309 41.83072281
v -19.96942902 12.71540356 41.92903137
v -19.77358627 12.67496872 42.08214569
v -19.61268616 12.69286537 42.27507782
v -19.50247574 12.76734257 42.48894882
v -20.03513718 11.96277523 43.11717606
v -19.01458168 14.40306473 40.57461929
v -18.81150246 14.29109287 40.67287064
v -18.61959648 14.23465061 40.82590866
v -18.45765114 14.23926258 41.01874161
v -18.38394165 15.16075516 39.94656754
v -18.18565369 15.04048061 40.04479599
v -17.99620819 14.97616863 40.19779205
v -19.61397934 13.61912155 41.20267105
v -19.40645599 13.51564312 41.30094910
v -19.21241570 13.46716404 41.45402527
v -19.05085754 13.47842979 41.64691162
v -18.93759155 13.54833889 41.86072540
v -18.34151840 14.30447674 41.23250198
v -17.83415031 14.97411346 40.39057922
v -17.71534538 15.03451633 40.60428238
v -20.04616737 18.49222565 39.31851959
v -19.89552689 18.29323769 39.28467941
v -20.20253944 18.89221191 39.56967926
v -20.19296646 19.05405807 39.76241302
v -20.15195656 18.69861794 39.41672134
v -19.24656105 19.28790665 38.69047165
v -19.34366035 19.49853897 38.78865051
v -19.38611412 19.69410896 38.94156647
v -19.36976624 19.85547256 39.13425064
v -19.10432053 19.08283043 38.65664291
v -18.28188515 19.83830452 38.02860641
v -18.41547966 20.04911804 38.06242752
v -18.50371742 20.26362419 38.16057968
v -18.53796577 20.46082687 38.31345749
v -17.03356552 16.59246063 38.69047165
v -16.84586906 16.45620918 38.78865051
v -16.66230774 16.37649155 38.94156647
v -17.72320557 15.89095116 39.31851959
v -17.34338570 15.69050312 39.56967926
v -17.53004837 15.76257896 39.41672134
v -17.18148994 15.68177891 39.76241302
v -17.06020927 15.73726082 39.97606277
v -16.50084877 16.36110878 39.13425064
v -16.37729836 16.41156769 39.34784698
v -16.31626320 17.26414490 38.06242752
v -16.13434982 17.12024689 38.16057968
v -15.95420170 17.03301811 38.31345749
v -15.79345417 17.01099777 38.50609207
v -15.66784096 17.05634308 38.71963120
v -15.57258511 17.90491676 37.43438339
v -15.39676571 17.75361633 37.53251266
v -14.80385971 18.51374626 36.80634308
v -14.46202946 18.25350571 37.05723953
v -14.63443470 18.35530281 36.90444565
v -14.30351925 18.21831894 37.24977493
v -14.01145458 19.08966064 36.17830276
v -13.84871483 18.92434120 36.27637863
v -13.68062401 18.81550980 36.42913437
v -13.52363777 18.77381706 36.62162018
v -13.39312172 18.80334473 36.83499146
v -13.19677544 19.63174057 35.55026627
v -13.04099941 19.45983124 35.64831543
v -12.87751198 19.34414673 35.80103302
v -12.36126518 20.13913345 34.92223358
v -12.21271896 19.96092415 35.02025604
v -12.05411243 19.83858299 35.17293167
v -11.90097141 19.78408623 35.36531448
v -12.72231579 19.29601288 35.99346542
v -12.59060383 19.32014275 36.20677948
v -11.76828671 19.80276680 35.57857132
v -11.36533356 20.42684174 34.39219666
v -11.21187973 20.29804802 34.54483414
v -11.06105518 20.23727417 34.73716354
v -10.92762280 20.25046921 34.95036697
v -15.22033882 17.65902519 37.68534851
v -15.06057358 17.63039970 37.87793350
v -14.93311024 17.67054367 38.09141541
v -14.17442036 18.25318909 37.46320343
v -12.97216415 19.13758850 44.41843796
v -12.98331261 19.49538803 44.76395035
v -12.94906616 19.29818535 44.61107254
v -12.35143375 20.43176079 44.26609421
v -12.22671604 20.21557808 44.23228455
v -12.15132713 19.63952827 43.78873444
v -12.12151337 19.79907608 43.98131943
v -12.14749146 19.99757004 44.13415527
v -11.31120396 20.10634995 43.15903091
v -11.27472305 20.26456642 43.35156250
v -11.29238319 20.46400261 43.50436020
v -20.33527374 11.56842327 51.34505844
v -20.38577461 11.72192764 51.53823853
v -19.97027588 12.71288395 51.06177902
v -19.81502724 12.39128494 50.71537399
v -19.85907364 12.54682541 50.90850449
v -19.26156044 13.19091988 50.08568573
v -19.29907036 13.34822464 50.27877045
v -20.34509087 13.01209831 51.19409180
v -20.13774490 12.87320614 51.16018295
v -19.56389809 13.68598366 50.53038406
v -19.76529312 13.83337402 50.56428528
v -19.40324783 13.51881218 50.43200302
v -18.67589951 13.96598911 49.45600128
v -19.15242004 14.62896824 49.93447495
v -18.95732307 14.47333336 49.90058136
v -18.80377388 14.29960442 49.80222702
v -18.70680237 14.12478542 49.64903259
v -18.05913353 14.71520138 48.82630920
v -18.31914330 15.23394299 49.27077866
v -18.17296219 15.05395603 49.17244720
v -18.08336830 14.87520981 49.01929474
v -18.50760269 15.39755249 49.30466080
v -20.25721359 19.03326225 47.35311127
v -20.14394760 19.10317230 47.56692505
v -19.98238754 19.11443710 47.75981140
v -19.78834915 19.06595802 47.91288757
v -19.58082390 18.96248055 48.01116562
v -19.43071556 19.84117317 46.72347260
v -19.31458282 19.90638733 46.93723297
v -18.96073151 19.85455704 47.28310394
v -18.75765038 19.74258614 47.38135910
v -19.15263748 19.91099930 47.13006592
v -20.37153244 18.14804268 48.64097214
v -17.41239357 15.43731022 48.19662094
v -17.42991638 15.59825230 48.38955307
v -17.51197052 15.78061485 48.54266739
v -16.73686981 16.13112068 47.56692505
v -16.74764061 16.29271507 47.75981140
v -16.82201385 16.47837639 47.91288757
v -17.12693024 16.84862900 48.04503250
v -16.95270920 16.66993141 48.01116562
v -16.03379440 16.79549026 46.93723297
v -16.03779030 16.95745277 47.13006592
v -16.10434914 17.14608765 47.28310394
v -16.39359474 17.52871895 47.41521454
v -16.22694969 17.34293365 47.38135910
v -17.65052986 15.96654701 48.64097214
v -17.83202744 16.13784790 48.67484665
v -17.90349770 20.48707008 46.75154495
v -15.63335419 18.17700386 46.78539276
v -15.47457409 17.98445129 46.75154495
v -15.30444336 17.42932701 46.30753708
v -15.30165482 17.59137535 46.50032043
v -15.36027813 17.78265572 46.65331650
v -14.84758091 18.79241943 46.15557098
v -14.55014038 18.03159904 45.67783737
v -14.54056644 18.19344521 45.87057495
v -14.59115028 18.38704109 46.02352905
v -14.69694042 18.59343338 46.12173462
v -13.79835320 18.95825768 45.39374161
v -13.89545250 19.16889000 45.49191666
v -13.77224731 18.60132599 45.04813766
v -13.75589943 18.76268959 45.24082565
v -14.03769302 19.37396812 45.52574921
v -13.07155228 19.70989418 44.86210251
v -13.20514679 19.92070770 44.89592361
v -16.56723595 20.52961349 8.00000000
v -15.79801941 21.12884331 8.00000000
v -15.41228962 21.45343781 12.72053242
v -16.30676842 20.81355858 13.35026169
v -16.18052101 20.86940956 13.56091690
v -15.82789230 20.78574753 13.90176392
v -16.01551247 20.85982704 13.75095177
v -15.63602734 20.65442657 13.99859142
v -15.35904312 21.39934731 8.00000000
v -14.68789387 21.87885666 8.00000000
v -14.10708427 22.20425224 8.00000000
v -13.54235363 22.57337189 8.00000000
v -12.81465530 22.94219017 8.00000000
v -15.28375530 21.50406265 12.93112564
v -15.11921501 21.48769379 13.12110424
v -14.93477631 21.40593529 13.27187157
v -14.74849129 21.26679039 13.36867046
v -14.49282265 22.05497169 12.09080124
v -14.36221790 22.10027504 12.30133152
v -14.19842625 22.07714272 12.49125385
v -14.01748180 21.98784256 12.64197731
v -13.83709621 21.84111214 12.73874760
v -13.55000973 22.61718941 11.46106815
v -12.90347004 22.37646294 12.10882282
v -13.41755390 22.65708733 11.67153645
v -13.25478840 22.62722588 11.86140251
v -13.07764816 22.53052902 12.01208115
v -12.74577522 22.81560707 8.00000000
v -12.69961452 22.83519745 8.07905102
v -12.69451427 22.83736229 8.08778572
v -12.68905926 22.83967781 8.09712696
v -12.68355751 22.84201241 8.10654926
v -12.67844772 22.84418106 8.11529922
v -12.59785843 22.87837982 8.25330830
v -12.59202576 22.93135643 8.00000000
v -12.28070068 22.98542786 8.77558708
v -11.81507587 23.04038620 9.46498585
v -11.72514915 23.04175568 9.59113121
v -11.62359810 23.02418137 9.71910858
v -11.15086842 22.90459824 10.28625488
v -10.74044704 22.13529396 11.10758877
v -10.72204304 22.17300034 11.08648205
v -10.79165173 22.73427582 10.65706825
v -10.60016918 22.61314583 10.83176517
v -10.56115055 22.57582092 10.85779285
v -10.38928604 22.80809975 10.73301792
v -12.11694622 23.03313255 11.38218307
v -11.94927406 22.87199211 11.47889519
v -10.66637421 21.42798233 11.29401207
v -10.74995613 21.54977226 11.29730320
v -10.54550934 21.37151718 11.25145531
v -12.15096474 23.22113609 8.00000000
v -11.65379429 23.51128769 8.00000000
v -11.67644978 23.46572685 8.34620667
v -12.58552647 23.13919067 10.83133316
v -12.45144367 23.17360687 11.04173946
v -11.64734364 23.10765839 9.55963421
v -11.60108662 23.62014580 10.20159721
v -11.14958382 23.75392342 8.00000000
v -10.45235920 24.04387474 8.00000000
v -10.47262096 23.85985374 8.87990475
v -11.46560287 23.64901352 10.41193962
v -11.30571842 23.60584259 10.60169315
v -10.97620392 23.32691574 10.84896564
v -11.13708305 23.49485397 10.75228214
v -10.59045315 23.38235855 9.91110802
v -12.28998184 23.13706207 11.23154926
v -18.14877510 33.95396805 0.00000000
v -18.14877510 33.95396805 0.60000002
v -17.75457001 34.14041138 0.00000000
v -17.75457001 34.14041138 0.60000002
v -15.97285557 34.98310089 0.00000000
v -19.32726669 36.15877151 0.00000000
v -19.32726669 36.15877151 0.60000002
v -15.69002056 37.87906265 0.00000000
v -15.69002056 37.87906265 0.60000002
v -14.50933456 35.85927200 0.00000000
v -14.15928745 34.18354416 8.00000000
v -14.92465401 36.03130341 0.00000000
v -14.92465401 36.03130341 0.60000002
v -14.37642765 36.03130341 0.00000000
v -13.44227219 36.03130341 0.00000000
v -14.92465401 36.03130341 6.00000000
v -11.58653164 36.69529724 0.00000000
v -11.58653164 36.69529724 0.60000002
v -11.17596054 36.84220123 0.00000000
v -11.17596054 36.84220123 0.60000002
v -11.90167141 39.23455429 0.00000000
v -11.90167141 39.23455429 0.60000002
v -10.16162777 21.13687515 11.10575199
v -9.73140049 20.58612823 10.50588894
v -9.71503735 20.71182632 10.62381554
v -9.71057606 20.74608994 10.65595913
v -9.70855045 20.97616005 10.83295155
v -9.72529221 21.06322289 10.87556934
v -9.05225658 20.57029915 9.91110802
v -9.42730141 21.04944611 10.73301792
v -9.57973862 21.68073463 11.05631447
v -9.93993282 22.33922386 11.05631447
v -7.83142138 21.23809433 9.10889053
v -8.35953331 21.39169312 10.04106331
v -8.43825722 22.01337051 10.43876934
v -8.67239475 22.60480881 10.57478905
v -9.36961746 24.05015564 9.10889053
v -9.52514362 23.52260780 10.04106331
v -9.04412270 23.12098694 10.43876934
v -9.29860687 24.39241600 8.01626682
v -9.33722591 24.38392639 8.00000000
v -9.29887009 24.39423561 8.00000000
v -9.28072929 24.39682198 8.00000000
v -8.41393280 23.88861847 9.43500328
v -7.94197798 23.43210411 9.74344730
v -8.26202393 24.45521545 8.00000000
v -8.27119732 24.37190437 8.39835262
v -7.87977266 24.41817474 8.00000000
v -7.53289652 21.08533478 8.00000000
v -7.50491714 21.11327553 8.01626682
v -7.50352621 21.11207199 8.00000000
v -7.49156427 21.12595367 8.00000000
v -6.89290524 21.95225525 8.00000000
v -6.96800518 21.98946953 8.39835262
v -6.71790934 22.29411125 8.00000000
v -6.54801512 22.79682922 8.00000000
v -6.77485895 22.82911873 8.64366722
v -7.45194864 22.12996292 9.43500328
v -7.58178425 22.77361488 9.74344730
v -7.36481619 24.29006958 8.00000000
v -7.45998716 24.08163834 8.64366722
v -6.49737072 23.25535202 8.00000000
v -6.53363085 23.46702194 8.00000000
v -6.94438410 23.55003166 8.72819614
v -6.79272175 23.94068146 8.00000000
v -6.95140028 24.08538818 8.00000000
v -5.47325277 26.08593559 29.86431885
v -3.85534930 22.53629494 29.71202469
v -3.97879481 22.64288139 29.52010345
v -4.08240700 22.81463623 29.36779404
v -4.15604305 23.03474617 29.27000618
v -3.13284612 22.93922615 28.73975182
v -3.03638434 22.76332092 28.89202118
v -2.91738343 22.65170479 29.08389091
v -2.78749251 22.61530304 29.29657936
v -3.19732690 23.16220093 28.64199066
v -1.97648096 22.72813606 28.45575714
v -2.09083223 22.84459686 28.26394081
v -2.17997813 23.02435493 28.11171341
v -1.84811783 22.68637276 28.66838837
v -1.14376378 22.88665581 27.63586044
v -1.03425920 22.76554489 27.82762527
v -0.19680293 22.88951302 27.00778389
v -0.09233407 22.76395226 27.19949722
v -0.90764511 22.71848297 28.04019928
v -2.23519206 23.24981499 28.01397705
v -1.22543979 23.06996346 27.48367500
v -1.27129221 23.29752350 27.38596725
v -0.27086809 23.07605934 26.85564041
v -0.30727950 23.30533218 26.75795746
v -4.38572931 26.26541519 29.23630905
v -4.38142967 26.51497269 29.27000618
v -4.33679867 26.74274254 29.36779404
v -4.25620556 26.92642593 29.52010345
v -4.14753914 27.04804420 29.71202469
v -3.29274035 26.39962006 28.60830307
v -3.27807140 26.64878464 28.64199066
v -3.22398210 26.87450600 28.73975182
v -3.13576651 27.05468750 28.89202118
v -3.02206039 27.17169380 29.08389091
v -2.19616866 26.48840332 27.98030090
v -2.17115569 26.73674583 28.01397705
v -2.10770059 26.96002579 28.11171341
v -2.01201463 27.13639069 28.26394081
v -1.89346445 27.24857521 28.45575714
v -1.09789872 26.53170204 27.35229874
v -1.06258476 26.77879143 27.38596725
v -0.98987335 26.99924278 27.48367500
v -0.88688195 27.17148018 27.63586044
v -0.76369196 27.27864265 27.82762527
v -7.99870300 40.21219635 0.00000000
v -7.99870300 40.21219635 0.60000002
v -7.51097727 37.76023483 0.00000000
v -7.51097727 37.76023483 0.60000002
v -3.77365994 38.31461334 0.00000000
v -3.77365994 38.31461334 0.60000002
v -3.33810091 38.33600998 0.00000000
v -3.33810091 38.33600998 0.60000002
v -4.01870298 40.80257416 0.00000000
v -4.01870298 40.80257416 0.60000002
v -16.66486359 21.46322823 36.80634308
v -16.73493576 21.68436050 36.90444565
v -16.75259590 21.88379478 37.05723953
v -16.71611595 22.04201317 37.24977493
v -16.54923820 21.24204636 36.77254105
v -15.74843788 22.11384010 36.17830276
v -15.80923462 22.33771133 36.27637863
v -15.64210510 21.88804245 36.14450836
v -15.81854439 22.53774071 36.42913437
v -15.77545547 22.69434929 36.62162018
v -18.51486778 20.62142372 38.50609207
v -17.63362885 20.99262428 37.53251266
v -17.55440331 20.77461624 37.43438339
v -17.42968559 20.55843353 37.40056992
v -17.65960503 21.19111824 37.68534851
v -17.62979317 21.35066605 37.87793350
v -15.81919003 22.70266914 44.20489883
v -15.53282928 22.72599411 44.61107254
v -15.69357681 22.74801445 44.41843796
v -14.80674458 22.72540855 35.55026627
v -14.85815907 22.95162964 35.64831543
v -14.70988846 22.49538422 35.51647949
v -14.85909939 23.15190506 35.80103302
v -14.80947208 23.30662918 35.99346542
v -13.84144497 23.29695702 34.92223358
v -13.88338661 23.52513504 35.02025604
v -13.75423241 23.06310654 34.88845444
v -13.87595272 23.72530556 35.17293167
v -13.81987000 23.87787247 35.36531448
v -12.85423470 23.82758141 34.29419708
v -12.88663006 24.05732155 34.39219666
v -12.87083244 24.25703621 34.54483414
v -11.50639534 20.61104584 34.29419708
v -10.63367081 21.04674339 33.66616821
v -10.35229683 20.72183037 33.91673660
v -10.50033569 20.85685730 33.76414108
v -10.76360226 24.51991081 33.00438690
v -10.82104492 24.76280022 33.03813934
v -10.83419228 24.99446106 33.13608551
v -10.80175686 25.19221878 33.28863907
v -10.72691441 25.33671570 33.48086929
v -12.77681732 23.59030724 34.26042938
v -11.77935886 24.07616043 33.63240814
v -11.84684753 24.31644821 33.66616821
v -12.80838871 24.40717697 34.73716354
v -11.86963940 24.54734993 33.76414108
v -11.84550285 24.74625969 33.91673660
v -11.77680111 24.89370918 34.10901642
v -15.35268116 22.63876534 44.76395035
v -14.84800911 23.31965065 43.57525253
v -14.72054577 23.35979462 43.78873444
v -14.56078053 23.33116913 43.98131943
v -14.38435364 23.23657799 44.13415527
v -14.20853424 23.08527756 44.23228455
v -13.85289955 23.89517403 42.94560242
v -13.72380066 23.93004417 43.15903091
v -13.56529045 23.89485741 43.35156250
v -13.22345924 23.63461494 43.60246277
v -13.39288425 23.79306030 43.50436020
v -12.83562660 24.42831993 42.31595230
v -10.45329380 20.53731537 42.52932358
v -10.41020489 20.69392395 42.72180939
v -10.41951466 20.89395523 42.87456512
v -11.36245537 20.68513489 43.60246277
v -11.47808075 20.90631676 43.63626480
v -10.48031139 21.11782455 42.97264099
v -10.58664322 21.34362221 43.00643539
v -10.74183178 25.36416817 41.05664825
v -12.38003445 24.30732346 42.87456512
v -12.21729469 24.14200592 42.97264099
v -12.70511150 24.45784760 42.52932358
v -12.54812431 24.41615486 42.72180939
v -11.79799271 24.91824150 41.68630219
v -11.66628170 24.94237137 41.89961624
v -11.51108551 24.89423752 42.09204865
v -11.34759808 24.77855301 42.24476624
v -11.19182110 24.60664368 42.34281540
v -10.60914707 25.38284874 41.26990509
v -10.29739952 25.20601082 41.61496353
v -10.45600605 25.32835197 41.46228790
v -18.57209587 20.61330986 46.09383011
v -18.45328903 20.67371178 46.30753708
v -18.29123116 20.67165756 46.50032043
v -18.10178566 20.60734367 46.65331650
v -17.68289757 21.34839630 45.46418762
v -17.56161690 21.40387917 45.67783737
v -17.39972115 21.39515495 45.87057495
v -17.21305847 21.32307816 46.02352905
v -17.01990128 21.19470787 46.12173462
v -16.76471519 22.04522896 44.83454514
v -16.64116478 22.09568787 45.04813766
v -16.47970581 22.08030701 45.24082565
v -16.29614449 22.00058746 45.39374161
v -16.10844803 21.86433601 45.49191666
v -15.17076778 22.49486732 44.86210251
v -9.61924267 21.25031471 33.13608551
v -9.74462318 21.44555855 33.03813934
v -9.47687149 21.10928154 33.28863907
v -9.33144569 21.03625870 33.48086929
v -8.72359657 21.60662079 32.50802994
v -8.58713722 21.45981598 32.66054535
v -8.44478512 21.38084602 32.85272217
v -8.31047535 21.37743759 33.06575394
v -8.84080696 21.80688667 32.41011047
v -7.81496143 21.92524338 31.87998009
v -7.92380047 22.13019180 31.78208542
v -10.20404530 20.65487862 34.10901642
v -10.07009220 20.66255569 34.32216263
v -9.19719982 21.03839874 33.69395828
v -9.73132133 24.92088127 32.37636948
v -9.77861977 25.16594696 32.41011047
v -9.78209877 25.39796638 32.50802994
v -9.74141884 25.59422493 32.66054535
v -8.68431664 25.27845955 31.74835396
v -8.72138786 25.52528191 31.78208542
v -7.68464661 21.77291870 32.03245163
v -7.54561186 21.68812561 32.22457886
v -7.41146803 21.67916679 32.43755722
v -6.77097273 22.04813004 31.40436363
v -6.89491940 22.20572090 31.25193024
v -6.99520111 22.41500282 31.15406227
v -6.63549376 21.95765686 31.59643936
v -6.50174427 21.94315529 31.80935669
v -5.84770393 22.28506470 30.77627563
v -5.96507025 22.44765472 30.62388420
v -6.05662203 22.66091156 30.52604103
v -5.71601248 22.18905830 30.96829987
v -5.58288670 22.16903305 31.18115997
v -7.62440777 25.59211922 31.12034035
v -7.78823853 21.60869789 40.64019394
v -7.72579384 21.75883865 40.83252716
v -7.70999622 21.95855331 40.98516083
v -9.67870808 21.74299812 42.37660217
v -9.57912540 20.93175507 41.89961624
v -9.52949810 21.08647919 42.09204865
v -9.53043842 21.28675461 42.24476624
v -9.58185196 21.51297569 42.34281540
v -8.69024849 21.28906250 41.26990509
v -8.63416576 21.44162941 41.46228790
v -8.62673187 21.64179993 41.61496353
v -8.66867352 21.86997795 41.71298981
v -8.75588608 22.10383034 41.74676514
v -7.74239159 22.18829346 41.08316040
v -7.81980896 22.42556763 41.11692810
v -9.23129272 25.58903313 40.98516083
v -10.14885330 25.02780151 41.71298981
v -9.09023094 25.40482903 41.08316040
v -6.87468863 21.89018631 40.01048279
v -6.80598688 22.03763580 40.20276260
v -6.78185081 22.23654747 40.35535812
v -6.80464220 22.46744728 40.45333099
v -6.87213087 22.70773697 40.48708725
v -5.95120907 22.13312340 39.38076782
v -5.87636614 22.27762032 39.57299805
v -5.84393072 22.47537804 39.72555161
v -5.85707808 22.70703888 39.82349777
v -5.91452122 22.94992828 39.85724640
v -9.66056156 25.73551559 32.85272217
v -8.71519184 25.75725555 31.87998009
v -8.66633511 25.95167351 32.03245163
v -8.57960033 26.08950424 32.22457886
v -7.65118790 25.84027100 31.15406227
v -7.63532686 26.07179451 31.25193024
v -7.57837677 26.26402855 31.40436363
v -7.48591185 26.39815712 31.59643936
v -6.55343485 25.86140442 30.49232864
v -6.56987762 26.11045456 30.52604103
v -6.54437780 26.34112740 30.62388420
v -6.47943068 26.53084373 30.77627563
v -6.38139486 26.66102982 30.96829987
v -5.47932959 26.33545494 29.89802361
v -5.44423437 26.56487656 29.99583817
v -5.37140179 26.75173950 30.14818764
v -5.26796198 26.87775421 30.34016037
v -9.66900349 25.76540565 40.42699432
v -9.53557110 25.77860069 40.64019394
v -9.38474655 25.71782684 40.83252716
v -8.58139801 26.12134171 39.79733658
v -8.44744492 26.12901878 40.01048279
v -8.01781845 25.73715401 40.45333099
v -8.15115356 25.92704010 40.35535812
v -8.29919243 26.06206703 40.20276260
v -7.48092365 26.43144035 39.16767883
v -7.05888081 26.21952438 39.72555161
v -7.34667778 26.43358040 39.38076782
v -7.20125198 26.36055756 39.57299805
v -6.93350077 26.02428055 39.82349777
v -6.36951017 26.69524574 38.53801727
v -6.23520088 26.69183731 38.75104904
v -6.09284878 26.61286736 38.94322968
v -5.95638895 26.46606255 39.09574127
v -5.83917856 26.26579666 39.19366074
v -5.24910212 26.91238976 37.90835571
v -4.78876305 22.38202095 30.34016037
v -4.65648890 22.35649681 30.55296516
v -5.02702522 22.65071487 29.99583817
v -4.91644096 22.48340034 30.14818764
v -5.10969019 22.86758232 29.89802361
v -3.72415400 22.50531006 29.92477036
v -2.19062686 22.71359825 36.86188889
v -2.09259081 22.84378624 37.05391312
v -2.02764392 23.03350258 37.20630646
v -1.24203849 22.76006508 36.23216629
v -1.13859844 22.88607979 36.42413712
v -0.29337245 22.76697540 35.60243988
v -0.18470599 22.88859558 35.79436111
v -2.00214386 23.26417542 37.30414581
v -2.01858687 23.51322556 37.33786011
v -1.06576610 23.07294273 36.57648849
v -1.03067076 23.30236435 36.67430496
v -1.03674769 23.55188370 36.70800781
v -0.10411287 23.07227898 35.94667053
v -0.05948214 23.30004692 36.04446030
v -0.05518255 23.54960632 36.07815552
v -5.01942444 22.33716774 38.75104904
v -4.93856668 22.47845840 38.94322968
v -4.89788675 22.67471695 39.09574127
v -4.90136576 22.90673637 39.19366074
v -4.08096933 22.50205231 38.12133026
v -3.99423456 22.63988304 38.31345749
v -3.94537783 22.83430099 38.46593094
v -3.13748765 22.62757301 37.49161148
v -3.04502296 22.76170158 37.68368912
v -2.98807287 22.95393753 37.83612061
v -3.93918204 23.06627464 38.56382751
v -3.97625327 23.31309700 38.59755707
v -4.94866371 23.15180206 39.22740173
v -2.97221160 23.18546104 37.93398666
v -2.99899197 23.43361282 37.96770859
v -4.12165499 27.08257484 37.27869415
v -2.98913479 27.20559502 36.64902878
v -2.85600901 27.18556976 36.86188889
v -2.72431755 27.08956337 37.05391312
v -2.60695148 26.92697525 37.20630646
v -2.51539946 26.71371841 37.30414581
v -1.40031028 26.77023697 36.67430496
v -1.85351157 27.28132248 36.01936340
v -1.72123742 27.25579834 36.23216629
v -1.48297536 26.98710632 36.57648849
v -1.59355938 27.15441895 36.42413712
v -0.28486851 26.78027534 36.04446030
v -0.71675760 27.30971146 35.38969421
v -0.46211678 27.17213821 35.79436111
v -0.35850474 27.00038528 35.94667053
v -0.58556229 27.27872467 35.60243988
v -5.11495781 26.90343094 38.12133026
v -4.97592354 26.81863785 38.31345749
v -4.84560871 26.66631317 38.46593094
v -4.73676920 26.46136284 38.56382751
v -3.85242677 26.97760010 37.68368912
v -3.98790550 27.06807518 37.49161148
v -3.72847986 26.82001114 37.83612061
v -3.62819815 26.61072922 37.93398666
v -1.63379371 24.31562805 59.51599884
v -1.55130506 24.13436508 59.67018127
v -1.68268800 24.54199791 59.41700745
v -0.32741293 23.98112679 59.45156479
v -0.55160838 24.15297127 59.04201508
v -0.62656689 24.33750534 58.88787079
v -0.44852695 24.03017044 59.23625183
v -0.66606510 24.56571388 58.78890228
v -1.58272862 27.77927399 59.38289642
v -1.55383277 28.02713394 59.41700745
v -0.43184924 27.79605293 58.75479889
v -0.39267722 28.04249763 58.78890228
v -1.48835576 28.24927521 59.51599884
v -1.39270699 28.42395020 59.67018127
v -0.31799608 28.26172829 58.88787079
v -0.21511623 28.43227959 59.04201508
v -0.09410819 28.53745842 59.23625183
v -29.17512894 0.81971210 82.12979126
v -28.95845985 0.73893619 82.02997589
v -28.71346664 0.69173074 81.99558258
v -29.25387764 2.13797522 81.65703583
v -29.34996986 2.26383257 81.85289001
v -29.09131432 2.02463031 81.50160217
v -28.87819099 1.93489277 81.40180969
v -28.63537025 1.87754703 81.36742401
v -29.11551094 3.34406662 81.02881622
v -28.95780373 3.22401261 80.87341309
v -29.20628166 3.47387958 81.22462463
v -28.50836563 3.05808163 80.73926544
v -28.74859619 3.12546873 80.77364349
v -28.77490997 4.41581202 80.24523163
v -28.56998253 4.30863190 80.14547729
v -28.33275986 4.23131990 80.11110687
v -29.01277161 4.67591143 80.59635925
v -28.92748451 4.54236746 80.40058899
v -29.34226227 0.92615175 82.28525543
v -29.44350243 1.04783595 82.48115540
v -29.42089653 1.83980131 89.53561401
v -29.29401588 3.05852032 88.90607452
v -29.24602890 3.17664170 89.12327576
v -29.12414169 3.27755332 89.31922150
v -28.94028664 3.35137725 89.47472382
v -28.71245956 3.39088678 89.57456207
v -29.11671829 4.26988173 88.27652740
v -29.06385994 4.38599491 88.49368286
v -28.93787956 4.48183775 88.68958282
v -28.75111389 4.54802895 88.84504700
v -28.52183914 4.57808828 88.94486237
v -28.69020844 5.73083591 79.77237701
v -28.54303360 5.59799814 79.61704254
v -28.34274101 5.48236752 79.51731873
v -28.76985550 5.86787891 79.96810150
v -28.40417099 6.90745020 79.14415741
v -28.26265717 6.76856041 78.98886108
v -28.47803879 7.04775429 79.33983612
v -27.51858902 7.68737555 78.22664642
v -28.10893440 5.39526367 79.48295593
v -28.06734657 6.64467955 78.88916016
v -27.83736229 6.54793406 78.85479736
v -27.93434143 7.92551184 78.36067963
v -27.74435616 7.79359484 78.26099396
v -27.37440491 8.92716789 77.63284302
v -27.15324593 8.81165791 77.59850311
v -27.55873680 9.06689262 77.73249817
v -27.68819809 9.21715355 77.88772583
v -27.75011444 9.36324406 78.08332062
v -26.95820999 10.04348183 77.00468445
v -27.13656807 10.19077206 77.10432434
v -26.74204254 9.91888046 76.97035217
v -28.06994820 8.07021332 78.51593781
v -28.13790321 8.21353436 78.71157837
v -28.88939285 5.47180223 87.64698029
v -28.83174706 5.58570671 87.86408997
v -28.70188713 5.67631531 88.05994415
v -28.51252365 5.73475838 88.21537781
v -28.28219414 5.75531626 88.31517029
v -28.61251831 6.66221905 87.01743317
v -28.55017853 6.77371693 87.23448944
v -28.41665459 6.85893393 87.43030548
v -28.22501755 6.90952873 87.58570099
v -28.28665924 7.83909178 86.38788605
v -28.21972466 7.94798994 86.60489655
v -27.99402618 6.92054796 87.68547821
v -27.91245842 9.00040817 85.75833130
v -27.49064827 10.14418411 85.12878418
v -27.41485977 10.24732018 85.34569550
v -28.08276176 8.02766800 86.80066681
v -27.88917542 8.07032490 86.95603180
v -27.65791512 8.07178688 87.05577850
v -27.84103966 9.10651684 85.97529602
v -27.70086670 9.18051624 86.17102051
v -27.50565910 9.21516228 86.32635498
v -27.27452660 9.20706367 86.42607880
v -25.49328041 0.34484661 82.02997589
v -25.26400757 0.37490627 82.12979126
v -25.43235207 1.39733243 81.40180969
v -25.20202255 1.41788995 81.50160217
v -25.01265907 1.47633338 81.65703583
v -25.32803535 2.44536376 80.77364349
v -25.09704399 2.45638323 80.87341309
v -24.88279915 1.56694186 81.85289001
v -24.82515335 1.68084610 82.06999969
v -24.90540695 2.50697756 81.02881622
v -25.18059349 3.48715425 80.14547729
v -24.94933510 3.48861599 80.24523163
v -24.77188301 2.59219480 81.22462463
v -24.70954323 2.70369267 81.44168854
v -24.75574875 3.53127360 80.40058899
v -24.61878395 3.61095119 80.59635925
v -24.55185127 3.71984935 80.81337738
v -24.99036598 4.52093220 79.51731873
v -24.75923347 4.51283312 79.61704254
v -24.56402779 4.54747915 79.77237701
v -24.42385292 4.62147808 79.96810150
v -24.35243416 4.72758770 80.18506622
v -25.07723999 0.44109720 82.28525543
v -24.95125961 0.53694016 82.48115540
v -24.89840126 0.65305334 82.69831848
v -25.48065376 3.17793059 89.60896301
v -25.23391151 3.14094710 89.57456207
v -25.01407433 3.06927204 89.47472382
v -24.73645401 2.85262084 89.12327576
v -24.84266090 2.96992159 89.31922150
v -25.30165291 4.23120451 88.97926331
v -25.05665970 4.18399906 88.94486237
v -24.67285728 3.99678326 88.68958282
v -24.57161713 3.87509918 88.49368286
v -24.83999062 4.10322285 88.84504700
v -24.36457825 4.88881588 87.86408997
v -24.46066856 5.01467323 88.05994415
v -24.48326302 6.55745220 78.26099396
v -24.25357056 6.53028727 78.36067963
v -24.16742516 7.55674934 77.63284302
v -23.93904114 7.52011108 77.73249817
v -23.74097061 7.53041077 77.88772583
v -23.59259796 7.58663940 78.08332062
v -23.50844955 7.68329334 78.30014038
v -24.75776100 5.54494286 78.88916016
v -24.52715302 5.52729607 78.98886108
v -24.33065605 5.55386925 79.14415741
v -24.18750763 5.62206125 79.33983612
v -24.11171913 5.72519684 79.55675507
v -24.05611992 6.54874039 78.51593781
v -23.91023636 6.61100531 78.71157837
v -23.83020210 6.71098757 78.92844391
v -23.81086731 8.54114819 77.00468445
v -23.58418465 8.49509907 77.10432434
v -23.38582993 8.49722576 77.25951385
v -23.23521805 8.54731846 77.45506287
v -23.14709473 8.64047527 77.67182922
v -23.41428375 9.50899315 76.37653351
v -23.18968964 9.45361137 76.47614288
v -22.99138832 9.44755840 76.63130188
v -22.83879089 9.49142742 76.82680511
v -22.74683571 9.58092213 77.04352570
v -24.81369591 6.30783033 87.71985626
v -24.57346535 6.24044323 87.68547821
v -24.36425781 6.14189911 87.58570099
v -25.07917786 5.27510166 88.34955597
v -24.83635521 5.21775579 88.31517029
v -24.62323189 5.12801838 88.21537781
v -24.50575066 7.32762146 87.09014893
v -24.11577988 5.89203215 87.23448944
v -24.20655060 6.02184486 87.43030548
v -23.91102409 7.01657343 86.80066681
v -23.82573891 6.88302994 86.60489655
v -24.26852798 7.25030899 87.05577850
v -24.06359863 7.14312935 86.95603180
v -23.12432861 8.82162666 85.34569550
v -23.19819641 8.96193027 85.54138184
v -23.76500702 9.32144642 85.83073425
v -23.53502083 9.22470188 85.79637909
v -23.33971214 9.10082054 85.69667053
v -23.10788536 10.18586445 85.16667175
v -23.72185898 8.12999725 86.32635498
v -23.92215157 8.24562740 86.42607880
v -24.15595818 8.33273220 86.46044159
v -23.57468414 7.99715948 86.17102051
v -23.49503708 7.86011696 85.97529602
v -22.78229332 9.90924644 84.91173553
v -22.71434021 9.76592445 84.71609497
v -22.91790009 10.05394745 85.06699371
v -24.99948311 14.47391510 74.59162903
v -24.84801674 14.29903889 74.49208069
v -24.65544891 14.14037514 74.45777893
v -24.21402359 15.30157471 73.86392975
v -24.02821350 15.13504505 73.82963562
v -21.99229240 12.29713631 74.49208069
v -21.77624702 12.21438217 74.59162903
v -21.23139381 13.09126091 73.96345520
v -21.44384193 13.18287849 73.86392975
v -21.03666878 13.05271053 74.11846924
v -20.87873077 13.07100105 74.31379700
v -20.77303505 13.14434242 74.53032684
v -20.85980034 14.04431438 73.23578644
v -20.65131187 13.94398975 73.33528900
v -24.35807610 15.48261738 73.96345520
v -24.44627190 15.66045189 74.11846924
v -24.46998024 15.81766987 74.31379700
v -23.75675392 16.64443970 73.49026489
v -23.53966522 16.27615356 73.23578644
v -23.67605400 16.46305084 73.33528900
v -23.36093712 16.10204506 73.20149994
v -23.77386665 16.80256653 73.68555450
v -22.82616997 17.22115517 72.60764313
v -22.65483093 17.03976822 72.57336426
v -22.95465851 17.41357994 72.70712280
v -23.02771950 17.59820938 72.86206055
v -23.03820038 17.75696754 73.05730438
v -20.56758881 20.07026863 70.82263184
v -22.19519234 18.33263016 72.07895660
v -22.26048470 18.52017784 72.23386383
v -22.07482910 18.13500977 71.97949982
v -21.91117477 17.94665909 71.94522858
v -22.26431274 18.67929077 72.42906189
v -21.28699875 19.01620674 71.35135651
v -21.39902687 19.21868134 71.45079041
v -21.13131142 18.82121658 71.31709290
v -21.45643234 19.40881729 71.60566711
v -21.45359612 19.56800652 71.80081940
v -20.61700630 20.26266479 70.97747040
v -20.60750580 20.42165184 71.17257690
v -27.25965309 10.34633255 77.25951385
v -27.31542015 10.49493694 77.45506287
v -26.66863823 11.29525375 76.47614288
v -26.49656677 11.14065361 76.37653351
v -26.28576088 11.00717545 76.34220123
v -26.78513336 11.45584393 76.63130188
v -26.30870056 12.69666958 76.19855499
v -25.78526688 12.07471180 75.71405792
v -26.15583038 12.37847805 75.84796906
v -25.99034309 12.21683502 75.74837494
v -26.26552773 12.54381752 76.00308990
v -26.83464622 11.60670280 76.82680511
v -25.70180893 13.60842609 75.37488556
v -25.73855782 13.76300430 75.57029724
v -27.27171135 10.31551170 85.54138184
v -27.07521629 10.34208488 85.69667053
v -27.02203941 11.26847172 84.49922943
v -26.94200516 11.36845398 84.71609497
v -26.84460640 10.32443810 85.79637909
v -26.79612350 11.43071938 84.91173553
v -26.59867096 11.44917202 85.06699371
v -26.36897850 11.42200661 85.16667175
v -26.50752068 12.37135887 83.86967468
v -26.42337227 12.46801281 84.08649445
v -26.27500153 12.52424145 84.28208923
v -26.07692909 12.53454113 84.43730927
v -25.84854698 12.49790287 84.53697205
v -25.94806099 13.45097446 83.24011993
v -25.85993576 13.54413033 83.45688629
v -25.70932579 13.59422302 83.65243530
v -25.44048691 13.27021885 75.12022400
v -25.59910202 13.43862438 75.21979523
v -25.24149323 13.11969566 75.08591461
v -25.09501839 14.64788437 74.74667358
v -25.12527466 14.80391884 74.94204712
v -22.97843361 10.45866013 75.74837494
v -22.75631142 10.39404011 75.84796906
v -22.55840111 10.37981606 76.00308990
v -22.50414085 11.38855839 75.12022400
v -22.40407372 10.41738033 76.19855499
v -22.30844116 10.50305748 76.41522217
v -22.28486824 11.31480885 75.21979523
v -22.08768654 11.29243565 75.37488556
v -21.93189240 11.32362938 75.57029724
v -21.83273697 11.40533638 75.78692627
v -21.58012772 12.18389511 74.74667358
v -21.42312813 12.20866108 74.94204712
v -21.32061768 12.28625393 75.15862274
v -20.60209084 14.81778049 82.05244446
v -23.33365250 10.29208374 85.20102692
v -25.51096916 13.59634972 83.80762482
v -25.28428841 13.55030060 83.90726471
v -25.34470367 14.50548840 82.61055756
v -25.25274849 14.59498405 82.82727814
v -25.10015106 14.63885212 83.02278900
v -24.90184975 14.63279915 83.17794037
v -24.67725563 14.57741737 83.27755737
v -22.86272430 11.24299431 84.57131195
v -22.45723343 10.98776054 84.43730927
v -22.64156532 11.12748432 84.53697205
v -22.26585770 10.69140911 84.08649445
v -22.32777405 10.83749866 84.28208923
v -22.13694382 12.04796696 83.90726471
v -21.83550072 11.74511623 83.65243530
v -21.95858765 11.90067673 83.80762482
v -22.35311317 12.17256832 83.94159698
v -21.77973557 11.59651184 83.45688629
v -21.25689316 12.47970772 82.82727814
v -21.30640793 12.63056755 83.02278900
v -21.42290115 12.79115677 83.17794037
v -21.80577850 13.07923508 83.31188202
v -21.59497261 12.94575787 83.27755737
v -21.22174263 13.96146679 82.68216705
v -20.69830894 13.33950806 82.19766998
v -20.85117912 13.65770054 82.54825592
v -21.01666641 13.81934357 82.64785004
v -20.74147987 13.49236012 82.39313507
v -24.69856834 15.53312111 81.98100281
v -24.01084518 16.53213882 81.35144043
v -23.91169167 16.61384583 81.56806183
v -23.75589752 16.64504051 81.76348114
v -23.55871391 16.62266731 81.91856384
v -23.33944321 16.54891586 82.01813507
v -23.28279495 17.50086212 80.72187805
v -23.18028641 17.57845497 80.93845367
v -23.02328682 17.60321999 81.13382721
v -22.82716560 17.57273483 81.28887939
v -22.61112213 17.48998070 81.38842773
v -22.51574707 18.43766785 80.09231567
v -22.41005325 18.51100922 80.30883789
v -22.25211334 18.52930069 80.50417328
v -22.05738831 18.49074936 80.65918732
v -21.84494019 18.39913177 80.75871277
v -21.71109390 19.34099007 79.46275330
v -21.60239029 19.40994835 79.67922974
v -21.44377899 19.42172813 79.87451172
v -21.25078201 19.37517738 80.02949524
v -21.04229355 19.27485275 80.12899780
v -20.87029266 20.20932007 78.83318329
v -20.75876236 20.27377319 79.04961395
v -20.59974480 20.27901840 79.24485779
v -24.60293388 15.61879730 82.19766998
v -24.44860840 15.65636253 82.39313507
v -24.25069809 15.64213848 82.54825592
v -24.02857590 15.57751751 82.64785004
v -29.49705315 0.61582410 90.16516113
v -29.45902443 0.73734730 90.38246155
v -29.34592247 0.84786528 90.57849121
v -29.16882324 0.93655974 90.73405457
v -28.94505692 0.99474859 90.83393860
v -29.37785530 1.95972705 89.75286865
v -29.26026154 2.06553292 89.94885254
v -29.07963181 2.14686227 90.10439301
v -28.85364342 2.19575357 90.20424652
v -25.70672226 1.05051720 90.86835480
v -25.45776176 1.03415084 90.83393860
v -25.05368042 0.89636248 90.57849121
v -25.23274040 0.98103273 90.73405457
v -24.93811035 0.78842819 90.38246155
v -25.61578178 2.11709213 90.23866272
v -25.36771774 2.09039426 90.20424652
v -25.14509392 2.02794385 90.10439301
v -24.85871696 1.82313943 89.75286865
v -24.96970367 1.93585408 89.94885254
v -23.36980438 18.55693245 104.01682281
v -23.20143509 18.37285614 103.98217010
v -23.49599838 18.75031281 104.11737823
v -23.56766510 18.93406868 104.27400208
v -23.57778740 19.09021187 104.47135925
v -20.82920074 16.16776848 104.01682281
v -20.62843895 16.05368042 104.11737823
v -22.56288910 19.49189949 103.38859558
v -22.68092346 19.69037628 103.48913574
v -22.74485970 19.87698936 103.64572906
v -22.74843979 20.03347015 103.84304810
v -22.40231323 19.30098343 103.35395813
v -21.71866798 20.39189720 102.76037598
v -21.56616402 20.19447327 102.72573853
v -20.80805588 18.73565674 107.50000000
v -21.82833481 20.59512711 102.86089325
v -21.88442802 20.78427124 103.01745605
v -21.88145638 20.94081497 103.21473694
v -20.69447899 21.05185127 102.09753418
v -20.83864975 21.25544167 102.13215637
v -20.98790932 21.65441895 102.38918304
v -20.93975830 21.46307182 102.23265839
v -20.97838593 21.81075287 102.58641815
v -21.44176483 21.41913986 110.30986786
v -21.33194923 21.47840500 110.52864075
v -21.17547989 21.47788429 110.72599792
v -20.98767090 21.41763306 110.88262177
v -20.78690910 21.30354691 110.98317719
v -20.51603699 22.27328110 109.68036652
v -20.45831680 13.89743996 73.49026489
v -20.29970360 13.90921974 73.68555450
v -20.19099998 13.97817802 73.90203094
v -20.24124146 14.88001823 72.60764313
v -20.03706932 14.77115726 72.70712280
v -19.84612846 14.71668339 72.86206055
v -19.68711090 14.72192955 73.05730438
v -19.57558060 14.78638172 73.27372742
v -18.19000053 17.21918869 70.72322083
v -18.00084114 17.08588791 70.82263184
v -19.58928871 15.68861103 71.97949982
v -19.38978386 15.57139874 72.07895660
v -19.20122528 15.50909138 72.23386383
v -19.04207039 15.50778961 72.42906189
v -18.92790031 15.56761932 72.64543915
v -18.90513039 16.46876144 71.35135651
v -18.71063232 16.34339714 71.45079041
v -18.52477455 16.27336121 71.60566711
v -18.36575508 16.26550865 71.80081940
v -18.24913597 16.32060814 72.01714325
v -20.31664085 19.66200256 70.68896484
v -20.46409035 19.86329460 70.72322083
v -19.46862221 20.46763229 70.06083679
v -17.26168823 17.79765892 70.19446564
v -17.08218384 17.71253014 70.34927368
v -16.92423820 17.69161415 70.54433441
v -16.80331421 17.73696136 70.76055908
v -17.81800461 17.00823975 70.97747040
v -17.65938759 16.99384499 71.17257690
v -17.54051590 17.04411507 71.38884735
v -17.44518471 17.93867111 70.09507751
v -16.67201996 18.62603760 69.46694183
v -15.70064831 19.12447739 68.93815613
v -16.49450111 18.47755623 69.56630707
v -16.31863213 18.38508606 69.72107697
v -16.16162682 18.35767937 69.91609192
v -16.03885460 18.39801979 70.13227081
v -15.52871609 19.02482224 69.09288025
v -15.87188435 19.28017616 68.83881378
v -15.37291718 18.99096680 69.28785706
v -15.24850273 19.02622604 69.50398254
v -14.88154316 19.73738098 68.30999756
v -15.04620457 19.90003204 68.21067810
v -14.71384048 19.63070869 68.46469116
v -14.55951405 19.59045982 68.65962219
v -14.43366814 19.62056923 68.87569427
v -14.19644451 20.48461533 67.58255005
v -14.03864002 20.31529045 67.68184662
v -13.87545490 20.20178032 67.83650208
v -13.72286129 20.15519714 68.03137970
v -13.59579754 20.18010139 68.24741364
v -20.40309525 14.66725636 82.01813507
v -20.24448204 14.49885082 81.91856384
v -20.10502434 14.17447090 81.56806183
v -20.14177322 14.32904911 81.76348114
v -19.47813797 14.98319817 80.93845367
v -19.50839424 15.13923264 81.13382721
v -19.60393143 15.31320190 81.28887939
v -19.94796562 15.64674187 81.42272949
v -19.75539780 15.48807716 81.38842773
v -19.26056862 16.44696617 80.79300690
v -18.12822914 16.51660156 79.67922974
v -18.81880379 15.76434135 80.30883789
v -18.84251022 15.92155838 80.50417328
v -18.93070602 16.09939384 80.65918732
v -19.07476044 16.28043556 80.75871277
v -18.54115868 17.21712303 80.16328430
v -18.36243057 17.04301453 80.12899780
v -18.14533997 16.67472839 79.87451172
v -18.22603989 16.85611725 80.02949524
v -20.20463371 20.11568260 79.49927521
v -20.40880585 20.22454453 79.39979553
v -16.65844917 17.92954826 78.41999817
v -17.40767288 17.23873329 79.04961395
v -17.41815567 17.39749336 79.24485779
v -17.61970329 17.77454758 79.49927521
v -17.49121475 17.58212090 79.39979553
v -16.04850769 19.13970757 78.23983765
v -15.88191032 18.58790779 77.79038239
v -15.87907314 18.74709702 77.98552704
v -15.93647957 18.93723297 78.14040375
v -16.20419502 19.33469772 78.27410126
v -17.79104424 17.95593262 79.53355408
v -16.66227722 18.08866119 78.61519623
v -16.84793091 18.47382736 78.86956024
v -16.72756767 18.27620697 78.77010345
v -17.01158524 18.66217804 78.90383148
v -15.07945919 19.21273994 77.16075897
v -14.25253963 19.80302811 76.53113556
v -15.06995869 19.37172508 77.35586548
v -15.22287560 19.77109718 77.61011505
v -15.11937618 19.56412125 77.51070404
v -15.37032413 19.97238922 77.64437103
v -14.27772808 20.15585136 76.88100433
v -14.23638725 19.96153069 76.72620392
v -14.37251663 20.36696815 76.98039246
v -13.40263462 20.35781860 75.90151978
v -11.00000000 0.00000000 108.50000000
v -20.44063187 15.99342918 104.27400208
v -20.28416061 15.99290943 104.47135925
v -19.92774391 16.87706184 103.48913574
v -20.12362671 16.99935532 103.38859558
v -19.74255753 16.80911064 103.64572906
v -19.58618927 16.80214882 103.84304810
v -19.47395134 16.85686302 104.06177521
v -19.38494682 17.80027199 102.76037598
v -19.01202965 17.59443855 103.01745605
v -19.19428062 17.66997910 102.86089325
v -18.85603142 17.58104515 103.21473694
v -18.74155617 17.63110733 103.43341827
v -18.61449242 18.56919861 102.13215637
v -18.42936897 18.43113136 102.23265839
v -18.25036430 18.34812927 102.38918304
v -18.09499931 18.32831955 102.58641815
v -17.97848129 18.37364197 102.80506134
v -15.79243755 20.40736389 100.50437927
v -15.64054775 20.36853027 100.70149231
v -17.63438034 19.15927315 101.60441589
v -17.45892715 19.06895065 101.76091766
v -17.30445671 19.04275703 101.95811462
v -17.18609428 19.08325386 102.17670441
v -17.81364441 19.30488205 101.50394440
v -16.81073380 19.85322571 100.97618103
v -16.98383141 20.00612640 100.87572479
v -16.63913155 19.75573349 101.13264465
v -16.48582077 19.72319412 101.32980347
v -16.36581039 19.75879097 101.54835510
v -15.51909351 20.39916039 100.91999817
v -20.17434502 16.05217361 104.69013214
v -18.03832245 18.38110161 110.52864075
v -18.04844475 18.53724480 110.72599792
v -18.41467476 19.09845734 111.01782990
v -18.12011147 18.72100067 110.88262177
v -18.24630547 18.91438103 110.98317719
v -17.24154854 19.09667397 109.89909363
v -17.24512863 19.25315475 110.09641266
v -17.30906487 19.43976784 110.25299835
v -17.58767319 19.82916069 110.38818359
v -17.42709732 19.63824463 110.35353851
v -16.41649055 19.77781677 109.26954651
v -16.41351891 19.93436050 109.46681976
v -16.46961212 20.12350464 109.62338257
v -16.57927704 20.32673645 109.72389984
v -15.56463337 20.42341423 108.63999176
v -5.96492958 0.53507054 104.00000000
v -5.94866896 0.78315717 104.00000000
v -5.94866896 0.78315717 104.23182678
v -5.79555511 1.55291426 104.00000000
v -5.54327726 2.29610062 104.00000000
v -5.19615221 3.00000000 104.00000000
v -4.00000000 0.00000000 101.50000000
v -3.96577954 0.52210474 101.98788452
v -3.86370325 1.03527617 102.39897919
v -3.69551802 1.53073370 102.72624969
v -3.46410155 2.00000000 102.96410370
v -3.17341328 2.43504572 103.10845947
v -4.76011992 3.65256858 104.00000000
v -4.24264050 4.24264050 104.00000000
v -2.82842708 2.82842708 103.15685272
v -3.65256858 4.76011992 104.00000000
v -2.43504572 3.17341328 103.10845947
v -2.00000000 3.46410155 102.96410370
v -1.53073370 3.69551802 102.72624969
v -1.03527617 3.86370325 102.39897919
v -0.52210474 3.96577954 101.98788452
v -3.00000000 5.19615221 104.00000000
v -2.29610062 5.54327726 104.00000000
v -1.55291426 5.79555511 104.00000000
v -0.78315717 5.94866896 104.00000000
v -0.78315717 5.94866896 104.23182678
v -0.53507054 5.96492958 104.00000000
v -5.79555511 1.55291426 104.84847260
v -5.54327726 2.29610062 105.33937836
v -5.19615221 3.00000000 105.69615173
v -4.76011992 3.65256858 105.91268921
v -4.24264050 4.24264050 105.98528290
v -3.65256858 4.76011992 105.91268921
v -3.00000000 5.19615221 105.69615173
v -2.29610062 5.54327726 105.33937836
v -1.55291426 5.79555511 104.84847260
v -19.60757828 20.67487907 70.09507751
v -19.70236778 20.88599586 70.19446564
v -19.74370766 21.08031654 70.34927368
v -19.72755623 21.23881912 70.54433441
v -18.58876801 21.23678780 69.43270874
v -18.71899223 21.44963264 69.46694183
v -18.80490303 21.66452408 69.56630707
v -18.83809280 21.86042976 69.72107697
v -18.81531143 22.01817322 69.91609192
v -17.67864037 21.96821785 68.80458069
v -17.79990768 22.18629074 68.83881378
v -17.87679291 22.40458679 68.93815613
v -16.73985481 22.66073608 68.17645264
v -16.85195541 22.88366127 68.21067810
v -17.90177155 22.60173607 69.09288025
v -17.87239647 22.75844002 69.28785706
v -16.91968155 23.10498047 68.30999756
v -16.93640137 23.30302811 68.46469116
v -16.90048027 23.45842171 68.65962219
v -15.77407265 23.31322479 67.54833221
v -15.87681198 23.54061699 67.58255005
v -15.93525887 23.76457405 67.68184662
v -15.94369030 23.96317673 67.83650208
v -15.90128136 24.11698341 68.03137970
v -13.32410908 21.03299332 66.95442200
v -13.17343140 20.85728264 67.05369568
v -13.01504135 20.73712730 67.20831299
v -14.78299618 23.92463493 66.92021179
v -14.87619686 24.15610123 66.95442200
v -14.92526150 24.38231087 67.05369568
v -14.92538738 24.58111954 67.20831299
v -13.85187054 24.72913551 66.32629395
v -13.89146709 24.95720291 66.42554474
v -13.76836872 24.49399567 66.29209137
v -13.88328362 25.15587234 66.58013153
v -13.82812023 25.30569649 66.77491760
v -12.83568859 25.48834038 65.79739380
v -12.28744411 21.36250687 66.42554474
v -12.43073654 21.54430389 66.32629395
v -12.13411903 21.23590660 66.58013153
v -11.98576927 21.17689514 66.77491760
v -11.85691547 21.19124794 66.99084473
v -11.23423862 21.69734001 65.95194244
v -11.08839226 21.63225174 66.14669037
v -10.95897198 21.64127731 66.36256409
v -10.45939922 22.25955200 65.16924286
v -10.31698227 22.12071419 65.32376099
v -10.58719730 22.45257950 65.07004547
v -11.38223648 21.83017159 65.79739380
v -11.51789856 22.01774406 65.69816589
v -11.67561913 25.50303459 65.03585815
v -12.73197174 25.02040291 65.66397858
v -12.80562878 25.25881195 65.69816589
v -12.86444092 20.68428802 67.40315247
v -14.87656116 24.73306847 67.40315247
v -14.10679626 25.19526863 74.42619324
v -13.98095131 25.22537804 74.64226532
v -12.73637390 20.70393562 67.61912537
v -11.63998318 21.35741615 74.64226532
v -10.73037720 21.80064011 74.01264191
v -10.68796825 21.95444679 74.20751953
v -10.75484657 22.37700653 74.46147919
v -10.69639969 22.15304756 74.36218262
v -10.85758591 22.60439873 74.49568939
v -12.59301853 25.60233307 74.36218262
v -12.43521404 25.43300819 74.46147919
v -12.81920815 25.68652344 65.95194244
v -11.73930645 25.74429893 65.07004547
v -11.75977516 25.97489166 65.16924286
v -11.73502445 26.17223930 65.32376099
v -12.75780010 25.83395767 66.14669037
v -11.66747475 26.31702423 65.51845551
v -10.60115910 25.94113922 64.40774536
v -10.65476418 26.18484497 64.44191742
v -10.66560745 26.41609955 64.54109955
v -10.63262558 26.61226845 64.69557953
v -10.55904961 26.75414848 64.89022827
v -13.03586102 25.73752022 73.79661560
v -12.90879726 25.76242447 74.01264191
v -12.75620365 25.71584320 74.20751953
v -11.94424534 26.23433495 73.16703796
v -11.81617832 26.25398445 73.38301086
v -11.66557884 26.20114517 73.57785034
v -10.83387375 26.68493080 72.53746033
v -10.70502090 26.69928360 72.75338745
v -11.50718784 26.08098793 73.73246765
v -11.35651016 25.90527725 73.83174133
v -10.26005363 26.33187485 73.20201111
v -10.40334606 26.51366997 73.10276031
v -10.55667114 26.64027214 72.94817352
v -19.99485970 21.04121780 78.20362091
v -19.88068962 21.10104752 78.41999817
v -18.43037605 21.68715477 78.23983765
v -19.08637047 21.83530617 77.57405090
v -18.96975136 21.89040565 77.79038239
v -18.81072998 21.88255310 77.98552704
v -18.62487411 21.81251717 78.14040375
v -18.14645004 22.59027481 76.94448090
v -18.02757835 22.64054489 77.16075897
v -19.72153664 21.09974670 78.61519623
v -19.53297806 21.03743935 78.77010345
v -19.33347130 20.92022705 78.86956024
v -17.49696541 22.41520119 77.61011505
v -17.86896133 22.62615013 77.35586548
v -17.68612480 22.54850197 77.51070404
v -17.17678070 23.30488586 76.31491089
v -17.05585861 23.35023308 76.53113556
v -16.89791298 23.32931709 76.72620392
v -16.71840668 23.24418640 76.88100433
v -16.17909241 23.97797203 75.68534088
v -16.05632019 24.01831245 75.90151978
v -15.89931488 23.99090576 76.09653473
v -15.72344589 23.89843559 76.25129700
v -15.54592800 23.74995422 76.35066223
v -16.53491020 23.10317421 76.98039246
v -14.51147270 20.57421494 77.01464081
v -13.62917995 21.13920403 76.38490295
v -13.49895573 20.92635918 76.35066223
v -13.37985420 20.51556206 76.09653473
v -13.41304398 20.71146774 76.25129700
v -15.15515900 24.60843849 75.05576324
v -15.03074455 24.64369774 75.27189636
v -14.87494659 24.60984230 75.46686554
v -14.70301437 24.51018715 75.62159729
v -14.53177834 24.35448837 75.72093964
v -13.49425983 24.91580582 75.09120941
v -13.82662392 25.18512917 74.83719635
v -13.65892124 25.07845688 74.99188995
v -12.53126526 20.87622261 75.27189636
v -12.50189114 21.03292847 75.46686554
v -12.52686882 21.23007774 75.62159729
v -12.60375500 21.44837379 75.72093964
v -12.72502232 21.66644669 75.75517273
v -11.60406303 21.51280975 74.83719635
v -11.62078381 21.71085739 74.99188995
v -11.68850899 21.93217659 75.09120941
v -11.80060959 22.15510178 75.12543488
v -9.64026356 22.84814453 64.44191742
v -9.52054787 22.64999199 64.54109955
v -9.38395500 22.50538063 64.69557953
v -9.24385548 22.42846680 64.89022827
v -9.11396313 22.42677879 65.10600281
v -10.17388725 22.04965401 65.51845551
v -10.04412079 22.05332947 65.73428345
v -8.56732178 23.00090218 63.91295624
v -8.43678761 22.85076141 64.06739807
v -8.29992294 22.76811981 64.26200104
v -8.17012787 22.76106453 64.47772980
v -7.70433426 23.51914406 63.18568039
v -8.67875004 23.20384216 63.81380081
v -7.21425867 23.05569649 63.84945297
v -7.60138464 23.31176186 63.28481674
v -7.47713089 23.15634727 63.43922043
v -6.62441444 23.58212280 62.65667343
v -6.50665522 23.42169571 62.81104279
v -6.71870852 23.79359245 62.55756378
v -6.37695885 23.32801628 63.00555801
v -6.24802017 23.31025124 63.22117996
v -5.52704477 23.64643669 62.18286896
v -5.40126848 23.54746437 62.37733459
v -5.27308989 23.52437592 62.59290695
v -5.63810730 23.81160545 62.02853775
v -5.72358465 24.02679825 61.92945099
v -7.34373665 23.06811333 63.63378143
v -9.80405903 22.20520210 73.38301086
v -9.75523281 22.35715103 73.57785034
v -9.75535774 22.55596161 73.73246765
v -9.80442238 22.78216934 73.83174133
v -9.89762306 23.01363564 73.86595154
v -8.86266899 22.57048225 72.75338745
v -7.90787172 22.89592552 72.12375641
v -7.84646368 23.04335976 72.31849670
v -8.80750656 22.72030640 72.94817352
v -8.79932213 22.91897583 73.10276031
v -7.82998323 23.24154091 72.47304535
v -7.86004305 23.47107124 72.57227325
v -7.93370056 23.70947838 72.60646820
v -8.83891964 23.14704132 73.20201111
v -8.92242146 23.38218307 73.23620605
v -5.96479940 23.42544174 70.86448669
v -6.94134855 23.18104935 71.49411774
v -6.87379932 23.32583427 71.68881989
v -6.84904814 23.52318192 71.84333038
v -6.93320370 23.99503899 71.97672272
v -6.86951733 23.75377464 71.94253540
v -5.89122295 23.56732178 71.05913544
v -5.85824156 23.76349068 71.21361542
v -5.86908436 23.99474525 71.31279755
v -5.92268944 24.23845100 71.34696960
v -8.40543270 26.68116951 63.15152359
v -8.43861485 26.92848587 63.18568039
v -8.43016148 27.15986061 63.28481674
v -8.38090038 27.35264397 63.43922043
v -9.51046467 26.33404922 63.77963257
v -9.55389500 26.57977104 63.81380081
v -9.55509186 26.81128693 63.91295624
v -9.51393604 27.00593376 64.06739807
v -9.43445683 27.14465904 64.26200104
v -8.29565430 27.48796844 63.63378143
v -7.28798485 26.98198700 62.52341461
v -7.31085968 27.23047066 62.55756378
v -7.29277039 27.46130180 62.65667343
v -7.23548841 27.65188599 62.81104279
v -7.14462042 27.78356934 63.00555801
v -6.16005659 27.23607254 61.89530563
v -6.17258501 27.48529243 61.92945099
v -6.14489079 27.71517944 62.02853775
v -6.07968521 27.90323067 62.18286896
v -5.98335028 28.03103828 62.37733459
v -9.14777374 26.71213913 72.57227325
v -9.28343487 26.89971161 72.47304535
v -9.70669937 27.08860588 71.90787506
v -9.57728004 27.09763145 72.12375641
v -9.43143272 27.03254318 72.31849670
v -8.56470299 27.44474411 71.27829742
v -8.43493652 27.44841957 71.49411774
v -8.29184151 27.37735939 71.68881989
v -8.14942455 27.23852158 71.84333038
v -8.02162647 27.04549408 71.94253540
v -7.40988541 27.75281143 70.64871216
v -7.27999353 27.75112343 70.86448669
v -6.24426699 28.01235580 70.01912689
v -6.11447144 28.00530052 70.23484802
v -5.84707260 27.77252007 70.58390045
v -5.97760773 27.92265892 70.42945862
v -5.73564434 27.56958008 70.68305206
v -7.13989401 27.67420959 71.05913544
v -7.00330114 27.52959824 71.21361542
v -6.88358545 27.33144569 71.31279755
v -4.53999615 23.83026886 61.55469513
v -4.64417171 23.99989700 61.40039825
v -4.72068453 24.21845055 61.30133820
v -4.29115677 23.69778633 61.96463394
v -4.41835546 23.72616768 61.74911499
v -3.54721451 23.97296143 60.92652130
v -3.64432406 24.14676476 60.77226639
v -3.42991853 23.86390686 61.12089920
v -3.30391836 23.83027458 61.33636475
v -2.64028883 24.25203896 60.14413071
v -3.71174145 24.36830330 60.67322540
v -2.69849491 24.47618484 60.04511642
v -2.43766308 23.96052742 60.49267960
v -2.55041242 24.07435608 60.29835129
v -2.31307793 23.92169571 60.70809555
v -1.44329655 24.01595116 59.86446381
v -1.32034099 23.97197914 60.07983017
v -4.97993803 23.62876320 70.23484802
v -4.90045881 23.76748657 70.42945862
v -4.85930300 23.96213341 70.58390045
v -4.86049938 24.19365120 70.68305206
v -3.98848891 23.79074478 69.60521698
v -3.90324259 23.92606735 69.79977417
v -3.85398173 24.11885262 69.95417786
v -4.90393019 24.43937302 70.71722412
v -3.84552836 24.35022736 70.05331421
v -3.87871003 24.59754372 70.08747101
v -2.99218464 23.91119003 68.97557831
v -2.90131664 24.04287148 69.17008972
v -2.84403443 24.23345757 69.32445526
v -2.82594538 24.46428871 69.42356873
v -2.84882021 24.71277046 69.45771790
v -1.99276292 23.98997498 68.34593201
v -1.89642835 24.11778450 68.54040527
v -1.83122253 24.30583572 68.69473267
v -1.80352831 24.53572273 68.79382324
v -1.81605661 24.78494263 68.82796478
v -0.99196297 24.02705193 67.71629333
v -0.89032686 24.15075874 67.91071320
v -0.81730896 24.33594704 68.06501007
v -0.78005683 24.56448936 68.16407013
v -0.78221703 24.81401634 68.19820404
v -5.02360058 27.44307327 61.26720047
v -5.02576113 27.69259834 61.30133820
v -4.98850870 27.92114258 61.40039825
v -4.91549110 28.10633087 61.55469513
v -3.88057971 27.60271835 60.63909912
v -3.87236786 27.85211945 60.67322540
v -3.82562160 28.07892227 60.77226639
v -2.73296404 27.71482086 60.01099777
v -2.71439409 27.96366692 60.04511642
v -4.81385469 28.23003769 61.74911499
v -3.74491692 28.26092339 60.92652130
v -3.63815379 28.38031006 61.12089920
v -2.65823412 28.18833351 60.14413071
v -2.56998158 28.36682892 60.29835129
v -2.45827484 28.48168182 60.49267960
v -1.27624929 28.53406525 59.86446381
v -0.32575834 28.57247353 66.87118530
v -0.19975805 28.53884125 67.08664703
v -4.80701208 28.12236404 69.79977417
v -4.68275881 27.96694946 69.95417786
v -4.57980919 27.75956917 70.05331421
v -3.41809607 27.90116692 69.42356873
v -3.51239061 28.11263466 69.32445526
v -3.88878489 28.38450813 68.75995636
v -5.06988478 28.22301483 69.38954163
v -4.94040680 28.21059799 69.60521698
v -3.75984621 28.36674309 68.97557831
v -2.70302367 28.49663925 68.13036346
v -2.57484508 28.47355080 68.34593201
v -3.63014960 28.27306175 69.17008972
v -2.25252891 27.99421501 68.79382324
v -1.08513319 28.03863907 68.16407013
v -2.44906855 28.37457848 68.54040527
v -2.33800602 28.20940971 68.69473267
v -1.51466119 28.55930138 67.50077820
v -1.38746250 28.53092003 67.71629333
v -1.16164625 28.25719070 68.06501007
v -1.26582181 28.42682076 67.91071320
v -0.08246227 28.42978668 67.28102875
v -19.92440605 22.08111572 101.50394440
v -20.01678085 22.29278564 101.60441589
v -20.05690002 22.48600197 101.76091766
v -20.04083824 22.64185143 101.95811462
v -19.78881836 21.87170982 101.46932220
v -18.97756004 22.86756516 100.87572479
v -18.85079002 22.65270615 100.84111023
v -17.99979210 23.61350822 100.24751282
v -18.07423019 23.83215141 100.34794617
v -18.09808922 24.02809334 100.50437927
v -18.06903267 24.18215370 100.70149231
v -19.06103897 23.08290863 100.97618103
v -19.09305763 23.27765846 101.13264465
v -19.07048035 23.43274879 101.32980347
v -16.12653160 20.67179489 100.24751282
v -15.95989704 20.51186180 100.34794617
v -17.88205910 23.39356613 100.21290588
v -16.99283028 24.31773567 99.61930084
v -16.88433838 24.09309006 99.58470154
v -17.05809784 24.53929901 99.71971893
v -17.07375336 24.73609161 99.87611389
v -17.03826332 24.88885117 100.07318878
v -15.85938835 24.75014877 98.95649719
v -16.02185631 25.40050888 99.24784851
v -15.95845127 24.97910881 98.99108887
v -16.01443481 25.20320702 99.09148407
v -15.97999096 25.55169678 99.44488525
v -10.37118149 23.66729736 96.57856750
v -10.49346733 23.86330032 96.47826385
v -15.08337975 21.13412476 99.71971893
v -14.92035007 21.02279663 99.87611389
v -14.77013779 20.97772980 100.07318878
v -15.24326706 21.30081558 99.61930084
v -14.64744568 21.00333595 100.29164886
v -14.18273354 21.71901512 99.09148407
v -14.33559990 21.89217949 98.99108887
v -14.02441216 21.60104561 99.24784851
v -13.87613392 21.54981804 99.44488525
v -13.75241184 21.57034874 99.66329956
v -13.25955009 22.26560593 98.46325684
v -12.96011353 22.08388710 98.81658173
v -13.10620689 22.14119148 98.61959076
v -13.40513229 22.44495010 98.36287689
v -12.83557129 22.09930229 99.03495026
v -14.89847660 25.59656715 98.36287689
v -14.80901241 25.36368752 98.32829285
v -12.45350170 22.95825005 97.73467255
v -12.31545258 22.77303314 97.83502197
v -12.16734982 22.64238739 97.99132538
v -12.02369213 22.57909775 98.18827820
v -11.89854050 22.58936119 98.40660095
v -11.06851387 23.03467560 97.55997467
v -10.94296551 23.03976631 97.77825165
v -11.35210037 23.24050522 97.20679474
v -11.48237991 23.43127823 97.10646820
v -11.20949173 23.10384560 97.36306763
v -12.63939857 26.45637703 97.07189178
v -11.58376503 27.17600822 96.47826385
v -11.60179138 27.40632439 96.57856750
v -11.57627392 27.60221291 96.73480988
v -11.52395916 26.93380547 96.44369507
v -11.50970936 27.74449730 96.93167877
v -10.39068222 27.36428070 95.81549835
v -10.44037247 27.60875893 95.85005951
v -10.44878769 27.83963585 95.95034790
v -10.41510487 28.03431320 96.10655212
v -10.34262085 28.17373276 96.30338287
v -14.94507599 25.82281303 98.46325684
v -14.94425011 26.02027702 98.61959076
v -14.89607811 26.16963005 98.81658173
v -13.81476593 26.16912842 97.73467255
v -13.73505497 25.93272972 97.70009613
v -13.85190010 26.39712715 97.83502197
v -13.84282494 26.59440994 97.99132538
v -13.78842831 26.74166489 98.18827820
v -12.70921707 26.69588280 97.10646820
v -12.73682213 26.92523956 97.20679474
v -12.71951199 27.12199783 97.36306763
v -12.65898037 27.26689529 97.55997467
v -10.87423420 28.01994324 104.01478577
v -10.74908257 28.03020668 104.23310852
v -10.60542393 27.96691895 104.43005371
v -20.40379715 22.32799530 109.89909363
v -20.24743080 22.32103348 110.09641266
v -20.06224251 22.25308228 110.25299835
v -19.86636162 22.13078880 110.35353851
v -19.10366440 23.04865265 109.62338257
v -18.91299820 22.91836166 109.72389984
v -19.55638885 23.08752441 109.05085754
v -19.44191551 23.13758659 109.26954651
v -19.28591728 23.12419319 109.46681976
v -18.56453705 23.86052513 108.42135620
v -18.44802094 23.90584755 108.63999176
v -18.29265404 23.88603783 108.83722687
v -18.11364937 23.80303764 108.99375916
v -16.73178291 20.52415848 109.75853729
v -15.70436859 20.97872543 109.09425354
v -15.55510998 20.57974815 108.83722687
v -15.60326004 20.77109528 108.99375916
v -15.84853935 21.18231583 109.12888336
v -17.54224777 24.59101486 107.79184723
v -17.42388535 24.63151169 108.01044464
v -17.26941681 24.60531807 108.20764160
v -16.49134254 25.27780151 107.16233826
v -16.37133217 25.31340027 107.38088989
v -16.21802139 25.28085899 107.57804871
v -16.04641914 25.18336678 107.73451233
v -15.87332153 25.03046608 107.83496094
v -17.92852592 23.66496849 109.09425354
v -17.09396362 24.51499557 108.36413574
v -16.91469765 24.36938667 108.46460724
v -15.41368103 25.91976929 106.53282928
v -14.68750477 21.03241920 108.01044464
v -14.67144299 21.18826675 108.20764160
v -13.78667259 21.60384560 107.38088989
v -13.76409531 21.75893593 107.57804871
v -13.79611397 21.95368385 107.73451233
v -14.00636196 22.38388824 107.86958313
v -13.87959290 22.16902733 107.83496094
v -12.86374283 22.13677597 106.75133514
v -12.83468628 22.29083633 106.94844818
v -12.85854435 22.48677826 107.10488129
v -12.93298340 22.70542145 107.20531464
v -13.05071545 22.92536354 107.23992157
v -14.80393791 21.59315491 108.46460724
v -14.71156311 21.38148308 108.36413574
v -14.93952465 21.80256081 108.49922943
v -11.92035770 22.63036537 106.12178040
v -11.88486767 22.78312302 106.31885529
v -11.90052223 22.97991562 106.47525024
v -11.96578979 23.20147896 106.57566833
v -12.07428169 23.42612457 106.61026764
v -10.95818996 23.08383179 105.49222565
v -10.91632462 23.23501968 105.68925476
v -10.92374611 23.43232155 105.84562683
v -10.97972870 23.65641975 105.94601440
v -11.07879257 23.88537979 105.98061371
v -14.31117439 26.51588058 105.90332031
v -14.18848228 26.54148674 106.12178040
v -15.14033699 25.91156578 106.94844818
v -15.29222775 25.95039940 106.75133514
v -14.97287846 25.80706787 107.10488129
v -14.80624294 25.64713478 107.20531464
v -14.03827000 26.49641991 106.31885529
v -13.71535301 26.21839905 106.57566833
v -13.87524033 26.38509178 106.47525024
v -13.18576908 27.06517982 105.27381134
v -13.06204700 27.08571053 105.49222565
v -12.91376781 27.03448486 105.68925476
v -12.60258102 26.74334908 105.94601440
v -12.75544643 26.91651344 105.84562683
v -11.76881409 27.52490616 105.05965424
v -11.61547184 27.40049362 105.21599579
v -12.03944969 27.56679726 104.64429474
v -11.91490746 27.58221054 104.86266327
v -11.46988964 27.22114944 105.31636810
v -10.45732212 27.83627129 104.58635712
v -10.31927204 27.65105438 104.68671417
v -10.23431015 23.52485657 96.73480988
v -10.09625244 23.44991875 96.93167877
v -9.48849392 24.25365829 95.85005951
v -9.37440968 24.05275917 95.95034790
v -9.24351120 23.90477562 96.10655212
v -9.10861015 23.82419395 96.30338287
v -8.98291206 23.81890106 96.52156830
v -8.23882198 24.24303436 95.47829437
v -8.10730839 24.15694237 95.67507935
v -7.98185682 24.14645767 95.89322662
v -8.46921062 24.60176086 95.22185516
v -8.36352539 24.39630890 95.32212067
v -5.34333229 25.38776779 93.33725739
v -7.43739271 24.90709305 94.59365845
v -7.22199345 24.53913498 94.85004425
v -7.09409142 24.44767380 95.04678345
v -7.34028673 24.69744110 94.69390106
v -6.96910143 24.43200684 95.26488495
v -6.30647135 24.95572281 94.06568146
v -6.19479036 24.79265213 94.22178650
v -6.07071972 24.69597244 94.41849518
v -5.94640446 24.67514420 94.63654327
v -6.39483070 25.16921806 93.96545410
v -5.15899372 25.00323486 93.59353638
v -5.26387072 25.17079353 93.43746185
v -9.97052288 23.44982147 97.14990997
v -8.98434639 23.86763954 104.23310852
v -8.92994881 24.01489449 104.43005371
v -7.97615242 24.19678307 103.60354614
v -7.91562080 24.34168053 103.80045319
v -7.89831018 24.53843880 103.95672607
v -7.92591524 24.76779556 104.05705261
v -7.99573374 25.00730133 104.09162903
v -6.95613480 24.48341179 102.97398376
v -6.88957071 24.62569618 103.17085266
v -6.86405230 24.82158470 103.32708740
v -6.94188499 25.29410362 103.46196747
v -6.88207912 25.05190086 103.42739868
v -5.92608356 24.72711182 102.34442139
v -5.85359907 24.86653137 102.54124451
v -5.81991577 25.06120682 102.69744873
v -5.82833147 25.29208565 102.79774475
v -5.87802219 25.53656387 102.83229828
v -9.24154091 27.74714088 95.18730927
v -9.28102970 27.99347496 95.22185516
v -8.07853508 28.08181381 94.55911255
v -9.27981949 28.22451210 95.32212067
v -9.23802853 28.41763687 95.47829437
v -9.15974712 28.55394554 95.67507935
v -8.10775375 28.32957649 94.59365845
v -8.09691811 28.56037140 94.69390106
v -8.04708958 28.75160789 94.85004425
v -7.96314430 28.88456535 95.04678345
v -5.71901226 28.60471916 93.30273438
v -5.72755718 28.85405540 93.33725739
v -6.90368032 28.36780930 93.93092346
v -6.92257833 28.61657333 93.96545410
v -6.90213585 28.84672546 94.06568146
v -6.84435415 29.03573799 94.22178650
v -6.75488901 29.16510773 94.41849518
v -5.69754219 29.08316422 93.43746185
v -5.63190651 29.26962280 93.59353638
v -5.53707457 29.39517593 93.79019928
v -9.15275288 28.03240013 104.05705261
v -9.69216728 28.42391205 103.38526917
v -9.56661892 28.42900276 103.60354614
v -9.42564106 28.35983276 103.80045319
v -9.28303242 28.22317314 103.95672607
v -8.49532127 28.77808762 102.75575256
v -8.36959171 28.77799034 102.97398376
v -8.23153400 28.70305252 103.17085266
v -8.09466267 28.56061172 103.32708740
v -7.97237635 28.36460876 103.42739868
v -7.28579187 29.08194160 102.12623596
v -7.16009378 29.07664871 102.34442139
v -7.02519274 28.99606705 102.54124451
v -6.78021002 28.64718628 102.79774475
v -6.89429379 28.84808540 102.69744873
v -6.06569147 29.33502960 101.49671173
v -5.94023991 29.32454491 101.71485138
v -5.80872631 29.23845291 101.91164398
v -5.68402290 29.08517838 102.06781006
v -5.57833767 28.87972641 102.16808319
v -4.21428871 25.34236908 92.80924988
v -4.28471565 25.56245232 92.70906067
v -4.11639595 25.17060852 92.96528625
v -4.00061941 25.06398201 93.16191101
v -3.06879640 25.29456902 92.33703613
v -3.15953684 25.47024345 92.18103027
v -2.95746899 25.18323326 92.53361511
v -2.83645177 25.14713097 92.75152588
v -5.03896713 24.90149879 93.79019928
v -4.91554022 24.87553787 94.00820160
v -3.87829232 25.03292847 93.37986755
v -2.10143209 25.55428123 91.55281830
v -2.01800036 25.37499237 91.70879364
v -1.91131341 25.25913048 91.90532684
v -1.79181468 25.21803665 92.12319183
v -1.04179406 25.59442520 90.92460632
v -0.96581453 25.41182518 91.08054352
v -0.86395204 25.29162979 91.27703857
v -0.74617755 25.24560738 91.49485779
v -2.79381442 25.19762611 100.45571899
v -2.70434952 25.32699585 100.65242767
v -2.64656758 25.51600838 100.80853271
v -4.88780165 24.92754173 101.71485138
v -4.80952024 25.06385040 101.91164398
v -4.76772881 25.25697517 102.06781006
v -4.76651859 25.48801231 102.16808319
v -3.84310460 25.08444214 101.08528900
v -3.75915980 25.21739960 101.28203583
v -3.70933080 25.40863609 101.43817139
v -1.74175823 25.26698112 99.82614899
v -1.64692605 25.39253426 100.02281189
v -1.58129025 25.57899284 100.17888641
v -0.68876368 25.29247284 99.19657898
v -0.58872706 25.41398811 99.39320374
v -0.51534963 25.59756660 99.54924011
v -3.22080803 25.69305801 92.08087158
v -4.52657890 28.79222298 92.67454529
v -4.52475548 29.04169846 92.70906067
v -4.48521996 29.26936913 92.80924988
v -4.41184235 29.45294571 92.96528625
v -4.31180573 29.57446098 93.16191101
v -3.32843781 28.93008423 92.04635620
v -3.31624889 29.17926979 92.08087158
v -3.26726031 29.40510368 92.18103027
v -3.18626738 29.58547974 92.33703613
v -3.08119822 29.70273972 92.53361511
v -2.15344214 25.77944756 91.45267487
v -1.08445323 25.82155800 90.82448578
v -0.01567563 25.81940269 90.19629669
v -2.12665296 29.01815224 91.41816711
v -2.10411978 29.26661682 91.45267487
v -2.04576254 29.49022293 91.55281830
v -1.95729327 29.66707993 91.70879364
v -1.84737217 29.77987862 91.90532684
v -0.92329097 29.05636024 90.78998566
v -0.89045244 29.30367470 90.82448578
v -0.82282686 29.52466393 90.92460632
v -0.72703385 29.69769478 91.08054352
v -0.61245030 29.80583000 91.27703857
v -4.80600691 25.73434639 102.20262909
v -3.69849515 25.63943100 101.53842163
v -3.72771382 25.88719368 101.57295990
v -2.62612534 25.74616051 100.90876007
v -2.64502335 25.99492455 100.94329071
v -3.24223232 29.40701103 100.80853271
v -3.60229921 29.68758965 100.23767090
v -3.47798395 29.66676140 100.45571899
v -3.35391331 29.57008171 100.65242767
v -4.58425570 29.42987251 101.28203583
v -4.36885643 29.06191444 101.53842163
v -4.46596193 29.27156639 101.43817139
v -4.83714771 29.53700066 100.86719513
v -4.71215725 29.52133369 101.08528900
v -3.15387297 29.19351578 100.90876007
v -1.55127561 25.80810165 100.27909088
v -1.55982029 26.05743790 100.31362152
v -0.47581416 25.82523537 99.64942932
v -0.47399056 26.07471085 99.68394470
v -1.93550038 29.27438927 100.27909088
v -2.36329246 29.78661919 99.60814667
v -2.23986530 29.76066017 99.82614899
v -2.11983871 29.65892220 100.02281189
v -2.01496172 29.49136543 100.17888641
v -0.71585387 29.30448341 99.64942932
v -1.12227726 29.83400536 98.97863007
v -0.99995005 29.80295181 99.19657898
v -0.88417351 29.69632721 99.39320374
v -0.78628063 29.52456474 99.54924011
v -9.97894287 23.49646759 104.86266327
v -9.93077183 23.64582253 105.05965424
v -9.92994499 23.84328651 105.21599579
v -9.97654438 24.06953049 105.31636810
v -10.06600857 24.30241203 105.35095215
v -9.03771877 24.67657471 104.72129059
v -8.92087364 24.21217728 104.58635712
v -8.95800877 24.44017601 104.68671417
v 0.34542811 -38.48303223 0.00000000
v 4.01870298 -40.80257416 0.00000000
v 4.01870298 -40.80257416 0.60000002
v 3.33810091 -38.33600998 0.00000000
v 3.33810091 -38.33600998 0.60000002
v 3.77365994 -38.31461334 0.00000000
v 3.77365994 -38.31461334 0.60000002
v 7.51097727 -37.76023483 0.00000000
v 7.51097727 -37.76023483 0.60000002
v 7.99870300 -40.21219635 0.00000000
v 7.99870300 -40.21219635 0.60000002
v 0.21717317 -26.36918831 11.15540695
v 0.29810926 -26.15130234 11.05840874
v 0.34177282 -25.90551949 11.02498531
v 0.10688712 -26.53784752 11.30648422
v 1.08120501 -26.64378738 12.12493610
v 1.20557404 -26.53560066 11.93451214
v 1.30869436 -26.36250496 11.78339100
v 1.38047206 -26.14144707 11.68636513
v 1.41388083 -25.89406204 11.65293217
v 2.18458056 -26.60110092 12.75302124
v 2.30426359 -26.48784447 12.56254292
v 2.40004039 -26.31061745 12.41137791
v 2.46253586 -26.08676910 12.31432343
v 2.48563218 -25.83821106 12.28088093
v 3.48933816 -26.21352768 13.03936672
v 3.54244351 -25.98727989 12.94228458
v 3.55518770 -25.73797798 12.90883255
v 3.28627920 -26.51269722 13.38110924
v 3.40106988 -26.39457512 13.19057465
v 4.38440561 -26.37864494 14.00919819
v 4.49410629 -26.25586510 13.81860924
v 4.57471418 -26.07131577 13.66735744
v 4.61833811 -25.84306145 13.57024765
v 0.61902326 -22.67858124 11.05840874
v 0.57938635 -22.44955444 11.15540695
v 0.26654595 -22.08739853 11.70787811
v 0.39407805 -22.13875008 11.49685287
v 0.50187552 -22.26354027 11.30648422
v 1.18055844 -22.08236885 12.33602238
v 1.55696845 -22.65839767 11.68636513
v 1.50790453 -22.43121529 11.78339100
v 1.31001413 -22.12837982 12.12493610
v 1.42280984 -22.24858284 11.93451214
v 2.49431062 -22.59939766 12.31432343
v 2.22577333 -22.08008766 12.75302124
v 2.09461761 -22.03949165 12.96416950
v 2.34337282 -22.19550514 12.56254292
v 2.43590450 -22.37444687 12.41137791
v 4.62070847 -25.59344673 13.53678608
v 3.42944217 -22.50159454 12.94228458
v 3.36179447 -22.27926064 13.03936672
v 3.13978481 -21.99387169 13.38110924
v 3.00715470 -21.95874977 13.59231758
v 3.26198530 -22.10431099 13.19057465
v 4.28398275 -22.14573288 13.66735744
v 4.36075592 -22.36507034 13.57024765
v 4.17706776 -21.97507095 13.81860924
v 3.91660070 -21.84020042 14.22046757
v 4.05047655 -21.86979103 14.00919819
v 5.08704424 -21.80792236 14.44664574
v 4.95627975 -21.70797729 14.63728905
v 4.82138777 -21.68395615 14.84861946
v 5.58149004 -26.07186699 14.44664574
v 5.47706699 -26.19908524 14.63728905
v 5.65429878 -25.88414001 14.29535007
v 5.68836641 -25.65427780 14.19821262
v 6.72622776 -25.65223503 14.92334557
v 5.68035841 -25.40477943 14.16474152
v 6.75068140 -25.42116356 14.82617950
v 6.73230934 -25.17221642 14.79269886
v 5.28664684 -22.18997383 14.19821262
v 5.20088100 -21.97400665 14.29535007
v 6.20551729 -21.97652054 14.82617950
v 6.11090517 -21.76429176 14.92334557
v 0.63168776 -26.54191780 20.04931450
v 0.52477288 -26.37125778 20.20056725
v 0.44799998 -26.15192032 20.29767799
v 0.75827897 -26.64719772 19.85872650
v 0.89215493 -26.67679024 19.64745712
v 1.86789727 -26.61760330 20.48849678
v 2.00278926 -26.64162445 20.27716637
v 1.73713291 -26.51765823 20.67914009
v 1.62329614 -26.35157394 20.83043671
v 1.53753006 -26.13560677 20.92757416
v 2.72107911 -26.28610802 21.46030235
v 2.84164238 -26.44733429 21.30896378
v 3.11203194 -26.56019592 20.90687561
v 2.97635555 -26.54177856 21.11826515
v 2.62646723 -26.07387924 21.55746841
v 3.81621265 -26.17488670 22.09016800
v 3.71291733 -25.96676064 22.18736076
v 3.94329572 -26.33098412 21.93878555
v 4.08172655 -26.41977501 21.74803162
v 4.21795511 -26.43256378 21.53658104
v 4.79498768 -25.81435013 22.81725121
v 4.90678930 -26.01802063 22.72002983
v 5.04017401 -26.16872597 22.56860352
v 0.18804747 -22.92354393 20.33113861
v 0.19041751 -22.67392731 20.29767799
v 0.23404151 -22.44567490 20.20056725
v 0.31464925 -22.26112556 20.04931450
v 0.42435026 -22.13834572 19.85872650
v 1.14381850 -22.92079926 20.96104431
v 1.13581049 -22.67130280 20.92757416
v 1.16987836 -22.44144058 20.83043671
v 1.24268723 -22.25371361 20.67914009
v 1.34711003 -22.12649536 20.48849678
v 2.09967518 -22.87818336 21.59095001
v 2.08130312 -22.62923622 21.55746841
v 2.10575652 -22.39816475 21.46030235
v 2.17064166 -22.20758629 21.30896378
v 2.26960731 -22.07615852 21.11826515
v 3.05395293 -22.79567909 22.22085190
v 3.02524877 -22.54771233 22.18736076
v 3.09689689 -22.12274170 21.93878555
v 3.04004622 -22.31583405 22.09016800
v 3.19023609 -21.98733711 21.74803162
v 4.10738945 -21.86009789 22.37779808
v 3.96599984 -22.42679024 22.81725121
v 4.00498629 -22.67334938 22.85074997
v 3.97111678 -22.19450760 22.72002983
v 4.01983643 -21.99923897 22.56860352
v 4.95111275 -22.51131821 23.48064804
v 4.93784523 -21.83720970 23.19842148
v 4.90191126 -22.26659393 23.44713783
v 4.89733934 -22.03431320 23.34988976
v 5.01946402 -21.69457817 23.00756073
v 6.56237698 -25.97424126 15.26538181
v 6.66134262 -25.84281349 15.07468414
v 7.63845730 -25.70441246 15.89347649
v 5.18208599 -26.25171280 22.37779808
v 5.31863308 -26.25885963 22.16628647
v 6.13036346 -25.96075249 23.19842148
v 6.27551317 -26.03780174 23.00756073
v 5.99090528 -25.81569290 23.34988976
v 6.41214609 -26.03930283 22.79598999
v 7.36009789 -25.77832794 23.63732147
v 7.21195793 -25.70734024 23.82823753
v 7.49658298 -25.77418709 23.42568970
v 5.71995258 -21.49020195 15.47677231
v 5.85562897 -21.50861931 15.26538181
v 5.99034214 -21.60306549 15.07468414
v 7.01248074 -21.51686287 15.55134201
v 6.88539791 -21.36076546 15.70272446
v 6.61073828 -21.25918579 16.10492706
v 6.74696684 -21.27197647 15.89347649
v 7.11577606 -21.72498894 15.45414925
v 7.49219990 -20.99122047 16.73308563
v 7.62874699 -20.99836731 16.52157402
v 7.73179674 -25.56900787 15.70272446
v 7.78864717 -25.37591553 15.55134201
v 7.80344486 -25.14403725 15.45414925
v 7.77474070 -24.89607048 15.42065811
v 8.70344353 -25.38998222 16.52157402
v 8.79099655 -25.25084114 16.33076668
v 8.83971596 -25.05557251 16.17934227
v 8.84483337 -24.82328987 16.08212090
v 8.80584621 -24.57673073 16.04862022
v 9.87303734 -24.45938683 16.71009445
v 9.75548458 -25.03140259 17.14967155
v 9.83710289 -24.88877296 16.95881081
v 9.87760925 -24.69166756 16.80734253
v 9.82383537 -24.21466255 16.67658424
v 7.90404367 -21.23205948 16.17934227
v 8.01584530 -21.43572998 16.08212090
v 7.77065897 -21.08135414 16.33076668
v 8.90415859 -21.10915375 16.71009445
v 8.64458466 -20.76522827 16.95881081
v 8.49943542 -20.68817902 17.14967155
v 8.36280251 -20.68667793 17.36124420
v 8.78404331 -20.91028786 16.80734253
v 9.65094566 -20.55201530 17.43534660
v 9.77916908 -20.74574089 17.33806992
v 5.87078953 -25.61682701 23.44713783
v 6.93844080 -25.37444878 24.07702446
v 7.06666517 -25.56817436 23.97974777
v 5.89067316 -22.30978394 24.11054420
v 5.83134222 -22.06731987 24.07702446
v 5.81709099 -21.83544159 23.97974777
v 5.92486000 -21.49098015 23.63732147
v 5.84931517 -21.63684845 23.82823753
v 6.75265980 -21.82922745 24.70690918
v 6.82201815 -22.06901550 24.74043655
v 6.82198763 -21.24957466 24.26708221
v 6.72875500 -21.59815598 24.60960388
v 6.75264406 -21.39842224 24.45804977
v 7.66424274 -21.55264854 25.33679008
v 7.63072681 -21.32278633 25.23945808
v 7.64624119 -21.12226105 25.08786201
v 8.43393993 -25.47365761 24.26708221
v 8.57004547 -25.46388817 24.05538940
v 7.99607086 -25.08755684 24.70690918
v 8.28306293 -25.40884781 24.45804977
v 8.13218403 -25.27580643 24.60960388
v 9.34179878 -25.06571007 25.08786201
v 9.49515533 -25.12423515 24.89683914
v 9.04182243 -24.75656128 25.33679008
v 9.18559074 -24.93901825 25.23945808
v 9.63064861 -25.10886383 24.68508720
v 10.07385635 -24.38195610 25.96666908
v 10.22503376 -24.55830765 25.86931038
v 7.74350834 -21.78934669 25.37032890
v 7.70926714 -20.97069740 24.89683914
v 8.56448269 -21.23798370 25.96666908
v 8.65351772 -21.47117996 26.00021744
v 8.52141476 -21.00972939 25.86931038
v 8.58513165 -20.65475273 25.52659416
v 8.52853012 -20.80876160 25.71767235
v 9.45178604 -20.88569641 26.59654617
v 9.55043697 -21.11498833 26.63010406
v 9.39924240 -20.65944862 26.49916077
v 11.90167141 -39.23455429 0.00000000
v 11.90167141 -39.23455429 0.60000002
v 11.17596054 -36.84220123 0.00000000
v 11.17596054 -36.84220123 0.60000002
v 11.58653164 -36.69529724 0.00000000
v 11.58653164 -36.69529724 0.60000002
v 14.27688122 -36.16015244 0.00000000
v 14.92465401 -36.03130341 0.00000000
v 14.92465401 -36.03130341 0.60000002
v 14.92465401 -36.03130341 6.00000000
v 15.20923328 -35.34426880 0.00000000
v 14.15928745 -34.18354416 8.00000000
v 15.69002056 -37.87906265 0.00000000
v 15.69002056 -37.87906265 0.60000002
v 19.32726669 -36.15877151 0.00000000
v 19.32726669 -36.15877151 0.60000002
v 17.75457001 -34.14041138 0.00000000
v 17.75457001 -34.14041138 0.60000002
v 18.14877510 -33.95396805 0.00000000
v 18.14877510 -33.95396805 0.60000002
v 10.86829567 -24.48334122 17.58685684
v 10.79275036 -24.62920952 17.77777290
v 10.88626862 -24.05286980 17.33806992
v 10.82693672 -23.81040382 17.30455017
v 10.90051937 -24.28474808 17.43534660
v 11.81343079 -24.18400955 18.40587425
v 11.88277531 -24.03516197 18.21490479
v 11.90666389 -23.83542824 18.06335068
v 11.81340027 -23.36456871 17.93251991
v 11.88275909 -23.60435677 17.96604729
v 12.78150177 -22.87784004 18.56048965
v 12.86076736 -23.11453629 18.59402847
v 12.87876892 -23.54492569 18.84295654
v 12.81574345 -23.69648743 19.03397942
v 12.89428329 -23.34439850 18.69135857
v 13.79793072 -23.16740227 19.66208458
v 13.85453224 -23.01339149 19.47100830
v 13.86164856 -22.81242371 19.31936836
v 13.81858063 -22.58417130 19.22200966
v 13.72954559 -22.35097504 19.18846130
v 14.65586567 -21.78479958 19.81643677
v 14.75826931 -22.59758377 20.29019165
v 14.80835342 -22.44139862 20.09906197
v 14.80706024 -22.24034119 19.94738007
v 14.75451660 -22.01409149 19.84999466
v 10.54187775 -24.73058319 25.52659416
v 10.38630295 -24.67843628 25.71767235
v 10.67652988 -24.70964432 25.31478500
v 11.70584583 -24.26684189 25.94447899
v 11.09035301 -23.96431160 26.59654617
v 11.24868107 -24.13425827 26.49916077
v 11.41473579 -24.24762154 26.34747887
v 11.57226372 -24.29330826 26.15634918
v 12.08951759 -23.50427246 27.22642326
v 12.42528152 -23.77393150 26.97728539
v 12.71677971 -23.78114700 26.57417107
v 12.58449554 -23.81308365 26.78610039
v 12.25472355 -23.66752243 27.12900925
v 10.43267727 -20.72131348 27.25998878
v 13.24138260 -23.15883446 27.75885582
v 13.41615200 -23.25811195 27.60708809
v 13.57678032 -23.29066849 27.41585159
v 13.70754433 -23.25331879 27.20386314
v 13.06957912 -23.00255775 27.85629463
v 14.02880096 -22.45996284 28.48616600
v 14.67638206 -22.68420029 27.83355141
v 14.20690632 -22.60900116 28.38869858
v 14.38558960 -22.70097542 28.23689079
v 14.54735947 -22.72688866 28.04559898
v 15.33187103 -22.10342026 28.86668968
v 14.96547699 -21.87735367 29.11603546
v 15.14957905 -22.01889801 29.01854134
v 15.69506836 -21.98793411 20.91830254
v 15.73855114 -21.82984924 20.72711754
v 15.66692734 -21.40520287 20.47797966
v 15.55883121 -21.18021011 20.44441414
v 15.72885513 -21.62905312 20.57539368
v 16.64348602 -21.17972183 21.35517502
v 16.60667610 -21.33942986 21.54641342
v 16.62540627 -20.97953987 21.20340919
v 16.43684959 -20.53817177 21.07239342
v 16.55420303 -20.75847626 21.10596848
v 17.49147797 -20.65310669 22.17452621
v 15.49450874 -22.12264824 28.67534637
v 15.62157154 -22.07469940 28.46323967
v 15.87793636 -21.25566864 29.74590302
v 16.25331116 -21.46640396 29.49648857
v 16.06772041 -21.38947678 29.64838028
v 16.41654015 -21.47891998 29.30508995
v 16.54142952 -21.42580223 29.09292603
v 17.43431473 -20.73855972 29.72261047
v 0.43465483 -27.90992165 43.53142166
v 0.55672508 -27.80376244 43.33838654
v 0.65963697 -27.63237190 43.18519592
v 0.73331672 -27.41252899 43.08683777
v 0.77055204 -27.16575432 43.05294800
v 1.80380428 -27.60630035 43.81328201
v 1.59068477 -27.89295197 44.15959549
v 1.70816052 -27.78181458 43.96651077
v 1.86825383 -27.38358879 43.71490097
v 1.89520025 -27.13547897 43.68099976
v 2.74605870 -27.82807732 44.78776932
v 2.85873747 -27.71216202 44.59463882
v 3.00205636 -27.30763435 44.34296036
v 2.94694829 -27.53282928 44.44136810
v 3.01866746 -27.05862045 44.30905151
v 0.62326252 -23.35145760 43.74540329
v 0.93166095 -23.70544815 43.18519592
v 0.97432482 -23.93334961 43.08683777
v 0.85336345 -23.52150726 43.33838654
v 0.74709660 -23.39952850 43.53142166
v 1.91261041 -23.67147064 43.81328201
v 1.59002709 -23.33058929 44.37363052
v 1.82681203 -23.49093819 43.96651077
v 1.71565747 -23.37347794 44.15959549
v 1.96465397 -23.89740372 43.71490097
v 2.95368266 -23.82045174 44.34296036
v 2.79919791 -23.42005730 44.59463882
v 2.68334723 -23.30731201 44.78776932
v 2.89234924 -23.59687424 44.44136810
v 0.39937621 -27.90934372 51.34505844
v 0.52794677 -27.94167519 51.13091660
v 0.27902880 -27.80149841 51.53823853
v 0.17868501 -27.62869644 51.69155121
v 0.10816720 -27.40785217 51.78998184
v 1.56108296 -27.89364243 51.97474289
v 1.43644583 -27.79087639 52.16797256
v 1.69079316 -27.92061806 51.76054382
v 4.00647831 -27.59483528 45.22276688
v 3.89879084 -27.71532249 45.41594696
v 4.08710432 -27.41199875 45.06945801
v 4.13277626 -27.18471336 44.97102356
v 4.13902378 -26.93522644 44.93710709
v 5.04689550 -27.55479431 46.04412842
v 1.24950123 -27.40465164 52.41977692
v 1.32908201 -27.62238121 52.32131958
v 2.47925329 -27.56814575 52.95108795
v 2.39074612 -27.35390091 53.04957199
v 2.72216535 -27.82956314 52.60442352
v 2.85279250 -27.85114670 52.39017105
v 2.59345269 -27.73204803 52.79770279
v 3.74804044 -27.62503052 53.42742920
v 3.62720156 -27.46599770 53.58085632
v 3.52992034 -27.25560188 53.67936325
v 4.01192856 -27.73329353 53.01979446
v 3.88060832 -27.71713448 53.23410034
v 5.03439713 -27.55646324 53.86378098
v 4.89820147 -27.46992302 54.05715561
v 4.77093029 -27.31602669 54.21062088
v 4.66504145 -27.10984230 54.30915451
v 2.55613732 -23.26967239 45.00186157
v 0.14908867 -23.39507484 51.34505844
v 0.04140088 -23.51556206 51.53823853
v 1.02113926 -23.51849747 52.16797256
v 1.12365091 -23.39365196 51.97474289
v 3.51993275 -23.16872215 45.63009262
v 3.76885056 -23.30889893 45.22276688
v 3.64850330 -23.20105362 45.41594696
v 3.93971229 -23.70254517 44.97102356
v 3.86919451 -23.48170090 45.06945801
v 4.92104530 -23.54379463 45.59909058
v 4.84146452 -23.32606506 45.69754791
v 4.73410082 -23.15756989 45.85089493
v 4.47975349 -23.02782822 46.25832367
v 4.60946369 -23.05480576 46.04412842
v 0.91620684 -24.18302536 52.45370102
v 0.91207939 -23.93349648 52.41977692
v 0.94823664 -23.70451546 52.32131958
v 1.90954852 -23.89974022 53.04957199
v 1.92404318 -24.14888191 53.08350372
v 1.93612921 -23.66946220 52.95108795
v 2.00118327 -23.48058701 52.79770279
v 2.09834313 -23.35160637 52.60442352
v 2.93061304 -24.07271194 53.71330643
v 2.90577602 -23.82439041 53.67936325
v 2.92273498 -23.59321404 53.58085632
v 2.97982955 -23.40181351 53.42742920
v 3.07147074 -23.26892662 53.23410034
v 3.95537281 -23.28222847 54.05715561
v 4.04133892 -23.14566994 53.86378098
v 3.93416286 -23.95456505 54.34310532
v 3.89902663 -23.70748901 54.30915451
v 3.90633512 -23.47581863 54.21062088
v 4.93294096 -23.79455757 54.97290039
v 4.88756657 -23.54915810 54.93894196
v 4.88521290 -23.31739426 54.84038544
v 4.92611027 -23.12195206 54.68688202
v 5.00625515 -22.98196411 54.49345779
v 5.22231007 -27.24393272 45.69754791
v 5.25846720 -27.01495171 45.59909058
v 5.14940739 -27.42994881 45.85089493
v 6.18839264 -27.34668541 46.67230606
v 6.28555250 -27.21770477 46.47902679
v 6.35060644 -27.02882957 46.32564163
v 5.25433969 -26.76542091 45.56516647
v 6.37718725 -26.79855156 46.22715759
v 6.36269236 -26.54940987 46.19322586
v 7.32130861 -27.09126472 47.30048752
v 7.41295004 -26.95837593 47.10716248
v 7.47004461 -26.76697731 46.95373535
v 7.48700333 -26.53580093 46.85522842
v 7.46216631 -26.28747940 46.82128525
v 8.57868576 -26.45873833 47.58182907
v 8.44368172 -26.78888702 47.92867279
v 8.52964878 -26.65232849 47.73529434
v 8.58599472 -26.22706795 47.48329926
v 8.55085850 -25.97999191 47.44934845
v 9.63371086 -26.29999924 48.36343384
v 9.67460728 -26.10455894 48.20993042
v 9.62687969 -25.62739563 48.07741547
v 9.67225361 -25.87279510 48.11137390
v 9.55356503 -26.43998718 48.55685806
v 5.16618538 -27.56717682 53.64942169
v 6.04193211 -27.26690674 54.68688202
v 5.90844631 -27.11841011 54.84038544
v 5.79413223 -26.91678619 54.93894196
v 6.18152237 -27.34774208 54.49345779
v 6.31355333 -27.35300064 54.27904129
v 7.45202971 -27.09105110 54.90866470
v 7.17723513 -27.01625252 55.31660461
v 7.31998158 -27.09124756 55.12313080
v 7.03776407 -26.87340355 55.47014618
v 6.91521978 -26.67668533 55.56872559
v 8.30212688 -26.71830750 55.94632721
v 8.57962513 -26.78169632 55.53828430
v 8.44778538 -26.78734207 55.75280380
v 8.15690804 -26.58134842 56.09990692
v 8.02634430 -26.38987160 56.19851303
v 9.56295681 -26.43646812 56.38247681
v 9.41463470 -26.37350655 56.57604599
v 9.12555885 -26.05675888 56.82829285
v 9.26391792 -26.24266815 56.72966385
v 9.69436550 -26.42539024 56.16790009
v 10.21093273 -25.67784309 57.45807648
v 5.89598942 -23.34439087 46.22715759
v 5.80748224 -23.13014412 46.32564163
v 6.86285925 -23.10458946 46.85522842
v 5.56457043 -22.86872673 46.67230606
v 5.69328308 -22.96624184 46.47902679
v 5.43394327 -22.84714508 46.88655853
v 6.38085127 -22.62689781 47.51479340
v 6.64473867 -22.73516083 47.10716248
v 6.51217127 -22.64305687 47.30048752
v 6.76557779 -22.89419365 46.95373535
v 7.58681965 -22.46463394 47.73529434
v 7.31883574 -22.36738014 48.14303207
v 7.45062399 -22.37809372 47.92867279
v 7.81997967 -22.82471466 47.48329926
v 7.71409082 -22.61853027 47.58182907
v 8.76568890 -22.50516701 48.11137390
v 8.51788902 -22.15504646 48.36343384
v 8.65137386 -22.30354309 48.20993042
v 8.24626732 -22.06895065 48.77127075
v 8.37829876 -22.07421112 48.55685806
v 9.43632603 -21.80684280 48.99156952
v 9.57579708 -21.94969177 48.83802795
v 9.69834042 -22.14640999 48.73944855
v 9.16153145 -21.73204231 49.39951324
v 9.29357910 -21.73184586 49.18504333
v 10.19486904 -21.35150337 49.81323242
v 10.06302929 -21.35715103 50.02775574
v 5.92520046 -23.59288597 55.60269547
v 5.85765553 -23.11812973 55.47014618
v 5.86966658 -23.34958458 55.56872559
v 6.84360504 -23.10903168 56.19851303
v 6.90920258 -23.34981346 56.23249054
v 5.89034367 -22.92118073 55.31660461
v 5.96453094 -22.77801132 55.12313080
v 6.84638309 -22.68017578 55.94632721
v 6.91448689 -22.53407860 55.75280380
v 6.82195902 -22.87829018 56.09990692
v 7.88321924 -23.06568146 56.86228180
v 7.80767155 -22.82783508 56.82829285
v 7.77642870 -22.59820557 56.72966385
v 7.85445452 -22.25050735 56.38247681
v 7.79254866 -22.39927292 56.57604599
v 8.76016903 -22.50639915 57.45807648
v 8.84553623 -22.74089813 57.49206924
v 8.71938419 -22.27828217 57.35942078
v 8.72717476 -22.07887840 57.20576477
v 8.78277779 -21.92770576 57.01214600
v 9.69941711 -22.14520073 58.08785629
v 9.79445553 -22.37594795 58.12185669
v 9.64916229 -21.91899300 57.98917770
v 9.64861202 -21.71946526 57.83547974
v 9.69781971 -21.56615257 57.64181519
v 16.95969200 -20.72175980 30.27821922
v 16.76454926 -20.59591484 30.37576866
v 17.14826393 -20.79096413 30.12628365
v 17.31180763 -20.79675293 29.93483353
v 10.64902973 -26.04508209 49.18504333
v 10.72321701 -25.90191460 48.99156952
v 10.75590515 -25.70496368 48.83802795
v 10.79429340 -26.02266502 56.79751587
v 10.51280880 -25.98236656 57.20576477
v 10.35685062 -25.85786819 57.35942078
v 10.66354084 -26.03915215 57.01214600
v 10.74389458 -25.47350883 48.73944855
v 10.68836021 -25.23020935 48.70547867
v 11.82069492 -25.26055717 49.46612930
v 11.79904938 -25.02981377 49.36752701
v 11.72816753 -25.60476875 49.81323242
v 11.79627132 -25.45867157 49.61970901
v 11.73345184 -24.78903389 49.33354950
v 12.78909397 -25.11971855 50.44142532
v 12.76032925 -24.30454445 49.96162033
v 10.48574638 -21.55749893 49.46612930
v 10.61630917 -21.74897575 49.36752701
v 10.34052753 -21.42053986 49.61970901
v 11.51798916 -21.31346703 49.99560547
v 11.22891331 -20.99671745 50.24785233
v 11.37963009 -21.12755775 50.09423447
v 10.94918346 -20.94483566 50.65599823
v 11.08059120 -20.93375778 50.44142532
v 12.09992504 -20.53602791 50.87599564
v 12.40180111 -20.84054947 50.62368393
v 12.25588322 -20.66052628 50.72233963
v 12.85099983 -24.97095299 50.24785233
v 12.86711979 -24.77201843 50.09423447
v 12.83587646 -24.54239082 49.99560547
v 13.88555908 -24.43951607 50.87599564
v 13.82995605 -24.59068871 51.06961441
v 13.76719761 -23.77749443 50.58969116
v 13.89334965 -24.24011230 50.72233963
v 13.85256481 -24.01199532 50.62368393
v 14.84892750 -24.01850700 51.69780731
v 14.89813519 -23.86519432 51.50414276
v 14.84733105 -23.43946075 51.25176620
v 14.75229168 -23.20871162 51.21776581
v 14.89758492 -23.66566849 51.35044479
v 11.43378353 -25.42753220 57.98917770
v 11.28055668 -25.25370026 58.08785629
v 11.59471607 -25.54548073 57.83547974
v 11.74760246 -25.59599876 57.64181519
v 11.87747669 -25.57414055 57.42713165
v 12.65845108 -25.06352806 58.46519470
v 12.33254623 -24.78498650 58.71763229
v 12.49281883 -24.95232964 58.61893082
v 10.72830105 -21.97138405 58.75164413
v 10.56411839 -21.52087975 58.61893082
v 10.55523109 -21.32158089 58.46519470
v 10.62375450 -21.74478722 58.71763229
v 10.59796238 -21.16639709 58.27148056
v 11.46263123 -21.08455658 59.24868011
v 11.44542408 -20.88583183 59.09490967
v 11.48160839 -20.72905159 58.90114594
v 11.64541721 -21.52783012 59.38142776
v 11.53154373 -21.30577469 59.34740829
v 12.94200706 -25.08051300 58.05674744
v 12.81323147 -25.10769653 58.27148056
v 13.98600578 -24.54255676 58.68635941
v 13.53208637 -24.43300056 59.24868011
v 13.70213604 -24.53726387 59.09490967
v 13.85854626 -24.57501411 58.90114594
v 13.36504173 -24.27243233 59.34740829
v 14.72392464 -23.96752548 59.72462082
v 14.88169861 -23.99879646 59.53081131
v 15.00762653 -23.96112823 59.31596756
v 15.88695049 -23.24889946 52.13228989
v 15.81842709 -22.82569122 51.87985229
v 15.87806320 -23.04959869 51.97855377
v 15.71388054 -22.59909439 51.84584045
v 15.84421921 -23.40408134 52.32600403
v 16.65027046 -21.94961357 52.47391891
v 16.81407928 -22.74839211 52.95420074
v 16.85026360 -22.59161186 52.76043701
v 16.76414299 -22.17166901 52.50793839
v 16.83305740 -22.39288712 52.60666656
v 17.75679588 -22.05249023 53.58239746
v 17.78637505 -21.89439011 53.38858795
v 17.55980873 -21.26131248 53.10200119
v 17.68281174 -21.47844315 53.13602829
v 17.76088142 -21.69658661 53.23477936
v 18.57280540 -20.74713135 53.76411819
v 18.44088364 -20.53530121 53.73007965
v 18.69362640 -21.15835762 54.01673889
v 18.65989304 -20.96182060 53.86289215
v 18.67070198 -21.31750107 54.21059799
v 19.55417442 -20.54461861 54.83879852
v 9.50565243 -20.41284943 17.58685684
v 9.22102737 -20.34600258 17.98940277
v 9.35751247 -20.34186172 17.77777290
v 10.06537342 -19.96969604 18.61756516
v 10.20147896 -19.95992661 18.40587425
v 9.39794922 -20.45839119 26.34747887
v 9.44803333 -20.30220413 26.15634918
v -0.00000000 -4.00000000 8.00000000
v 0.52210474 -3.96577954 8.00000000
v 1.03527617 -3.86370325 8.00000000
v 1.53073370 -3.69551802 8.00000000
v 2.00000000 -3.46410155 8.00000000
v 2.43504572 -3.17341328 8.00000000
v 2.82842708 -2.82842708 8.00000000
v 3.17341328 -2.43504572 8.00000000
v 3.46410155 -2.00000000 8.00000000
v 3.69551802 -1.53073370 8.00000000
v 3.86370325 -1.03527617 8.00000000
v 3.96577954 -0.52210474 8.00000000
v 10.50323486 -20.15777779 18.06335068
v 10.35235596 -20.02473640 18.21490479
v 10.63934803 -20.34602737 17.96604729
v 11.48318768 -19.91062546 18.59402847
v 11.02985477 -19.54295158 19.03397942
v 11.18321133 -19.60147667 18.84295654
v 10.89436150 -19.55832291 19.24572945
v 11.33941936 -19.72816849 18.69135857
v 12.15802860 -19.26384544 19.31936836
v 12.30920601 -19.44019699 19.22200966
v 11.99675941 -19.14371681 19.47100830
v 11.84118462 -19.09156990 19.66208458
v 11.70653343 -19.11250877 19.87389565
v 12.63403797 -18.60648155 20.29019165
v 12.50045681 -18.63294601 20.50206184
v 12.79156685 -18.65216637 20.09906197
v 13.11594868 -18.93547630 19.84999466
v 12.95762157 -18.76553154 19.94738007
v 13.90199184 -18.39725113 20.47797966
v 13.40701389 -18.08843994 20.91830254
v 13.27472878 -18.12037659 21.13023186
v 13.56622696 -18.12759209 20.72711754
v 13.73678493 -18.23400116 20.57539368
v 14.02797604 -17.57561111 21.75840187
v 14.31936836 -17.57081795 21.35517502
v 14.49413776 -17.67009354 21.20340919
v 14.66594124 -17.82637024 21.10596848
v 14.15874004 -17.53826141 21.54641342
v 14.75885963 -16.99950790 22.38657379
v 15.04965210 -16.98273087 21.98323631
v 14.88788128 -16.95681953 22.17452621
v 15.22833443 -17.07470703 21.83142662
v 10.25295734 -20.07167435 26.97728539
v 10.29644012 -19.91358948 26.78610039
v 10.32458115 -20.49632072 27.22642326
v 10.26265430 -20.27247047 27.12900925
v 11.18131733 -20.07045364 27.85629463
v 11.29867077 -20.29075813 27.88987160
v 11.11011505 -19.84939003 27.75885582
v 11.09203434 -19.64920807 27.60708809
v 11.12884521 -19.48950005 27.41585159
v 12.14687634 -19.82399368 28.51975250
v 12.02046680 -19.60875893 28.48616600
v 11.94011402 -19.39086723 28.38869858
v 11.91368389 -19.19164658 28.23689079
v 11.94376373 -19.03059959 28.04559898
v 12.71643829 -18.69971275 28.86668968
v 12.75116920 -18.89762306 29.01854134
v 12.73973942 -18.53760910 28.67534637
v 12.97577763 -19.32175827 29.14962959
v 12.84053135 -19.11196518 29.11603546
v 13.64004230 -18.58085823 29.74590302
v 13.78389072 -18.78484726 29.77950668
v 13.54182720 -18.37043953 29.64838028
v 13.51534462 -18.01131058 29.30508995
v 13.49885941 -18.17418671 29.49648857
v 17.28836441 -19.85971260 21.70037460
v 17.49512672 -20.29283905 21.83142662
v 17.52155685 -20.49205971 21.98323631
v 17.41477394 -20.07494736 21.73395920
v 15.40643978 -17.22374344 21.73395920
v 16.12216759 -16.59033203 22.36195183
v 18.24711418 -19.35572243 22.36195183
v 18.11186790 -19.14592934 22.32835770
v 15.59313583 -16.34503746 22.80264091
v 15.46607304 -16.39298630 23.01474762
v 15.75577354 -16.36426544 22.61129761
v 15.93806553 -16.44878769 22.45944595
v 16.43646812 -15.71641922 23.23936081
v 16.62205887 -15.79334641 23.08746719
v 16.14834976 -15.75702190 23.64292336
v 16.27323914 -15.70390224 23.43075752
v 16.81184387 -15.92715454 22.98994637
v 18.34790611 -19.93007660 22.80264091
v 18.37120628 -19.76797295 22.61129761
v 18.33647537 -19.57006264 22.45944595
v 19.19092178 -19.00863647 23.23936081
v 19.04973793 -18.60196304 22.98994637
v 19.14795303 -18.81238365 23.08746719
v 19.17443466 -19.17151260 23.43075752
v 18.90588951 -18.39797401 22.95634270
v 19.96959114 -18.37865257 24.05887604
v 19.92811203 -18.02103615 23.71549225
v 19.97923851 -18.21529007 23.86742783
v 19.82121468 -17.81490326 23.61794281
v 19.66901207 -17.61707115 23.58432961
v 20.39986801 -16.80449295 24.21232033
v 16.80446434 -15.09263802 24.27110100
v 16.92697144 -15.03444481 24.05887604
v 17.27908707 -15.10943794 23.71549225
v 17.09051514 -15.04023457 23.86742783
v 17.47422981 -15.23528385 23.61794281
v 17.55314827 -14.33775234 24.68699646
v 17.43323135 -14.40091133 24.89928055
v 17.71673012 -14.33680916 24.49549484
v 17.90796471 -14.39817524 24.34351730
v 18.10812950 -14.51584244 24.24594116
v 18.31398010 -13.60728931 25.12356377
v 18.50754929 -13.66071510 24.97154427
v 18.03351021 -13.68297005 25.52746010
v 18.15063667 -13.61495781 25.31511879
v 18.71239662 -13.77000618 24.87394333
v 18.71834946 -12.86724377 25.94324303
v 18.88117599 -12.85286808 25.75163460
v 19.07675171 -12.89826584 25.59957504
v 19.28593063 -12.99899292 25.50194550
v 18.60420609 -12.93998718 26.15564346
v 19.82768059 -12.20407200 26.12994957
v 19.14427757 -12.17318153 26.78382683
v 19.25524139 -12.09583855 26.57136917
v 19.41728020 -12.07478428 26.37970924
v 19.61452866 -12.11207867 26.22760582
v 19.65272331 -11.38381672 27.41201210
v 19.76032829 -11.30201244 27.19949722
v 19.92130089 -11.27432060 27.00778389
v 20.11988831 -11.30345154 26.85564041
v 20.33664894 -11.38655376 26.75795746
v 20.23266983 -10.48707771 27.82762527
v 20.39230728 -10.45279980 27.63586044
v 20.12860680 -10.57319736 28.04019928
v 14.56976604 -18.21412659 30.40937996
v 14.41756344 -18.01629448 30.37576866
v 14.31066704 -17.81016159 30.27821922
v 14.25953960 -17.61590767 30.12628365
v 14.26918697 -17.45254517 29.93483353
v 15.17169476 -17.41918182 31.00563049
v 15.33198833 -17.61051559 31.03925323
v 14.99710846 -17.02577782 30.75607681
v 14.99990559 -16.86221695 30.56457520
v 15.05630302 -17.21769524 30.90805435
v 17.62372589 -19.89916611 31.00563049
v 17.82389259 -20.01683426 30.90805435
v 15.90107155 -16.79049110 31.63549232
v 16.06917953 -16.97499657 31.66912270
v 15.77738667 -16.59399986 31.53788948
v 15.71023083 -16.40475464 31.38586998
v 15.70617867 -16.24128151 31.19431496
v 16.60437393 -16.13125038 32.26535034
v 16.47261047 -15.94009495 32.16772079
v 16.39761353 -15.75385284 32.01565933
v 16.38672256 -15.59075451 31.82405281
v 16.78000259 -16.30860710 32.29899216
v 17.28031921 -15.44254112 32.89520645
v 17.46316719 -15.61244392 32.92885590
v 18.01512527 -20.07819939 30.75607681
v 18.17870712 -20.07725716 30.56457520
v 18.29862595 -20.01409721 30.35229301
v 18.65877151 -19.27585602 31.53788948
v 18.85234070 -19.32928085 31.38586998
v 19.01568413 -19.32161331 31.19431496
v 19.13281059 -19.25360107 30.98197365
v 18.45392418 -19.16656494 31.63549232
v 19.93536949 -18.45832443 31.61165237
v 19.46282387 -18.50004578 32.16772079
v 19.25364494 -18.39931870 32.26535034
v 19.65839958 -18.54544449 32.01565933
v 19.82122612 -18.53106880 31.82405281
v 20.43184471 -17.72798347 32.64544678
v 20.02144432 -17.59869576 32.89520645
v 20.23459625 -17.69068909 32.79755020
v 17.05800438 -15.07413864 32.64544678
v 17.04030037 -14.91170025 32.45378876
v 17.14070892 -15.25705338 32.79755020
v 17.92767334 -14.72550011 33.52506256
v 17.78045845 -14.54600239 33.42737961
v 17.66571236 -14.20523930 33.08352280
v 17.69019318 -14.36673260 33.27523422
v 18.11742592 -14.88765430 33.55871964
v 18.74157524 -14.13544178 34.18858337
v 18.39068604 -13.80811882 34.05720520
v 18.54524803 -13.98131466 34.15491486
v 18.29302025 -13.63280678 33.90501785
v 18.26181030 -13.47254086 33.71325302
v 18.86537361 -12.87358093 34.53480148
v 19.13190460 -13.21122360 34.78476334
v 18.97026634 -13.04462910 34.68703079
v 19.33446884 -13.35705566 34.81844330
v 18.82749367 -12.71482086 34.34298325
v 19.51812363 -12.25680828 35.31685257
v 19.68655777 -12.41651154 35.41461182
v 19.36171150 -11.93334484 34.97271347
v 19.40618896 -12.09032059 35.16458130
v 19.89500809 -12.55379772 35.44829941
v 20.20817375 -11.59851074 36.04446030
v 20.42214775 -11.72701359 36.07815552
v 19.91445732 -11.28433704 35.79436111
v 20.03323555 -11.44597530 35.94667053
v 19.86346626 -11.12942028 35.60243988
v 20.33181381 -10.30439568 36.23216629
v 20.38922691 -10.45698452 36.42413712
v 11.81844044 -20.49572945 51.28424454
v 11.94919205 -20.47924232 51.06961441
v 12.79914474 -19.98866272 51.69780731
v 12.66927052 -20.01051903 51.91249084
v 13.26619053 -20.33095932 51.25176620
v 12.95203114 -20.03918076 51.50414276
v 13.11296463 -20.15712738 51.35044479
v 13.94936275 -19.61815071 51.97855377
v 13.78373051 -19.50695229 52.13228989
v 14.10963535 -19.78549385 51.87985229
v 12.31760979 -20.41289902 59.72462082
v 12.34718800 -20.25479889 59.53081131
v 13.50017452 -19.48996735 52.54073715
v 13.62895012 -19.46278191 52.32600403
v 14.30968189 -18.93488693 53.16898727
v 14.43714142 -18.90242958 52.95420074
v 14.59355164 -18.94017982 52.76043701
v 14.76360130 -19.04444313 52.60666656
v 14.93064594 -19.20501137 52.50793839
v 15.22228622 -18.30849266 53.58239746
v 15.09635830 -18.34616089 53.79723740
v 15.72776699 -18.59043694 53.13602829
v 15.38006020 -18.33976555 53.38858795
v 15.55423737 -18.43691635 53.23477936
v 16.49958229 -17.94275475 53.76411819
v 16.14185715 -17.70666695 54.01673889
v 16.31986427 -17.79654312 53.86289215
v 15.98298645 -17.68192101 54.21059799
v 15.85880375 -17.72472954 54.42549133
v 16.59565735 -17.07158852 55.05374527
v 16.71788597 -17.02371979 54.83879852
v 16.87758255 -17.04190063 54.64489365
v 17.05911636 -17.12435341 54.49100876
v 17.24471664 -17.26300621 54.39220810
v 17.58592033 -16.34654427 55.27304840
v 17.30559921 -16.38779259 55.68199921
v 17.42566681 -16.33495140 55.46700287
v 17.77066994 -16.42143250 55.11912537
v 19.52849960 -20.18978500 54.49100876
v 19.43254280 -19.97891998 54.39220810
v 19.57041168 -20.38471222 54.64489365
v 19.29193306 -19.77275658 54.35816574
v 20.40564156 -19.73510170 55.46700287
v 20.41516685 -19.57471275 55.27304840
v 20.36515236 -19.38173676 55.11912537
v 20.11143875 -18.97492218 54.98624802
v 20.26049423 -19.17506218 55.02030182
v 17.96183395 -16.55228996 55.02030182
v 18.26559639 -15.62172222 55.90120697
v 18.45324898 -15.68892479 55.74724579
v 18.64964867 -15.81176376 55.64839935
v 17.98735237 -15.67445278 56.31025696
v 18.10506058 -15.61673546 56.09520721
v 18.63969040 -14.93272972 56.93851471
v 18.75483704 -14.87024212 56.72341156
v 19.10562134 -14.92802238 56.37536621
v 18.91538620 -14.86861992 56.52936554
v 19.30692101 -15.04263496 56.27649307
v 19.37382126 -14.09669209 57.35161972
v 19.26142502 -14.16383839 57.56677628
v 19.72660446 -14.13997364 57.00349045
v 19.93245888 -14.24616241 56.90459442
v 19.53411102 -14.08846951 57.15752411
v 20.12064171 -13.28255177 57.78568649
v 20.31506729 -13.32607174 57.63161469
v 19.85142899 -13.36904049 58.19503784
v 19.96088409 -13.29735756 57.97982788
v 20.40861893 -12.54964733 58.82329941
v 22.77837944 -34.09025574 0.00000000
v 22.77837944 -34.09025574 0.60000002
v 21.38945389 -32.01158142 0.00000000
v 21.38945389 -32.01158142 0.60000002
v 26.01012421 -31.69342804 0.00000000
v 26.01012421 -31.69342804 0.60000002
v 24.42414093 -29.76090240 0.00000000
v 24.42414093 -29.76090240 0.60000002
v 24.74725533 -29.46804810 0.00000000
v 24.74725533 -29.46804810 0.60000002
v 27.57716370 -27.57716370 0.00000000
v 27.57716370 -27.57716370 0.60000002
v 27.76667404 -26.62443542 0.00000000
v 27.57716370 -27.57716370 6.00000000
v 28.99137878 -28.99137878 0.00000000
v 28.99137878 -28.99137878 0.60000002
v 26.16295052 -26.16295052 8.00000000
v 29.46804810 -24.74725533 0.00000000
v 29.46804810 -24.74725533 0.60000002
v 29.76090240 -24.42414093 0.00000000
v 29.76090240 -24.42414093 0.60000002
v 31.69342804 -26.01012421 0.00000000
v 31.69342804 -26.01012421 0.60000002
v 32.01158142 -21.38945389 0.00000000
v 32.01158142 -21.38945389 0.60000002
v 34.09025574 -22.77837944 0.00000000
v 34.09025574 -22.77837944 0.60000002
v 20.56016159 -16.99582672 24.24594116
v 20.73195076 -17.55279160 24.68699646
v 20.73474693 -17.38923073 24.49549484
v 20.67555428 -17.19731331 24.34351730
v 21.46014214 -16.69528770 25.31511879
v 21.09714127 -15.96157455 24.84031105
v 21.45608902 -16.53181458 25.12356377
v 21.38893318 -16.34257126 24.97154427
v 21.26524925 -16.14608002 24.87394333
v 22.06696510 -15.45821762 25.59957504
v 22.15285301 -15.80755711 25.94324303
v 22.14196205 -15.64445972 25.75163460
v 21.75957298 -15.08970451 25.46830559
v 21.93520164 -15.26706219 25.50194550
v 22.38595772 -14.19032478 26.09630013
v 22.56880569 -14.36022758 26.12994957
v 22.80882454 -14.89106750 26.57136917
v 22.70841599 -14.54571438 26.22760582
v 22.79112053 -14.72863007 26.37970924
v 22.97515297 -13.26492500 26.72429848
v 20.59189415 -10.47371960 27.48367500
v 20.81189346 -10.54779053 27.38596725
v 23.31212044 -13.60657692 26.85564041
v 23.40238571 -13.78584671 27.00778389
v 23.42686653 -13.94734001 27.19949722
v 23.16490555 -13.42707920 26.75795746
v 24.00584221 -12.97794437 27.82762527
v 23.97463226 -12.81767750 27.63586044
v 23.52607727 -12.31504345 27.35229874
v 23.87696648 -12.64236641 27.48367500
v 23.72240639 -12.46917057 27.38596725
v 24.03771591 -11.34226418 27.98030090
v 24.24027824 -11.48809624 28.01397705
v 24.54468918 -11.98449898 28.45575714
v 24.40191841 -11.65469074 28.11171341
v 24.50681114 -11.82573986 28.26394081
v 24.50911140 -10.34821320 28.60830307
v 24.88599586 -10.64520264 28.73975182
v 24.71755981 -10.48549938 28.64199066
v 25.04240799 -10.96866608 29.08389091
v 24.99793053 -10.81169033 28.89202118
v 22.66621971 -5.32917500 8.00000000
v 23.01664162 -5.72766781 8.00000000
v 23.38841057 -6.00078773 8.00000000
v 23.58985329 -6.07522058 8.00000000
v 23.15802574 -5.54735947 8.64366722
v 24.12959862 -6.08767080 8.00000000
v 24.33425713 -6.02260494 8.00000000
v 23.86711693 -5.76100206 8.72819614
v 24.71822548 -5.76691628 8.00000000
v 24.58530426 -5.58028078 8.64366722
v 25.08664513 -5.38500452 8.00000000
v 22.03709030 -4.05718851 8.01626682
v 22.04139328 -4.07509136 8.00000000
v 22.03535271 -4.05779171 8.00000000
v 22.02688217 -4.01898718 8.00000000
v 22.45766258 -5.00669670 8.00000000
v 22.52744102 -4.96026516 8.39835262
v 22.89108467 -4.61140442 9.43500328
v 22.30844116 -3.83683801 9.10889053
v 21.81645775 -2.87230682 8.00000000
v 21.97058678 -2.76974583 8.87990475
v 22.70551491 -3.45627761 10.04106331
v 21.75358009 -2.11981583 8.00000000
v 21.73737335 -1.56049788 8.00000000
v 21.76742744 -1.51943874 8.34620667
v 21.69368935 -1.78082228 10.41193962
v 21.76660538 -0.98559594 8.00000000
v 21.71522522 -0.25806421 8.00000000
v 21.77405167 -0.87705672 11.04173946
v 22.34052849 -2.44566512 9.91110802
v 21.98060417 -2.00301933 10.75228214
v 22.20339775 -2.06971025 10.84896564
v 22.09882545 -1.38074398 9.55963421
v 22.18942642 -1.36234665 9.72951126
v 22.37433243 -1.57174265 10.05366516
v 21.80496979 -1.90347528 10.60169315
v 22.45154572 -2.09701991 10.88228130
v 22.94300461 -2.36043978 10.73301792
v 22.79448509 -1.94244528 10.62381554
v 22.82192802 -1.96343946 10.65596008
v 23.02016068 -2.08022928 10.83295155
v 22.46714020 -1.67684150 10.21636295
v 22.57758522 -1.77650726 10.36975193
v 22.50843430 -1.72360373 10.28875256
v 22.69380760 -1.86542320 10.50588894
v 21.91764259 -0.75539660 8.77936077
v 21.82129097 -0.46069974 8.00000000
v 21.86783409 -0.42972949 8.26570415
v 21.85502625 -0.26159593 8.00000000
v 22.08029175 -1.18837631 9.45841885
v 22.12314415 -1.27462327 9.59326458
v 21.89032364 -0.99489552 11.23154926
v 22.06993675 -1.08699250 11.38218307
v 22.29530716 -1.14433253 11.47889519
v 21.93779373 -0.08251700 11.86140251
v 22.12107086 -0.16700843 12.01208115
v 22.34862328 -0.21489905 12.10882282
v 22.54437447 -1.16130292 11.51222038
v 22.59818077 -0.22150099 12.14215755
v 23.51342201 -4.82078981 9.74344730
v 24.26378632 -4.83809757 9.74344730
v 23.28326607 -3.69894028 10.43876934
v 23.91253662 -3.79189086 10.57478905
v 25.24228668 -5.02288580 8.39835262
v 25.30984879 -5.07248545 8.00000000
v 25.51285362 -3.91075063 9.10889053
v 24.89511681 -4.65762949 9.43500328
v 24.54542351 -3.72805309 10.43876934
v 25.13374710 -3.51228714 10.04106331
v 23.10393143 -2.10926199 10.87556934
v 23.56593704 -2.54407001 11.05631447
v 23.38588524 -1.76821005 11.10575199
v 24.31630135 -2.56137800 11.05631447
v 24.94703674 -2.40666485 10.73301792
v 24.88364220 -2.12655735 10.83176613
v 24.83181000 -2.14168572 10.85779285
v 24.56340408 -1.80093861 11.08648205
v 24.53994942 -1.76614714 11.10758877
v 25.54494286 -2.51957798 9.91110802
v 25.08428574 -2.02129292 10.65706825
v 25.41139793 -1.79536343 10.28625584
v 23.78103256 -1.55308044 11.25145531
v 23.89036560 -1.47664106 11.29401112
v 24.03762817 -1.46515095 11.29730320
v 25.77375603 -4.14337826 8.01626682
v 25.76863289 -4.16106367 8.00000000
v 25.77546310 -4.14406061 8.00000000
v 25.78571320 -4.10568810 8.00000000
v 26.04878616 -2.96992946 8.00000000
v 25.89954948 -2.86037111 8.87990475
v 26.14629364 -2.22113800 8.00000000
v 26.18827057 -1.66316199 8.00000000
v 26.16014099 -1.62076080 8.34620667
v 25.68980408 -2.15778613 10.84896564
v 25.91568184 -2.10243011 10.75228214
v 26.09611702 -2.01188135 10.60169315
v 25.75132370 -1.44575965 9.71910858
v 25.83548927 -1.46693361 9.55963421
v 25.86109543 -1.28803682 9.46498585
v 25.81731987 -1.36660051 9.59113121
v 26.25618935 -1.76323760 10.20159721
v 26.21344948 -1.89500356 10.41193962
v 26.18557549 -1.08752370 8.00000000
v 26.04631424 -0.85731459 8.77558708
v 26.15515137 -0.56066424 8.00000000
v 26.11218834 -0.52912438 8.25330830
v 26.12566948 -0.41940907 8.07905006
v 26.12499237 -0.42490849 8.08778477
v 26.12427139 -0.43078998 8.09712601
v 26.12354088 -0.43672222 8.10654831
v 26.12286377 -0.44223168 8.11529827
v 26.13178444 -0.36963820 8.00000000
v 26.27584648 -0.37327760 8.00000000
v 26.29465485 -0.80353683 11.04173946
v 26.33189011 -0.67020977 10.83133316
v 25.78236389 -1.08762157 11.47889519
v 26.00575066 -1.02298319 11.38218307
v 26.18227386 -0.92509431 11.23154926
v 25.83032036 -0.01349904 12.10882282
v 20.67138290 -9.65238476 28.45575714
v 20.57103348 -9.74266911 28.66838837
v 20.82941818 -9.61158466 28.26394081
v 21.02966499 -9.62426186 28.11171341
v 21.25252724 -9.68917465 28.01397705
v 20.97917175 -8.89361191 29.29657936
v 21.07564354 -8.79932404 29.08389091
v 21.23180580 -8.75207424 28.89202118
v 21.43237495 -8.75648880 28.73975182
v 21.65771866 -8.81213474 28.64199066
v 21.44467926 -7.92931700 29.71202469
v 21.59870911 -7.87570381 29.52010345
v 21.79925919 -7.87185001 29.36779404
v 22.02669716 -7.91813421 29.27000618
v 24.93938065 -9.33455467 29.23630905
v 25.49806404 -9.93214798 29.71202469
v 25.32829285 -9.61559296 29.36779404
v 25.44707108 -9.77723122 29.52010345
v 25.15335464 -9.46305752 29.27000618
v 25.32770920 -8.30299187 29.86431885
v 33.95396805 -18.14877510 0.00000000
v 33.95396805 -18.14877510 0.60000002
v 34.14041138 -17.75457001 0.00000000
v 34.14041138 -17.75457001 0.60000002
v 34.18354416 -14.15928745 8.00000000
v 36.15877151 -19.32726669 0.00000000
v 36.15877151 -19.32726669 0.60000002
v 37.87906265 -15.69002056 0.00000000
v 37.87906265 -15.69002056 0.60000002
v 36.03130341 -14.92465401 0.00000000
v 36.03130341 -14.92465401 0.60000002
v 36.03130341 -13.44227219 0.00000000
v 36.03130341 -14.92465401 6.00000000
v 36.69529724 -11.58653164 0.00000000
v 36.69529724 -11.58653164 0.60000002
v 36.84220123 -11.17596054 0.00000000
v 36.84220123 -11.17596054 0.60000002
v 39.23455429 -11.90167141 0.00000000
v 39.23455429 -11.90167141 0.60000002
v 37.76023483 -7.51097727 0.00000000
v 37.76023483 -7.51097727 0.60000002
v 40.21219635 -7.99870300 0.00000000
v 40.21219635 -7.99870300 0.60000002
v 38.31461334 -3.77365994 0.00000000
v 38.31461334 -3.77365994 0.60000002
v 38.33600998 -3.33810091 0.00000000
v 38.33600998 -3.33810091 0.60000002
v 40.80257416 -4.01870298 0.00000000
v 40.80257416 -4.01870298 0.60000002
v 20.59388351 -17.70693016 32.45378876
v 20.70484734 -17.62958717 32.24132919
v 20.75592804 -16.76602554 33.52506256
v 20.97268867 -16.84912872 33.42737961
v 21.33225060 -16.85056686 33.08352280
v 21.43985367 -16.76876259 32.87100601
v 21.17127609 -16.87825966 33.27523422
v 22.13904762 -15.87728691 33.50068283
v 21.45575905 -15.90269375 34.15491486
v 21.67575836 -15.97676468 34.05720520
v 21.87534523 -15.99768543 33.90501785
v 22.03498459 -15.96340752 33.71325302
v 22.34251785 -15.07505894 34.68703079
v 22.11965561 -15.01014519 34.78476334
v 22.54276657 -15.08773518 34.53480148
v 22.70079994 -15.04693508 34.34298325
v 22.80114937 -14.95665073 34.13035583
v 22.97174263 -14.14552212 35.31685257
v 22.74640083 -14.08987617 35.41461182
v 20.51463890 -10.61349106 36.57648849
v 20.69577408 -10.75859547 36.67430496
v 20.91490364 -10.87809181 36.70800781
v 23.32847595 -14.10268688 34.97271347
v 23.17231178 -14.14993668 35.16458130
v 23.42494583 -14.00839901 34.76002502
v 24.00928307 -13.03412533 35.38969421
v 23.33483315 -13.14343357 36.04446030
v 23.56227112 -13.18971825 35.94667053
v 23.76282120 -13.18586445 35.79436111
v 23.91685104 -13.13225079 35.60243988
v 23.88386154 -12.17241478 36.67430496
v 24.11300659 -12.20925808 36.57648849
v 24.31319618 -12.19714642 36.42413712
v 24.46483231 -12.13726425 36.23216629
v 24.55307388 -12.03547287 36.01936340
v 24.39245796 -11.17845917 37.30414581
v 24.62291908 -11.20580101 37.20630646
v 24.97139931 -11.11940861 36.86188889
v 24.82240868 -11.18545341 37.05391312
v 25.05530357 -11.01413155 36.64902878
v 21.05518341 -18.33687401 55.64839935
v 20.89793968 -18.14310265 55.61433792
v 21.22638512 -18.72968674 55.90120697
v 21.16835785 -18.53899765 55.74724579
v 21.22358322 -18.89027786 56.09520721
v 22.00653648 -18.01153374 56.72341156
v 21.65002251 -17.27866364 56.24242401
v 21.93667793 -17.66295433 56.37536621
v 22.00261307 -17.85102463 56.52936554
v 21.81518364 -17.46573257 56.27649307
v 22.66872978 -16.75505066 57.00349045
v 22.75309181 -17.10032082 57.35161972
v 22.74245644 -16.94017410 57.15752411
v 22.36633492 -16.38302994 56.87051773
v 22.53912735 -16.56307220 56.90459442
v 23.04558182 -15.45768166 57.49860764
v 23.36319160 -15.81678867 57.63161469
v 23.22570610 -15.63038635 57.53269577
v 23.44457817 -15.99864292 57.78568649
v 23.46190262 -16.15814781 57.97982788
v 20.52512550 -13.42365837 57.53269577
v 20.51494980 -12.47355556 58.60803986
v 20.67390823 -12.45219707 58.41384888
v 21.08383751 -12.57647896 58.16079712
v 20.86993408 -12.48766232 58.25974274
v 21.03500175 -11.62664986 59.23625183
v 20.93197060 -11.70701504 59.45156479
v 21.60756493 -11.70602703 58.78890228
v 21.19289017 -11.59877872 59.04201508
v 21.39018250 -11.62613010 58.88787079
v 21.67662621 -10.72371292 59.67018127
v 21.87484741 -10.74290657 59.51599884
v 22.09533691 -10.81374836 59.41700745
v 23.68653107 -14.50415421 58.12670517
v 24.01880455 -14.84972572 58.25974274
v 24.13168526 -15.18657875 58.60803986
v 24.10770798 -15.02799416 58.41384888
v 23.87367630 -14.66922283 58.16079712
v 24.28801155 -13.52403355 58.75479889
v 24.76121902 -14.18722916 59.23625183
v 24.48185539 -13.68118095 58.78890228
v 24.63437271 -13.85547066 58.88787079
v 24.73063469 -14.02984333 59.04201508
v 25.20876694 -12.83568287 59.51599884
v 25.31221771 -13.00585556 59.67018127
v 24.84892082 -12.51895332 59.38289642
v 25.04912567 -12.66790771 59.41700745
v 21.35224724 -8.02744293 29.92477036
v 20.82959557 -9.60965633 37.05391312
v 20.96142006 -9.76075935 37.20630646
v 20.76586723 -9.45966053 36.86188889
v 21.37234497 -10.00846481 37.33786011
v 21.14843750 -9.89818001 37.30414581
v 21.68953896 -7.14561081 30.55296516
v 21.77778053 -7.04381990 30.34016037
v 21.92941666 -6.98393774 30.14818764
v 22.12960625 -6.97182560 29.99583817
v 22.35875320 -7.00866985 29.89802361
v 22.22328568 -6.07827234 30.77627563
v 21.99038887 -6.24959517 31.18115997
v 22.07429504 -6.14431715 30.96829987
v 22.33363533 -5.23232174 31.59643936
v 22.42277336 -6.05792522 30.62388420
v 22.65323639 -6.08526707 30.52604103
v 22.67817879 -5.13168478 31.25193024
v 22.47972679 -5.16023064 31.40436363
v 22.90956306 -5.14947891 31.15406227
v 22.25420189 -5.34090233 31.80935669
v 25.54683876 -8.42248917 29.89802361
v 25.51502609 -9.97182941 37.27869415
v 21.56530380 -9.01871967 37.93398666
v 21.23472404 -8.74378395 37.68368912
v 21.37272835 -8.88922119 37.83612061
v 21.16479683 -8.59664345 37.49161148
v 21.52783394 -7.71680307 38.12133026
v 21.60383224 -7.86083317 38.31345749
v 21.74777412 -8.00035286 38.46593094
v 21.79360008 -9.11960316 37.96770859
v 21.94556999 -8.12170506 38.56382751
v 22.17786026 -8.21301174 38.59755707
v 22.08582497 -7.09566450 39.09574127
v 22.28849792 -7.20866060 39.19366074
v 21.93619919 -6.96230459 38.94322968
v 21.85426712 -6.82163525 38.75104904
v 22.52438164 -7.29023266 39.22740173
v 22.38621330 -6.17669678 39.72555161
v 22.23116875 -6.04972792 39.57299805
v 22.14345169 -5.91266346 39.38076782
v 22.59341240 -6.28114128 39.82349777
v 22.83248138 -6.35283804 39.85724640
v 22.64834023 -5.24501848 40.35535812
v 22.85970116 -5.34073067 40.45333099
v 24.85966682 -10.16325283 37.93398666
v 25.28950119 -10.15250111 37.68368912
v 25.09105110 -10.18104649 37.83612061
v 25.43559265 -10.08041000 37.49161148
v 25.28459740 -9.12851906 38.56382751
v 25.51650810 -9.13673592 38.46593094
v 23.10154152 -5.40242863 40.48708725
v 22.69822311 -4.23135996 32.03245163
v 22.48044395 -4.42106438 32.43755722
v 22.55527306 -4.30937099 32.22457886
v 22.89529800 -4.19466686 31.87998009
v 22.87831497 -3.29322982 32.66054535
v 22.73874855 -3.37702441 32.85272217
v 22.66864014 -3.49163580 33.06575394
v 22.88365746 -2.43686104 33.48086929
v 23.01960945 -2.34742880 33.28863907
v 22.81838799 -2.55419111 33.69395828
v 22.92934418 -1.61032224 34.32216263
v 22.98967171 -1.49047685 34.10901642
v 23.00123215 -0.66163516 34.95036697
v 23.05652046 -0.53948241 34.73716354
v 23.12720871 -4.20288372 31.78208542
v 23.07368088 -3.24845409 32.50802994
v 23.30572128 -3.24708033 32.41011047
v 23.21293449 -2.29464912 33.13608551
v 23.44470978 -2.28368807 33.03813934
v 23.12178040 -1.39556289 33.91673660
v 23.31273651 -1.33487105 33.76414108
v 23.54384995 -1.31434226 33.66616821
v 23.37282944 -0.37075263 34.39219666
v 23.60288620 -0.34069207 34.29419708
v 23.18456650 -0.43925110 34.54483414
v 22.39480209 -4.99143839 40.01048279
v 22.48814583 -5.12466049 40.20276260
v 22.70660400 -4.18868542 40.83252716
v 22.60779953 -4.05953646 40.64019394
v 22.87166405 -4.30222416 40.98516083
v 22.88607979 -3.24340773 41.46228790
v 23.05571365 -3.34993100 41.61496353
v 22.78199387 -3.11855531 41.26990509
v 22.91699409 -2.17011189 41.89961624
v 23.02617645 -2.29045224 42.09204865
v 23.01248360 -1.21583951 42.52932358
v 23.08682060 -4.38903856 41.08316040
v 23.33101654 -4.44063091 41.11692810
v 23.27429390 -3.42769766 41.71298981
v 23.52042007 -3.46909547 41.74676514
v 23.20008850 -2.38977575 42.24476624
v 23.42170906 -2.45836020 42.34281540
v 23.66934395 -2.48949218 42.37660217
v 23.12656593 -1.33146000 42.72180939
v 23.30445290 -1.42341280 42.87456512
v 23.52872849 -1.48269689 42.97264099
v 23.77744102 -1.50350916 43.00643539
v 23.18699074 -0.36808684 43.35156250
v 23.36853790 -0.45251045 43.50436020
v 23.06821060 -0.25738519 43.15903091
v 23.59507942 -0.50239199 43.60246277
v 23.84444046 -0.51284879 43.63626480
v 25.91079903 -8.87668896 30.34016037
v 25.85338783 -8.72409916 30.14818764
v 25.72797394 -8.56759262 29.99583817
v 26.27982712 -7.80406523 30.96829987
v 25.67334938 -7.25526094 30.49232864
v 25.89725494 -7.36554623 30.52604103
v 26.08427429 -7.50296640 30.62388420
v 26.21609879 -7.65406990 30.77627563
v 26.39649963 -6.42351007 31.25193024
v 26.53450584 -6.56894827 31.40436363
v 26.60443115 -6.71608877 31.59643936
v 25.97562981 -6.19312906 31.12034035
v 26.20392418 -6.29401159 31.15406227
v 26.46623611 -5.20969772 31.78208542
v 26.80797577 -5.47057009 32.03245163
v 26.88397217 -5.61459970 32.22457886
v 26.66403389 -5.33104992 31.87998009
v 25.85653305 -9.02203178 38.12133026
v 25.71358299 -9.10004330 38.31345749
v 25.93136406 -8.91033840 37.90835571
v 25.66643715 -8.07602119 39.19366074
v 25.89847755 -8.07464695 39.09574127
v 26.09384346 -8.02987194 38.94322968
v 26.23340988 -7.94607687 38.75104904
v 26.30351639 -7.83146572 38.53801727
v 26.63076019 -6.73705006 39.16767883
v 26.00443840 -7.00755310 39.82349777
v 26.23621368 -6.99659204 39.72555161
v 26.42953873 -6.94381237 39.57299805
v 26.56549072 -6.85438013 39.38076782
v 26.29793930 -5.92494249 40.45333099
v 26.52905083 -5.90441370 40.35535812
v 26.72000885 -5.84372139 40.20276260
v 26.85211563 -5.74880743 40.01048279
v 26.91244507 -5.62896204 39.79733658
v 26.23394775 -5.11839151 31.74835396
v 26.44777679 -4.03286839 32.37636948
v 26.88633347 -4.22743702 32.50802994
v 26.68365860 -4.11444044 32.41011047
v 26.61666679 -2.93840289 33.00438690
v 26.85573578 -3.01009965 33.03813934
v 27.11788940 -4.50146580 32.85272217
v 27.03595924 -4.36079693 32.66054535
v 27.21797943 -3.24151325 33.28863907
v 27.30569649 -3.37857771 33.48086929
v 27.06293488 -3.11454439 33.13608551
v 26.74024582 -1.83685601 33.63240814
v 26.81821442 -0.73010445 34.26042938
v 27.19344902 -1.99426603 33.76414108
v 27.44698524 -2.24784589 34.10901642
v 27.35364151 -2.11462402 33.91673660
v 26.98208618 -1.89855373 33.66616821
v 27.06240845 -0.78169680 34.29419708
v 27.27756691 -0.86851126 34.39219666
v 27.44262505 -0.98204988 34.54483414
v 27.54142952 -1.11119878 34.73716354
v 26.77639961 -4.79998302 40.98516083
v 27.14799881 -4.50910044 40.42699432
v 26.96466446 -4.73148441 40.83252716
v 27.09270859 -4.63125324 40.64019394
v 27.33692932 -3.37938523 41.05664825
v 26.54634285 -4.83004332 41.08316040
v 26.74913788 -3.72473550 41.71298981
v 26.90588951 -2.61091995 42.34281540
v 27.16299820 -3.60900903 41.46228790
v 26.97774506 -3.68519545 41.61496353
v 27.28676605 -3.50363398 41.26990509
v 27.43386650 -2.36788940 41.89961624
v 27.47882652 -2.24175930 41.68630219
v 27.13265610 -2.56196856 42.24476624
v 27.31458473 -2.47822595 42.09204865
v 27.24077606 -1.43223739 42.87456512
v 27.41907310 -1.34108305 42.72180939
v 27.01623726 -1.49051523 42.97264099
v 27.53367424 -1.22597516 42.52932358
v 27.57336044 -1.09818125 42.31595230
v 27.07990837 -0.36545590 43.60246277
v 27.47619820 -0.19954270 43.35156250
v 27.30183601 -0.29795170 43.50436020
v 27.58592606 -0.07986185 43.15903091
v 0.04067742 -28.66853333 74.49208069
v 0.08180046 -28.42243195 74.45777893
v 0.34651411 -25.19445229 74.49208069
v 0.31015891 -24.96597481 74.59162903
v 0.95016736 -29.17174721 75.57029724
v 1.06566167 -29.06263351 75.37488556
v 1.16136074 -28.88878441 75.21979523
v 1.22789681 -28.66721725 75.12022400
v 1.25875700 -28.41962242 75.08591461
v 2.15871119 -29.13233757 76.19855499
v 2.26949930 -29.01852417 76.00308990
v 2.35783863 -28.84085274 75.84796906
v 2.41508198 -28.61671448 75.74837494
v 2.43562627 -28.36805153 75.71405792
v 3.55234218 -28.74334526 76.47614288
v 3.60019445 -28.51702690 76.37653351
v 3.61038709 -28.26772499 76.34220123
v 3.36562371 -29.04283714 76.82680511
v 3.47151470 -28.92452621 76.63130188
v 4.56882811 -28.90331650 77.45506287
v 4.66963959 -28.78071785 77.25951385
v 4.74281645 -28.59634209 77.10432434
v 4.78119516 -28.36823654 77.00468445
v 4.78101873 -28.11872864 76.97035217
v 0.11023043 -29.20190239 82.61055756
v 1.20040715 -29.16742706 83.45688629
v 1.08171964 -29.06204033 83.65243530
v 0.98070085 -28.89132309 83.80762482
v 0.90723902 -28.67198563 83.90726471
v 1.32514524 -29.19716644 83.24011993
v 2.53984928 -29.14186668 83.86967468
v 2.18323326 -28.85055351 84.43730927
v 2.29118872 -29.01693916 84.28208923
v 2.41407013 -29.11731911 84.08649445
v 2.10077143 -28.63444901 84.53697205
v 3.49876833 -28.92148209 84.91173553
v 3.62563276 -29.01668930 84.71609497
v 3.75223684 -29.03600883 84.49922943
v 3.29274130 -28.54720879 85.16667175
v 3.38406157 -28.75971031 85.06699371
v 4.48107767 -28.41032982 85.79637909
v 4.96020317 -28.87969208 85.12878418
v 4.83299112 -28.86562538 85.34569550
v 4.58109951 -28.61886787 85.69667053
v 4.70236063 -28.77575111 85.54138184
v 0.23850057 -24.78088570 74.74667358
v 0.13855356 -24.65730286 74.94204712
v 0.02010136 -24.60732460 75.15862274
v 1.26430655 -24.77471542 75.37488556
v 1.15939510 -24.65538979 75.57029724
v 1.03905749 -24.61037254 75.78692627
v 1.38928878 -25.18343735 75.12022400
v 1.34352255 -24.95666695 75.21979523
v 2.43175125 -25.12923813 75.74837494
v 2.05830574 -24.57120514 76.41522217
v 2.18032098 -24.61118889 76.19855499
v 2.37665296 -24.90456390 75.84796906
v 2.29001594 -24.72605515 76.00308990
v 3.47211218 -25.03186226 76.37653351
v 3.40777683 -24.80966568 76.47614288
v 3.19957852 -24.52468681 76.82680511
v 3.07609558 -24.48979950 77.04352570
v 3.31386805 -24.63490486 76.63130188
v 4.43512058 -24.67205238 77.10432434
v 4.21541405 -24.39594841 77.45506287
v 4.33410168 -24.50133514 77.25951385
v 4.09067631 -24.36620903 77.67182922
v 4.50858212 -24.89138985 77.00468445
v 5.10029745 -24.20056152 78.30014038
v 0.63480258 -25.44464874 83.94159698
v 0.63462639 -25.19513893 83.90726471
v 0.67300498 -24.96703339 83.80762482
v 0.74618167 -24.78265762 83.65243530
v 0.84699333 -24.66006088 83.45688629
v 1.69464290 -25.42119789 84.57131195
v 1.68409812 -25.17191315 84.53697205
v 1.71293736 -24.94241524 84.43730927
v 1.77833760 -24.75516891 84.28208923
v 1.87389696 -24.62850189 84.08649445
v 2.75362039 -25.35357857 85.20102692
v 2.73272538 -25.10494804 85.16667175
v 2.80948782 -24.68466759 84.91173553
v 2.89963102 -24.55415726 84.71609497
v 2.75197601 -24.87445831 85.06699371
v 3.80989337 -25.24182320 85.83073425
v 3.77868462 -24.99427605 85.79637909
v 3.78831387 -24.76319313 85.69667053
v 3.83783889 -24.57119370 85.54138184
v 3.92241192 -24.43707085 85.34569550
v 4.86162138 -25.08603859 86.46044159
v 4.82015276 -24.84000587 86.42607880
v 4.82014513 -24.60873032 86.32635498
v 4.86159945 -24.41485596 86.17102051
v 4.94045734 -24.27735710 85.97529602
v 5.86180925 -28.58725929 77.88772583
v 5.76624966 -28.71392441 78.08332062
v 5.92720938 -28.40001297 77.73249817
v 6.95582151 -28.47490501 78.71157837
v 7.04596472 -28.34439468 78.51593781
v 5.95604849 -28.17051506 77.63284302
v 5.94550371 -27.92123032 77.59850311
v 7.10347652 -28.15460587 78.36067963
v 7.12272692 -27.92411423 78.26099396
v 7.10183239 -27.67548561 78.22664642
v 8.13548470 -28.18658257 79.33983612
v 8.22005749 -28.05245972 79.14415741
v 8.26958275 -27.86045837 78.98886108
v 8.27921200 -27.62937546 78.88916016
v 8.24800396 -27.38183022 78.85479736
v 9.38205433 -27.71186638 79.77237701
v 9.30319595 -27.84936523 79.96810150
v 9.42350864 -27.51799202 79.61704254
v 9.42350101 -27.28671837 79.51731873
v 9.38203239 -27.04068375 79.48295593
v 6.16164780 -28.67310333 85.75833130
v 5.66371298 -28.22396469 86.42607880
v 5.89987230 -28.57991219 86.17102051
v 6.03404474 -28.66430664 85.97529602
v 5.77226496 -28.42818069 86.32635498
v 6.95548058 -28.18789673 86.95603180
v 7.08921671 -28.33421898 86.80066681
v 7.35447645 -28.41651154 86.38788605
v 7.22670126 -28.41299438 86.60489655
v 6.83858490 -27.98834991 87.05577850
v 8.00364304 -27.70381165 87.68547821
v 8.12868214 -27.89834785 87.58570099
v 8.26831627 -28.03901291 87.43030548
v 8.40887833 -28.11203957 87.23448944
v 8.53660870 -28.11027718 87.01743317
v 9.70597649 -27.75484848 87.64698029
v 9.28981590 -27.55994987 88.21537781
v 9.43511105 -27.69472122 88.05994415
v 9.57851028 -27.76187897 87.86408997
v 9.15684795 -27.37075806 88.31517029
v 5.53937531 -24.70797729 77.63284302
v 5.45691347 -24.49187469 77.73249817
v 5.34895802 -24.32548904 77.88772583
v 5.22607660 -24.22510910 78.08332062
v 6.56271124 -24.48185349 78.26099396
v 6.47139072 -24.26935196 78.36067963
v 6.35668421 -24.10758018 78.51593781
v 6.22981977 -24.01237488 78.71157837
v 6.10321569 -23.99305534 78.92844391
v 7.22490597 -23.75802612 79.33983612
v 7.35553598 -23.84790039 79.14415741
v 7.57681942 -24.21332169 78.88916016
v 7.47679710 -24.00478554 78.98886108
v 7.09769344 -23.74395943 79.55675507
v 8.08200645 -23.45362091 80.18506622
v 8.20960903 -23.46241570 79.96810150
v 8.57994080 -23.90275764 79.51731873
v 8.34378147 -23.54681015 79.77237701
v 8.47138882 -23.69854164 79.61704254
v 9.57033253 -23.55061150 80.14547729
v 9.45343685 -23.35106468 80.24523163
v 9.18221664 -23.12596893 80.59635925
v 9.05444145 -23.12245178 80.81337738
v 9.31970119 -23.20474243 80.40058899
v 10.01330471 -22.75093842 81.44168854
v 10.14103508 -22.74917603 81.22462463
v 5.90696859 -24.88641357 87.09014893
v 5.85531187 -24.64231491 87.05577850
v 5.84566784 -24.41125298 86.95603180
v 5.87898111 -24.21584129 86.80066681
v 5.95199013 -24.07521057 86.60489655
v 6.88235044 -24.40146637 87.68547821
v 6.94410610 -24.64320564 87.71985626
v 6.86308813 -24.17101479 87.58570099
v 6.95524073 -23.83089447 87.23448944
v 6.88820410 -23.97440910 87.43030548
v 7.97121668 -24.35675621 88.34955597
v 7.89946890 -24.11779213 88.31517029
v 7.87062216 -23.88835335 88.21537781
v 7.94845057 -23.54475212 87.86408997
v 7.88749981 -23.69089699 88.05994415
v 8.90488052 -23.79170227 88.94486237
v 8.87511253 -23.36571312 88.68958282
v 8.92987442 -23.21719360 88.49368286
v 8.86649990 -23.56367493 88.84504700
v 8.98649597 -24.02747726 88.97926331
v 9.89681530 -23.42368126 89.57456207
v 9.84896946 -23.19745827 89.47472382
v 9.98815823 -23.65585899 89.60896301
v 9.89778423 -22.84870720 89.12327576
v 9.84930325 -22.99933624 89.31922150
v 12.42117310 -20.82884598 59.97718048
v 12.34310341 -20.61070251 59.87842941
v 12.54417610 -21.04597664 60.01120758
v 14.37621784 -23.71685219 59.97718048
v 14.54974747 -23.87037277 59.87842941
v 15.36427879 -23.11913300 60.60695267
v 13.42297745 -20.52658653 60.64098740
v 15.54399776 -23.26534462 60.50817490
v 16.00505829 -23.33715820 59.94557953
v 15.88087559 -23.37996674 60.16047287
v 15.72200489 -23.35522079 60.35432816
v 16.32747078 -22.48023605 61.23672104
v 16.51306915 -22.61888885 61.13792038
v 16.97652817 -22.67165375 60.57518387
v 16.69460297 -22.70134163 60.98403931
v 16.85429955 -22.71952248 60.79013062
v 17.63998795 -22.00694656 61.61374283
v 17.92030907 -21.96569633 61.20479202
v 17.80023956 -22.01853752 61.41979218
v 17.26407433 -21.80119896 61.86648941
v 17.45523643 -21.93205643 61.76766586
v 18.36881638 -21.20596695 62.39740753
v 18.55646896 -21.27317047 62.24345016
v 18.17241669 -21.08312798 62.49625778
v 18.71700478 -21.27815628 62.04944611
v 18.83471298 -21.22043991 61.83439636
v 19.44240570 -20.50121498 62.87314987
v 10.56325054 -27.12771034 80.24523163
v 10.45692730 -27.46375275 80.59635925
v 10.52993679 -27.32312012 80.40058899
v 10.55360603 -26.89664650 80.14547729
v 10.50194931 -26.65254974 80.11110687
v 11.59467220 -27.03032112 81.22462463
v 11.66170883 -26.88680649 81.02881622
v 11.68682480 -26.69020081 80.87341309
v 11.66756248 -26.45974922 80.77364349
v 11.60580730 -26.21800995 80.73926544
v 12.77539825 -26.40358925 81.65703583
v 12.71444798 -26.54973412 81.85289001
v 12.79227638 -26.20613289 81.50160217
v 12.76342964 -25.97669411 81.40180969
v 12.69168186 -25.73773193 81.36742401
v 13.87767315 -25.67625809 82.12979126
v 10.58755493 -27.30185890 88.68958282
v 10.86053276 -27.35075760 88.27652740
v 10.73354626 -27.36303711 88.49368286
v 10.29617882 -26.98968124 88.94486237
v 10.43684769 -27.17320824 88.84504700
v 11.41963577 -26.56116295 89.57456207
v 11.87196159 -26.91612434 89.12327576
v 11.56776524 -26.73871231 89.47472382
v 11.72362614 -26.86102295 89.31922150
v 11.99825191 -26.89862251 88.90607452
v 13.81429863 -26.02273941 82.48115540
v 13.86906052 -25.87422180 82.28525543
v 13.11713314 -26.39914513 89.53561401
v 10.54627037 -23.15740395 80.77364349
v 10.28159714 -22.82220268 81.02881622
v 10.42123127 -22.96286774 80.87341309
v 11.50605106 -22.72373009 81.40180969
v 11.37308216 -22.53453636 81.50160217
v 10.95692158 -22.33963776 82.06999969
v 11.08438873 -22.33260727 81.85289001
v 11.22778797 -22.39976501 81.65703583
v 12.44799423 -22.25025177 82.02997589
v 12.30732536 -22.06672478 82.12979126
v 13.75767708 -25.21245766 81.99558258
v 13.83929253 -25.44823074 82.02997589
v 12.01062679 -21.87689590 82.48115540
v 12.15661812 -21.93807411 82.28525543
v 11.88364029 -21.88917542 82.69831848
v 12.79183292 -21.40024567 83.32662964
v 14.94078255 -25.29953194 82.91348267
v 14.94111633 -25.10140800 82.75798035
v 14.89230061 -25.45016098 83.10942841
v 14.89326954 -24.87518692 82.65814209
v 14.80192757 -24.64300919 82.62374115
v 13.06645966 -21.43784523 82.91348267
v 13.22232056 -21.56015587 82.75798035
v 13.37044907 -21.73770523 82.65814209
v 12.91812325 -21.38274384 83.10942841
v 13.67990398 -20.87361145 83.95494843
v 13.95571041 -20.89985847 83.54170990
v 13.80528355 -20.85092354 83.73769379
v 14.27179432 -21.18688965 83.28631592
v 14.11645889 -21.01562500 83.38617706
v 15.15044212 -20.59867859 83.91448975
v 15.98868465 -24.68042946 83.54170990
v 15.94656467 -24.83290482 83.73769379
v 15.98074150 -24.48249245 83.38617706
v 15.82260227 -24.03029060 83.25190735
v 15.92351341 -24.25847054 83.28631592
v 16.99472237 -23.82049751 84.01436615
v 16.92821312 -23.59906387 83.91448975
v 16.81790733 -23.37527466 83.88007355
v 16.97523689 -24.17195702 84.36596680
v 17.01092529 -24.01790428 84.16993713
v 17.90559769 -22.89802551 84.54266357
v 17.78608704 -22.67901611 84.50823975
v 18.00570488 -23.31301689 84.79817200
v 17.98127174 -23.11648750 84.64256287
v 17.97650528 -23.46837616 84.99423981
v 18.94860268 -22.72330093 85.62251282
v 18.97126770 -22.56690979 85.42639923
v 18.85394096 -22.15648842 85.17083740
v 18.72543526 -21.94263458 85.13640594
v 18.93865013 -22.37159920 85.27075958
v 19.63428497 -21.16732597 85.76457214
v 19.77156639 -21.37565422 85.79901123
v 19.88981056 -21.93794250 86.25078583
v 19.90590477 -21.78079033 86.05463409
v 19.86516190 -21.58703995 85.89896393
v 12.52524281 -26.08586502 90.20424652
v 12.68057823 -26.25713158 90.10439301
v 12.84132671 -26.37289619 89.94885254
v 12.99175358 -26.42183113 89.75286865
v 14.09095001 -25.88093567 90.38246155
v 13.77332687 -25.72922134 90.73405457
v 13.93868923 -25.83824730 90.57849121
v 14.21520710 -25.85310936 90.16516113
v 10.97443581 -23.24246407 90.23866272
v 10.87352371 -23.01428413 90.20424652
v 10.81629658 -22.79026222 90.10439301
v 10.80835342 -22.59232521 89.94885254
v 10.85047340 -22.43984985 89.75286865
v 11.83328056 -22.56414413 90.83393860
v 11.94358635 -22.78793335 90.86835480
v 11.78625679 -21.99125290 90.38246155
v 11.76677036 -22.34271049 90.73405457
v 11.75056744 -22.14530373 90.57849121
v 12.77438354 -22.07396317 91.46363068
v 12.69870853 -21.85550117 91.36372375
v 12.70347595 -21.50361252 91.01204681
v 12.67427540 -21.65897179 91.20812225
v 13.61105061 -25.56452942 90.83393860
v 14.67514324 -24.99798203 91.46363068
v 14.84408092 -25.15581894 91.36372375
v 15.01377392 -25.25792313 91.20812225
v 15.16761112 -25.29429817 91.01204681
v 15.29053402 -25.26138306 90.79470062
v 12.89389324 -22.29297256 91.49805450
v 13.69516277 -21.54451370 92.09331512
v 13.61045361 -21.32940292 91.99338531
v 13.82366943 -21.75836754 92.12774658
v 13.57783604 -21.13409233 91.83775330
v 13.60050106 -20.97770119 91.64163971
v 14.73126030 -21.18497086 92.75743866
v 14.59397888 -20.97664261 92.72299957
v 14.50038433 -20.76525497 92.62305450
v 14.45964050 -20.57150459 92.46737671
v 16.34121323 -24.62491798 91.42424011
v 15.71563530 -24.38713074 92.09331512
v 15.89094639 -24.53784370 91.99338531
v 16.06468010 -24.63285065 91.83775330
v 16.21983147 -24.66285515 91.64163971
v 17.24574852 -23.98762703 92.27122498
v 16.73068237 -23.73295593 92.72299957
v 16.91206551 -23.87628746 92.62305450
v 17.08954620 -23.96404076 92.46737671
v 17.36538315 -23.94473648 92.05377960
v 17.90562630 -23.17222595 93.25271606
v 17.71848106 -23.03652191 93.35268402
v 15.61504745 -20.57369995 93.38713074
v 18.08654976 -23.25257874 93.09700775
v 18.24353790 -23.26971054 92.90081024
v 18.36122513 -23.22194672 92.68331909
v 19.32696342 -22.45772934 93.31285858
v 18.86985779 -22.42680931 93.88237000
v 19.05391502 -22.49962425 93.72663116
v 19.21142197 -22.51027870 93.53039551
v 18.67727089 -22.29896164 93.98236084
v 19.60533714 -21.52148438 94.61204529
v 19.80303764 -21.64125633 94.51203156
v 20.14767456 -21.71057510 94.15997314
v 20.26087570 -21.65333748 93.94239044
v 19.98991394 -21.70641327 94.35626221
v 13.29105663 -20.31475639 60.60695267
v 13.20396805 -20.10006523 60.50817490
v 13.17023468 -19.90353012 60.35432816
v 13.19316006 -19.74438667 60.16047287
v 14.04368591 -19.55345726 61.13792038
v 14.00177479 -19.35853195 60.98403931
v 14.01801205 -19.19862556 60.79013062
v 14.28025246 -19.97048569 61.27076721
v 14.13964272 -19.76432228 61.23672104
v 15.11446762 -19.37856674 61.90054321
v 14.81074142 -18.77877808 61.61374283
v 14.82026672 -18.61838913 61.41979218
v 14.86075497 -18.97175407 61.76766586
v 14.96541214 -19.17842674 61.86648941
v 15.92412663 -18.75178909 62.53031540
v 15.65370750 -18.35589409 62.39740753
v 15.59848213 -18.00461578 62.04944611
v 15.59568119 -18.16520500 62.24345016
v 15.76688194 -18.55801773 62.49625778
v 16.70777130 -18.09117126 63.16009140
v 16.42111588 -17.70688057 63.02714920
v 16.54261017 -17.90410233 63.12602234
v 16.35517883 -17.51881027 62.87314987
v 16.35125732 -17.35830116 62.67910385
v 17.07722855 -16.68050194 63.30875778
v 17.29119301 -17.21775246 63.75578308
v 17.16159058 -17.02577209 63.65688705
v 17.08786392 -16.84064865 63.50285339
v 17.46398544 -17.39779282 63.78985977
v 17.87379265 -16.31368828 64.28662109
v 17.79240608 -16.13183403 64.13255310
v 17.77508163 -15.97232914 63.93841171
v 19.05087090 -20.32719994 63.12602234
v 19.71810341 -20.43710518 62.46400070
v 19.25217056 -20.44181252 63.02714920
v 19.60295486 -20.49959183 62.67910385
v 20.45649910 -19.68413162 63.30875778
v 20.10371590 -19.64085007 63.65688705
v 19.89786148 -19.53466034 63.75578308
v 20.29620934 -19.69235420 63.50285339
v 18.19140244 -16.67279625 64.41963196
v 18.01127815 -16.50009155 64.38554382
v 18.46751976 -15.39353561 64.76225281
v 18.55642319 -15.57180500 64.91635895
v 18.70155144 -15.75230789 65.01530457
v 18.88869667 -15.91737556 65.04940033
v 18.44354248 -15.23495197 64.56806183
v 19.08139229 -14.46959019 65.19770813
v 19.20823669 -14.80134773 65.54608917
v 19.11197472 -14.62697601 65.39194489
v 19.36075401 -14.97563839 65.64505768
v 19.55459785 -15.13278484 65.67916107
v 19.98767853 -14.17137527 66.27481842
v 20.18788338 -14.32033062 66.30892944
v 19.82803726 -14.00360012 66.17582703
v 19.72458649 -13.83342743 66.02164459
v 19.68745422 -13.67751503 65.82736206
v 20.41468048 -13.17989349 66.80555725
v 20.30422401 -13.01421642 66.65133667
v 20.26061249 -12.86004925 66.45700836
v 14.98816586 -20.43398666 84.01436615
v 14.67054272 -20.28227234 84.36596680
v 14.54628563 -20.31009865 84.58326721
v 14.82280445 -20.32496071 84.16993713
v 16.00483894 -19.97400665 84.54266357
v 15.66620731 -19.71406555 84.79817200
v 15.83590031 -19.81616974 84.64256287
v 15.38944626 -19.71060562 85.21158600
v 15.51236916 -19.67769051 84.99423981
v 16.20788956 -19.07608414 85.83991241
v 16.32927132 -19.03814697 85.62251282
v 16.48442459 -19.06815147 85.42639923
v 16.83346939 -19.31387138 85.17083740
v 16.65815926 -19.16315842 85.27075958
v 17.63486290 -18.61933899 85.79901123
v 17.11979675 -18.36466789 86.25078583
v 17.27599907 -18.38825417 86.05463409
v 17.00016212 -18.40755844 86.46823120
v 17.45347977 -18.47600746 85.89896393
v 17.76484680 -17.70610619 87.09655762
v 17.88253403 -17.65834236 86.87906647
v 18.03952217 -17.67547417 86.68286896
v 18.22044373 -17.75582695 86.52716064
v 18.40759087 -17.89153099 86.42719269
v 18.50057602 -16.97286606 87.72488403
v 18.61611748 -16.92031670 87.50734711
v 18.77362442 -16.93097115 87.31110382
v 18.95768166 -17.00378609 87.15536499
v 19.15026855 -17.13163376 87.05537415
v 19.20602798 -16.20903397 88.35321045
v 19.86156464 -16.34088707 87.68355560
v 19.31922913 -16.15179634 88.13562012
v 19.47698784 -16.15595818 87.93933868
v 19.66386414 -16.22111511 87.78356934
v 20.33772278 -15.40909481 88.41177368
v 19.87992859 -15.41586304 88.98153687
v 20.14834404 -15.35170555 88.56757355
v 19.99059868 -15.35403728 88.76390076
v 0.00000000 -11.00000000 108.50000000
v 0.53507054 -5.96492958 104.00000000
v 0.78315717 -5.94866896 104.00000000
v 0.78315717 -5.94866896 104.23182678
v 1.55291426 -5.79555511 104.00000000
v 2.29610062 -5.54327726 104.00000000
v 3.00000000 -5.19615221 104.00000000
v -0.00000000 -4.00000000 101.50000000
v 0.52210474 -3.96577954 101.98788452
v 1.03527617 -3.86370325 102.39897919
v 1.53073370 -3.69551802 102.72624969
v 2.00000000 -3.46410155 102.96410370
v 2.43504572 -3.17341328 103.10845947
v 3.65256858 -4.76011992 104.00000000
v 2.82212949 -3.67787051 104.00000000
v 2.82842708 -2.82842708 103.15685272
v 4.24264050 -4.24264050 104.00000000
v 4.76011992 -3.65256858 104.00000000
v 3.17341328 -2.43504572 103.10845947
v 3.46410155 -2.00000000 102.96410370
v 3.69551802 -1.53073370 102.72624969
v 3.86370325 -1.03527617 102.39897919
v 3.96577954 -0.52210474 101.98788452
v 5.19615221 -3.00000000 104.00000000
v 5.54327726 -2.29610062 104.00000000
v 5.79555511 -1.55291426 104.00000000
v 5.94866896 -0.78315717 104.00000000
v 5.94866896 -0.78315717 104.23182678
v 5.96492958 -0.53507054 104.00000000
v 1.55291426 -5.79555511 104.84847260
v 2.29610062 -5.54327726 105.33937836
v 3.00000000 -5.19615221 105.69615173
v 3.65256858 -4.76011992 105.91268921
v 4.24264050 -4.24264050 105.98528290
v 4.76011992 -3.65256858 105.91268921
v 5.19615221 -3.00000000 105.69615173
v 5.54327726 -2.29610062 105.33937836
v 5.79555511 -1.55291426 104.84847260
v 14.47573566 -20.41435242 92.27122498
v 15.36691093 -20.16396332 93.25271606
v 15.31811523 -19.97210884 93.09700775
v 15.32761478 -19.81447411 92.90081024
v 15.46922684 -20.37125778 93.35268402
v 16.47344780 -19.92554665 94.01681519
v 16.31934166 -19.72933960 93.98236084
v 16.15172195 -19.33687401 93.72663116
v 16.20848274 -19.52649689 93.88237000
v 16.15461540 -19.17903328 93.53039551
v 17.30492401 -19.24156761 94.64650726
v 16.95896530 -18.66683197 94.35626221
v 17.14279938 -19.05193329 94.61204529
v 17.02359009 -18.85389328 94.51203156
v 16.95524979 -18.50906181 94.15997314
v 17.73838997 -17.96308136 94.98588562
v 17.81076241 -18.14725304 95.14168549
v 17.72807884 -17.80565643 94.78955841
v 17.93811607 -18.34014702 95.24172211
v 18.10798073 -18.52287865 95.27619171
v 18.56858063 -17.40773773 95.77134705
v 18.48858833 -17.22677231 95.61550140
v 18.47170448 -17.06996918 95.41913605
v 18.88116646 -17.77066422 95.90587616
v 18.70385551 -17.59514999 95.87139893
v 19.18477631 -16.30321693 96.04871368
v 19.20820045 -16.45912361 96.24512482
v 19.43863106 -16.81817055 96.50107574
v 19.62308121 -16.98616600 96.53556061
v 19.29567146 -16.63656425 96.40100098
v 19.99071121 -15.83501530 97.03064728
v 19.89591599 -15.66140652 96.87474060
v 19.86599731 -15.50666714 96.67829132
v 20.33237839 -16.17068291 97.16523743
v 20.14110565 -16.01049995 97.13074493
v 20.80795670 -20.95594406 86.68286896
v 20.65684509 -20.55679512 86.42719269
v 20.75916100 -20.76408958 86.52716064
v 20.79845619 -21.11357880 86.87906647
v 20.70349503 -20.81686401 95.14168549
v 20.89287376 -20.87425423 94.98588562
v 21.05061913 -20.87192154 94.78955841
v 21.16128922 -20.81009674 94.57192230
v 20.50102234 -20.70537186 95.24172211
v 20.56889534 -19.61698532 63.09360123
v 20.71185684 -18.70681953 64.38554382
v 20.92191696 -18.80440521 64.28662109
v 21.11634254 -18.84792519 64.13255310
v 21.27610016 -18.83312035 63.93841171
v 21.38555527 -18.76143646 63.72320175
v 21.90131950 -17.96933365 64.76225281
v 22.06027794 -17.94797516 64.56806183
v 21.49139023 -17.84505081 65.01530457
v 21.70529366 -17.93386841 64.91635895
v 22.16660881 -17.87188339 64.35279846
v 22.80760765 -17.03016853 65.19770813
v 22.91063881 -16.94980431 64.98239899
v 22.23504448 -16.95079231 65.64505768
v 22.45242691 -17.03068924 65.54608917
v 22.64971924 -17.05804062 65.39194489
v 22.94146729 -16.02553558 66.27481842
v 23.16195679 -16.09637642 66.17582703
v 23.36017799 -16.11557007 66.02164459
v 23.51673126 -16.08123970 65.82736206
v 23.61629105 -15.99674320 65.61199188
v 20.78738976 -13.48136806 66.93869019
v 20.58116722 -13.34086323 66.90457153
v 21.42051315 -10.84254074 60.07983017
v 21.52007294 -10.75804424 59.86446381
v 20.79980278 -12.01856041 67.08664703
v 25.34934998 -13.16176796 59.86446381
v 23.60936356 -15.07083416 66.90457153
v 24.28227425 -15.01429844 66.24159241
v 23.83258247 -15.13249874 66.80555725
v 24.03139877 -15.14350510 66.65133667
v 24.18635368 -15.10277653 66.45700836
v 24.81524086 -14.09642506 67.08664703
v 24.90736771 -14.00412178 66.87118530
v 25.57444191 -11.63109875 60.04511642
v 25.36822128 -11.49059391 60.01099777
v 20.96707916 -12.33160591 67.43527985
v 21.14012146 -12.48549080 67.53432465
v 20.84981346 -12.17071342 67.28102875
v 21.35200310 -12.61730289 67.56845093
v 21.66350174 -11.60669613 68.16407013
v 21.36033440 -11.30433369 67.91071320
v 21.30401802 -11.15446091 67.71629333
v 21.48420334 -11.46016312 68.06501007
v 21.77231026 -10.26920414 68.34593201
v 21.88067627 -11.72958851 68.19820404
v 21.83482742 -10.41653633 68.54040527
v 21.96508217 -10.56703281 68.69473267
v 22.15032387 -10.70596027 68.79382324
v 22.37241745 -10.81972027 68.82796478
v 24.23750877 -14.08829212 67.53432465
v 24.46307564 -14.14067650 67.43527985
v 24.66214752 -14.14347839 67.28102875
v 24.82473946 -13.07956600 68.16407013
v 25.05226898 -13.12258053 68.06501007
v 25.25125885 -13.11717606 67.91071320
v 25.49041176 -12.96791553 67.50077820
v 25.40223312 -13.06388283 67.71629333
v 25.36996651 -12.04636097 68.79382324
v 25.59906960 -12.07993221 68.69473267
v 25.89499664 -12.11191177 60.49267960
v 25.85138512 -11.95774460 60.29835129
v 25.74092865 -11.79206848 60.14413071
v 25.84494400 -10.44067860 60.63909912
v 26.05682755 -10.57249069 60.67322540
v 26.22986984 -10.72637558 60.77226639
v 26.39714622 -11.03942108 61.12089920
v 26.34713554 -10.88726807 60.92652130
v 26.03032494 -11.90743256 68.13036346
v 25.79763985 -12.06633282 68.54040527
v 25.94623947 -12.00689411 68.34593201
v 26.44624329 -10.92724895 68.97557831
v 26.52609634 -10.82446766 68.75995636
v 25.87216759 -10.99042511 69.42356873
v 26.10245132 -11.01449871 69.32445526
v 26.30026436 -10.99272919 69.17008972
v 20.51102448 -20.35435295 86.39274597
v 21.67292404 -20.25156212 87.50734711
v 21.61905670 -19.90409851 87.15536499
v 21.67581749 -20.09372139 87.31110382
v 21.35409164 -19.50504684 87.02091980
v 21.50819778 -19.70125580 87.05537415
v 22.51165199 -19.35330963 88.13562012
v 22.16197777 -18.62080383 87.64909363
v 22.32410431 -18.81043816 87.68355560
v 22.50793839 -19.19553757 87.93933868
v 22.44331360 -19.00847816 87.78356934
v 20.54019547 -15.52058792 88.31173706
v 22.93323708 -17.70308113 88.27726746
v 23.30282974 -18.26287842 88.56757355
v 23.23045540 -18.07870483 88.41177368
v 23.31313896 -18.42030334 88.76390076
v 23.10310364 -17.88581276 88.31173706
v 23.66648102 -16.75339508 88.90544891
v 24.05905914 -17.29728508 89.19581604
v 24.07594299 -17.45408821 89.39218903
v 23.97906494 -17.11632156 89.03997803
v 23.84379196 -16.92890930 88.93991852
v 24.36038399 -15.77332115 89.53362274
v 24.54483414 -15.94131565 89.56810760
v 20.52105904 -14.59465408 89.60986328
v 20.62901306 -14.52835369 89.39218903
v 20.78647614 -14.51953506 89.19581604
v 20.97803307 -14.56906223 89.03997803
v 21.18493462 -14.67208576 88.93991852
v 21.79460716 -13.79678154 89.56810760
v 21.96925735 -9.86918545 60.49267960
v 22.32302666 -9.83946228 60.14413071
v 22.12421036 -9.82845592 60.29835129
v 21.87333488 -9.95766354 60.70809555
v 22.28958130 -9.05385971 61.33636475
v 22.54624557 -9.90112782 60.04511642
v 22.95944023 -8.96968937 60.67322540
v 22.38170815 -8.96155643 61.12089920
v 22.53480148 -8.91450310 60.92652130
v 22.73387337 -8.91730499 60.77226639
v 22.90761566 -7.98338270 61.55469513
v 22.66846466 -8.13264275 61.96463394
v 22.75664330 -8.03667641 61.74911499
v 23.00925255 -7.19555807 62.59290695
v 23.33413506 -8.02099228 61.30133820
v 23.10660744 -7.97797823 61.40039825
v 23.09333611 -7.09609699 62.37733459
v 23.66961098 -7.05663013 61.92945099
v 23.24193764 -7.03665733 62.18286896
v 23.44050789 -7.02305794 62.02853775
v 23.31127930 -6.24418163 63.22117996
v 23.39113426 -6.14139986 63.00555801
v 23.53711128 -6.07591963 62.81104279
v 23.73492432 -6.05415058 62.65667343
v 23.96520996 -6.07822323 62.55756378
v 23.64944077 -5.17419481 63.63378143
v 23.57394791 -5.28011751 63.84945297
v 22.20379066 -9.36428642 68.97557831
v 22.40880585 -9.65372276 69.32445526
v 22.27239609 -9.50882244 69.17008972
v 22.59966850 -9.78480339 69.42356873
v 22.82629776 -9.88923454 69.45771790
v 22.67220306 -8.58272648 69.79977417
v 22.59763336 -8.44123936 69.60521698
v 22.81452942 -8.72177982 69.95417786
v 23.01067924 -8.84478760 70.05331421
v 23.03347778 -7.63982153 70.42945862
v 22.95307732 -7.50162888 70.23484802
v 23.24145126 -8.93970966 70.08747101
v 23.18146896 -7.77278709 70.58390045
v 23.38256454 -7.88750935 70.68305206
v 23.61708260 -7.97275829 70.71722412
v 23.26942635 -6.54705286 70.86448669
v 23.35551071 -6.68171215 71.05913544
v 23.50890732 -6.80835915 71.21361542
v 23.71460152 -6.91459656 71.31279755
v 23.95245743 -6.99002552 71.34696960
v 23.63766479 -5.71003246 71.68881989
v 23.54605103 -5.57914019 71.49411774
v 23.79619789 -5.83014154 71.84333038
v 24.00613022 -5.92771053 71.94253540
v 24.24691582 -5.99318886 71.97672272
v 23.79255104 -5.10278845 63.43922043
v 23.98927116 -5.07288885 63.28481674
v 24.22034264 -5.08742285 63.18568039
v 23.86773300 -4.19611597 64.26200104
v 24.00773430 -4.11890888 64.06739807
v 24.20302582 -4.08093214 63.91295624
v 23.79672432 -4.30499506 64.47772980
v 23.97914314 -3.32046580 65.10600281
v 24.04554939 -3.20881987 64.89022827
v 24.18220901 -3.12594724 64.69557953
v 24.43449211 -4.08590269 63.81380081
v 24.37574196 -3.07995963 64.54109955
v 24.60720444 -3.07535911 64.44191742
v 24.31559181 -2.12558818 65.32376099
v 24.12080383 -2.32820129 65.73428345
v 24.18250465 -2.21398258 65.51845551
v 24.22138214 -1.32988977 66.36256409
v 24.27827454 -1.21329641 66.14669037
v 24.28061676 -0.32723320 66.99084473
v 24.33261299 -0.20846692 66.77491760
v 24.50703621 -2.07167053 65.16924286
v 24.73810196 -2.05750751 65.07004547
v 24.59660149 -1.05777955 65.79739380
v 24.40756798 -1.11953354 65.95194244
v 24.82687378 -1.03407931 65.69816589
v 24.45789337 -0.10949828 66.58013153
v 24.64419556 -0.04001501 66.42554474
v 24.87328148 -0.00681862 66.32629395
v 23.78238869 -4.59954500 72.12375641
v 23.87936783 -4.72644281 72.31849670
v 24.04275703 -4.83980608 72.47304535
v 24.25656509 -4.92853832 72.57227325
v 23.97794533 -3.60994434 72.75338745
v 24.08011436 -3.73262882 72.94817352
v 24.24807549 -3.83905053 73.10276031
v 24.13229942 -2.61203742 73.38301086
v 24.23947716 -2.73029661 73.57785034
v 24.49986076 -4.98395300 72.60646820
v 24.46538544 -3.91879225 73.20201111
v 24.71077538 -3.96404791 73.23620605
v 24.41171455 -2.82959270 73.73246765
v 24.63214874 -2.90020633 73.83174133
v 24.87920570 -2.93522477 73.86595154
v 24.24509621 -1.60754120 74.01264191
v 24.31605721 -0.59818679 74.64226532
v 24.35709190 -1.72117066 74.20751953
v 24.53330231 -1.81316996 74.36218262
v 24.75647926 -1.87453341 74.46147919
v 25.00477600 -1.89925444 74.49568939
v 26.67467308 -9.64039612 61.40039825
v 26.79854202 -9.79622555 61.55469513
v 26.27819824 -9.37097073 61.26720047
v 26.49537468 -9.49386311 61.30133820
v 26.85485649 -9.94609833 61.74911499
v 26.88925362 -8.39703083 61.92945099
v 26.66716003 -8.28327084 61.89530563
v 27.20475006 -8.68645382 62.18286896
v 27.07449532 -8.53595829 62.02853775
v 27.26726723 -8.83378601 62.37733459
v 27.63358688 -7.70436192 63.00555801
v 27.01107979 -7.17941380 62.52341461
v 27.42856979 -7.41492653 62.65667343
v 27.23770905 -7.28384495 62.55756378
v 27.56497955 -7.55982685 62.81104279
v 27.87853622 -6.41824961 63.43922043
v 27.54006004 -6.15618801 63.18568039
v 27.30928612 -6.06126595 63.15152359
v 27.73620987 -6.27919626 63.28481674
v 27.95310593 -6.55973673 63.63378143
v 27.99680138 -5.13069153 63.91295624
v 28.14479256 -5.26365709 64.06739807
v 28.22519302 -5.40185022 64.26200104
v 26.56146812 -9.92808723 69.95417786
v 26.90129852 -9.82678127 69.60521698
v 26.75818825 -9.89818764 69.79977417
v 26.33039665 -9.91355324 70.05331421
v 26.74377823 -8.81757641 70.68305206
v 26.97678947 -9.72085857 69.38954163
v 27.38154602 -8.59848404 70.01912689
v 27.17053604 -8.78456974 70.42945862
v 26.97524452 -8.82254696 70.58390045
v 27.31053734 -8.70736313 70.23484802
v 27.11151886 -7.70436287 71.31279755
v 27.34298134 -7.69976234 71.21361542
v 27.67317390 -7.57090235 70.86448669
v 27.73958206 -7.45925665 70.64871216
v 27.53651619 -7.65377522 71.05913544
v 27.43289948 -6.57581520 71.94253540
v 27.66396332 -6.56165266 71.84333038
v 27.85540962 -6.50773478 71.68881989
v 27.98849678 -6.41934061 71.49411774
v 28.05019760 -6.30512190 71.27829742
v 27.70727730 -5.43386507 72.57227325
v 28.12658501 -5.34841061 72.31849670
v 27.93755150 -5.41016483 72.47304535
v 28.31277084 -5.13805437 71.90787506
v 28.25587654 -5.25464773 72.12375641
v 27.56118774 -4.93072081 63.77963257
v 27.79570580 -5.01596975 63.81380081
v 28.00412178 -3.86512542 64.44191742
v 27.76626587 -3.78969669 64.40774536
v 27.92408562 -2.64013410 65.03585815
v 28.16487122 -2.70561242 65.07004547
v 28.03429031 -1.48399103 65.66397858
v 28.09660721 -0.32324070 66.29209137
v 28.44929695 -4.23266935 64.89022827
v 28.20981598 -3.97136307 64.54109955
v 28.36321259 -4.09801006 64.69557953
v 28.37480354 -2.80318141 65.16924286
v 28.53333664 -2.92329073 65.32376099
v 28.62495041 -3.05418277 65.51845551
v 28.49139595 -1.62813795 65.79739380
v 28.27758789 -1.53940594 65.69816589
v 28.65478516 -1.74150133 65.95194244
v 28.75176430 -1.86839938 66.14669037
v 28.34199524 -0.36849645 66.32629395
v 28.55930519 -0.44823804 66.42554474
v 28.72726631 -0.55465978 66.58013153
v 28.82943535 -0.67734438 66.77491760
v 27.93409920 -4.28046989 73.20201111
v 28.16318512 -4.24727345 73.10276031
v 28.11288452 -3.11761212 73.83174133
v 28.47476768 -4.07882166 72.75338745
v 28.52676582 -3.96005535 72.53746033
v 28.34948730 -4.17779016 72.94817352
v 28.34039307 -3.07497716 73.73246765
v 28.64470673 -2.89388156 73.38301086
v 28.52364540 -2.99788499 73.57785034
v 28.69172478 -2.77314782 73.16703796
v 28.24323845 -1.94729292 74.46147919
v 28.46878052 -1.89529312 74.36218262
v 28.64867592 -1.81072485 74.20751953
v 28.76531410 -1.70186627 74.01264191
v 28.80727768 -1.57937336 73.79661560
v 28.83629417 -0.50483066 74.64226532
v 28.87314034 -0.38078967 74.42619324
v 24.43267059 -0.70699090 74.83719635
v 24.61254692 -0.79153472 74.99188995
v 24.83807564 -0.84354246 75.09120941
v 25.08718491 -0.85792327 75.12543488
v 28.32485008 -0.77153039 75.09120941
v 28.54804039 -0.71025521 74.99188995
v 28.72427177 -0.61835676 74.83719635
v 21.76117134 -20.00452232 95.61550140
v 21.56961441 -19.95499611 95.77134705
v 21.36271286 -19.85197258 95.87139893
v 22.02658844 -19.92940521 95.20145416
v 21.91863441 -19.99570465 95.41913605
v 22.18885803 -18.96270370 96.50107574
v 22.39983368 -19.05708313 96.40100098
v 22.75015831 -19.08337975 96.04871368
v 22.85521507 -19.01272392 95.83098602
v 22.59324455 -19.09866524 96.24512482
v 23.19265366 -18.12462234 97.03064728
v 23.64567375 -18.06158066 96.46051788
v 23.38758659 -18.15818977 96.87474060
v 23.54368782 -18.13646889 96.67829132
v 24.79868889 -16.45627022 90.02046967
v 24.77526474 -16.30036163 89.82405853
v 24.68779182 -16.12292099 89.66818237
v 25.48006439 -15.42850685 90.64875793
v 24.39652824 -17.07756805 97.09004974
v 22.97796631 -18.03904915 97.13074493
v 23.72860146 -17.08254814 97.76042175
v 23.94663429 -17.15917015 97.66030121
v 24.14276123 -17.18467140 97.50436401
v 24.29778481 -17.15655327 97.30786133
v 24.43940163 -16.09480667 98.39009094
v 24.66040611 -16.16234779 98.28994751
v 24.85739136 -16.17973900 98.13397980
v 25.10641098 -16.06233406 97.71957397
v 25.01107407 -16.14527512 97.93743896
v 21.12824821 -13.74676323 90.23819733
v 21.23330688 -13.67610645 90.02046967
v 21.39022064 -13.66082096 89.82405853
v 21.58363152 -13.70240307 89.66818237
v 21.70038986 -12.87359333 90.86652374
v 22.36809731 -12.89612579 90.19629669
v 21.95847511 -12.77698421 90.45230103
v 22.15340996 -12.81055260 90.29639435
v 21.80237579 -12.79870701 90.64875793
v 22.33517075 -11.89761066 91.27703857
v 22.68631935 -11.89499283 90.92460632
v 22.49019241 -11.86949253 91.08054352
v 22.90435219 -11.97161484 90.82448578
v 22.23642731 -11.97659492 91.49485779
v 22.73536682 -11.05726147 92.12319183
v 22.83070564 -10.97431850 91.90532684
v 22.98438835 -10.93985653 91.70879364
v 25.01368523 -14.76449108 90.16180420
v 25.20495605 -14.92467499 90.19629669
v 25.45014763 -15.27376842 90.45230103
v 25.35535049 -15.10015965 90.29639435
v 23.40237808 -11.02478886 91.45267487
v 23.18137360 -10.95724678 91.55281830
v 20.80999947 -15.17348003 97.76042175
v 20.55047798 -14.83494568 97.50436401
v 20.65243149 -15.00442028 97.66030121
v 21.00776291 -15.32557583 97.79492188
v 20.51412201 -14.68164539 97.30786133
v 21.27961540 -14.14616585 98.28994751
v 21.44408607 -14.30850792 98.39009094
v 21.64799500 -14.45225430 98.42459869
v 21.12796211 -13.82952690 97.93743896
v 21.17068672 -13.98112011 98.13397980
v 21.75539780 -13.10136032 98.76358795
v 21.70638084 -12.95173740 98.56700897
v 21.87111092 -13.26169014 98.91959381
v 22.25189972 -13.55218029 99.05427551
v 22.04219437 -13.41703224 99.01976013
v 22.30352402 -12.19714165 99.39320374
v 22.24830627 -12.04975033 99.19657898
v 22.60321808 -12.50055027 99.64942932
v 22.42581749 -12.35247707 99.54924011
v 22.81835747 -12.62686825 99.68394470
v 22.75272560 -11.12508392 99.82614899
v 22.81404305 -11.26998806 100.02281189
v 22.94270325 -11.42005920 100.17888641
v 25.33266068 -15.13582897 98.91959381
v 25.53016853 -15.14508247 98.76358795
v 25.10906219 -15.07748318 99.01976013
v 23.12611008 -11.56060696 100.27909088
v 23.34631348 -11.67787457 100.31362152
v 23.28599739 -10.32146263 100.65242767
v 23.42079544 -10.46600914 100.80853271
v 23.60989189 -10.59878922 100.90876007
v 23.83477592 -10.70680428 100.94329071
v 26.08247566 -14.21921825 91.08054352
v 26.11883163 -14.37251759 91.27703857
v 25.82295418 -13.88068295 90.82448578
v 25.62519264 -13.72858715 90.78998566
v 25.98052216 -14.04974365 90.92460632
v 26.56216240 -12.97342873 91.55281830
v 26.67109108 -13.13847446 91.70879364
v 26.71381760 -13.29006767 91.90532684
v 26.19378281 -12.66734028 91.41816711
v 26.39769363 -12.81108665 91.45267487
v 26.71840668 -11.58253098 92.04635620
v 27.26392746 -12.18297386 92.53361511
v 27.21491051 -12.03335094 92.33703613
v 27.09919739 -11.87302113 92.18103027
v 26.92811394 -11.71767902 92.08087158
v 27.19808578 -10.47597980 92.67454529
v 27.41322708 -10.60229683 92.70906067
v 27.76813698 -11.05309772 93.16191101
v 27.71292114 -10.90570545 92.96528625
v 27.59062767 -10.75037003 92.80924988
v 25.68225288 -15.10433769 98.56700897
v 25.77402687 -15.01758480 98.34909821
v 25.73635292 -14.03229332 99.64942932
v 26.15986061 -14.08244705 99.39320374
v 25.96216393 -14.08134365 99.54924011
v 26.39814568 -13.94508266 98.97863007
v 26.31008911 -14.03549385 99.19657898
v 26.89341927 -12.94054985 99.82614899
v 26.32011604 -12.96100235 100.27909088
v 26.54775238 -13.00067425 100.17888641
v 26.74529839 -12.99362659 100.02281189
v 26.97761536 -12.84663868 99.60814667
v 27.08833504 -11.89564991 100.80853271
v 27.28539848 -11.88046646 100.65242767
v 27.51135635 -11.72411156 100.23767090
v 27.43116188 -11.82135868 100.45571899
v 26.85926247 -11.86542416 100.90876007
v 27.35278320 -10.74741650 101.53842163
v 27.77914429 -10.74485397 101.28203583
v 27.58290100 -10.76814651 101.43817139
v 27.99836731 -10.57940769 100.86719513
v 27.92230415 -10.67981911 101.08528900
v 23.44013786 -9.98962879 92.33703613
v 23.63764572 -9.99888229 92.18103027
v 23.19628143 -10.11712646 92.75152588
v 23.28805351 -10.03037357 92.53361511
v 23.86124611 -10.05722809 92.08087158
v 23.85658455 -9.02040100 92.96528625
v 23.70635605 -9.06735325 93.16191101
v 24.05427933 -9.02150345 92.80924988
v 24.28009033 -9.07055378 92.70906067
v 24.65811729 -8.06642246 93.33725739
v 23.61829758 -9.15776443 93.37986755
v 24.00061798 -8.18078613 94.00820160
v 24.08481407 -8.08687496 93.79019928
v 24.23293495 -8.03379822 93.59353638
v 24.43048096 -8.02675056 93.43746185
v 24.34250450 -7.18783522 94.63654327
v 24.42269897 -7.09058857 94.41849518
v 24.56846237 -7.03148031 94.22178650
v 24.76552391 -7.01629639 94.06568146
v 24.99459839 -7.04652309 93.96545410
v 24.71935081 -6.08017302 95.04678345
v 24.86251068 -6.01513815 94.85004425
v 25.05875397 -5.99184561 94.69390106
v 25.28887177 -6.01257563 94.59365845
v 24.64328957 -6.18058443 95.26488495
v 24.90237427 -5.16073751 95.89322662
v 23.21869087 -10.17929840 100.45571899
v 23.64531708 -9.21399498 101.08528900
v 24.05364609 -9.61672401 101.53842163
v 24.28282356 -9.71530151 101.57295990
v 23.71848869 -9.35317230 101.28203583
v 23.85918999 -9.49194336 101.43817139
v 24.11069107 -8.36675835 101.91164398
v 24.25704765 -8.49951363 102.06781006
v 24.03178596 -8.23081112 101.71485138
v 24.45652580 -8.61608028 102.16808319
v 24.68960190 -8.70504856 102.20262909
v 24.37734795 -7.23141718 102.34442139
v 24.46184731 -7.36390018 102.54124451
v 24.61359978 -7.49040842 102.69744873
v 24.81775284 -7.59855938 102.79774475
v 24.92814827 -6.46634817 103.32708740
v 25.05432320 -7.67776537 102.83229828
v 25.13662338 -6.56589556 103.42739868
v 25.37627792 -6.63520288 103.46196747
v 24.68132401 -6.21751642 102.97398376
v 24.77126312 -6.34630489 103.17085266
v 24.94310570 -5.19084120 103.60354614
v 25.03832436 -5.31571198 103.80045319
v 25.20006561 -5.42908192 103.95672607
v 25.41249847 -5.51985407 104.05705261
v 25.54035378 -4.96632814 95.22185516
v 24.97418022 -5.05733585 95.67507935
v 25.11449623 -4.98648834 95.47829437
v 25.30958557 -4.95512915 95.32212067
v 25.32389832 -3.94727278 96.10655212
v 25.51750565 -3.90790224 95.95034790
v 25.11923027 -4.13002110 96.52156830
v 25.18666267 -4.02380991 96.30338287
v 25.35635185 -2.98134804 96.93167877
v 25.49027824 -2.89925551 96.73480988
v 25.29340172 -3.09018469 97.14990997
v 25.26248360 -4.27388477 104.43005371
v 25.16215515 -4.15314770 104.23310852
v 25.48287201 -1.93172395 97.55997467
v 25.42450714 -2.04299712 97.77825165
v 25.61326218 -1.84421825 97.36306763
v 25.51223183 -0.99024284 98.40660095
v 25.56591797 -0.87672615 98.18827820
v 27.63191986 -9.34955025 93.30273438
v 27.85212326 -9.46681786 93.33725739
v 28.16419029 -9.75743675 93.59353638
v 28.03553009 -9.60736561 93.43746185
v 28.01908493 -8.20514202 93.93092346
v 28.22550774 -9.90234089 93.79019928
v 28.43306541 -8.44593811 94.06568146
v 28.56786346 -8.59048462 94.22178650
v 28.63516808 -8.73264790 94.41849518
v 28.24396896 -8.31315804 93.96545410
v 28.58801079 -7.14326811 94.59365845
v 28.78246689 -7.26804924 94.69390106
v 28.35883141 -7.04469109 94.55911255
v 28.92316818 -7.40682030 94.85004425
v 28.99633789 -7.54599714 95.04678345
v 28.65049934 -5.87016106 95.18730927
v 28.88357544 -5.95912933 95.22185516
v 29.08305359 -6.07569599 95.32212067
v 29.30831528 -6.34439898 95.67507935
v 29.22940826 -6.20845127 95.47829437
v 29.57047844 -5.12989378 96.30338287
v 28.03051567 -9.62008095 102.06781006
v 27.79974556 -9.60888195 102.16808319
v 25.65482521 -5.57914257 104.09162903
v 28.36592102 -9.51787376 101.71485138
v 28.43772697 -9.41447258 101.49671173
v 28.22560501 -9.58872128 101.91164398
v 28.62392807 -8.41403770 102.54124451
v 28.76116371 -8.33750153 102.34442139
v 28.82859612 -8.23128986 102.12623596
v 28.19929504 -8.45175934 102.79774475
v 28.43032074 -8.45340824 102.69744873
v 28.55065918 -7.27802420 103.42739868
v 28.78154564 -7.27012205 103.32708740
v 29.10726738 -7.14071655 102.97398376
v 28.97334099 -7.22280931 103.17085266
v 29.17021561 -7.03187990 102.75575256
v 29.40354729 -5.92956638 103.60354614
v 29.46191216 -5.81829309 103.38526917
v 28.85314751 -6.08968401 104.05705261
v 29.08350182 -6.07224464 103.95672607
v 29.27315712 -6.01707220 103.80045319
v 25.74852943 -3.90955186 95.85005951
v 25.68207169 -2.85194254 96.57856750
v 25.91295815 -2.84404063 96.47826385
v 28.89350319 -4.68354559 95.81549835
v 29.13007164 -4.76275158 95.85005951
v 29.33422661 -4.87090254 95.95034790
v 29.08733940 -3.48686171 96.44369507
v 29.32699585 -3.55616903 96.47826385
v 29.48597908 -4.99741077 96.10655212
v 29.78229332 -3.90454793 96.93167877
v 29.53546906 -3.65571642 96.57856750
v 29.69235420 -3.77575946 96.73480988
v 29.23159409 -2.28214765 97.07189178
v 25.80291748 -1.78904533 97.20679474
v 26.03327179 -1.77160609 97.10646820
v 25.69255638 -0.78395897 97.99132538
v 25.87975121 -0.72102201 97.83502197
v 26.10917854 -0.69407594 97.73467255
v 29.94331360 -2.67044902 97.55997467
v 29.70309830 -4.59260845 104.01478577
v 29.52277374 -4.79889250 104.43005371
v 29.64941216 -4.70612526 104.23310852
v 29.32593155 -1.07145834 97.70009613
v 29.47392082 -2.34143615 97.10646820
v 29.68635368 -2.43220806 97.20679474
v 29.84809494 -2.54557824 97.36306763
v 29.95284653 -1.30896664 97.99132538
v 30.05317497 -1.42970347 98.18827820
v 29.57051277 -1.12062597 97.73467255
v 29.78653336 -1.20246565 97.83502197
v 30.00634575 -0.06803869 98.61959076
v 30.11160469 -0.18443316 98.81658173
v 25.42879868 -4.38038588 104.58635712
v 25.44326782 -3.22261047 105.05965424
v 25.61386299 -3.32205820 105.21599579
v 25.33800888 -3.10621595 104.86266327
v 25.47027969 -2.05184507 105.49222565
v 25.58028030 -2.16369605 105.68925476
v 25.55864906 -0.99185002 106.12178040
v 25.88940048 -4.51139307 104.72129059
v 25.64481926 -4.46222544 104.68671417
v 25.83309746 -3.39482427 105.31636810
v 26.07950974 -3.43378615 105.35095215
v 25.75485802 -2.25591874 105.84562683
v 25.97692490 -2.31948566 105.94601440
v 26.22474289 -2.34817457 105.98061371
v 25.67319679 -1.09896469 106.31885529
v 25.85145187 -1.18380344 106.47525024
v 26.07596588 -1.23806167 106.57566833
v 25.72177315 -0.03025390 106.94844818
v 25.90339279 -0.10756262 107.10488129
v 26.12996292 -0.15241861 107.20531464
v 26.32476044 -1.25642812 106.61026764
v 26.37930489 -0.16043106 107.23992157
v 29.10615158 -4.88877535 104.68671417
v 29.33557892 -4.86182928 104.58635712
v 29.30915260 -3.67735934 105.31636810
v 29.53726006 -3.64095330 105.21599579
v 29.72167587 -3.57036138 105.05965424
v 29.84434891 -3.47249317 104.86266327
v 29.89327240 -3.35692906 104.64429474
v 29.46170998 -2.45751929 105.94601440
v 29.98793793 -2.23079085 105.49222565
v 30.03201866 -2.11337924 105.27381134
v 29.68810844 -2.41171598 105.84562683
v 29.86943436 -2.33359075 105.68925476
v 30.07984161 -0.98315668 106.12178040
v 29.96570778 -1.09071112 106.31885529
v 30.11901283 -0.86409962 105.90332031
v 29.56347656 -1.23135591 106.57566833
v 29.78777885 -1.17623472 106.47525024
v 29.61419106 -0.00098521 107.20531464
v 0.00000000 4.00000000 8.00000000
v 0.52210474 3.96577954 8.00000000
v 1.03527617 3.86370325 8.00000000
v 1.53073370 3.69551802 8.00000000
v 2.43504572 3.17341328 8.00000000
v 2.00000000 3.46410155 8.00000000
v 3.17341328 2.43504572 8.00000000
v 3.69551802 1.53073370 8.00000000
v 3.46410155 2.00000000 8.00000000
v 4.00000000 0.00000000 8.00000000
v 3.96577954 0.52210474 8.00000000
v 3.86370325 1.03527617 8.00000000
v 2.82842708 2.82842708 8.00000000
v 9.88637543 20.14218521 20.50206184
v 9.75746632 20.40390396 20.09906197
v 9.79666615 20.24463844 20.29019165
v 9.68417072 20.30174255 28.67534637
v 9.83620739 20.36261559 28.86668968
v 9.99023628 20.49164772 29.01854134
v 20.49898720 7.95778131 9.19531631
v 20.17306709 8.94591427 9.61261368
v 20.17539024 8.80816746 9.82345390
v 20.38731003 9.23787689 9.27146530
v 19.80848503 9.78283501 10.24069118
v 19.81648827 9.64539623 10.45159340
v 20.24608994 9.09398174 9.42241096
v 20.01047897 10.08328915 9.89944363
v 19.87532997 9.93372250 10.05043316
v 20.20070267 10.21689415 9.80250263
v 20.16877365 8.95456791 17.96940422
v 20.32464981 8.90095425 18.15982819
v 19.80095863 9.79755306 18.59918022
v 19.95888329 9.75053215 18.78965950
v 20.16025352 9.75620079 18.94082451
v 20.38535881 9.81400204 19.03787804
v 16.32151985 15.14625263 14.63728905
v 16.36816216 15.01742268 14.84861946
v 16.34269333 15.30947018 14.44664574
v 17.61350822 14.05102921 13.03936672
v 17.47735786 13.71606922 13.38110924
v 17.51325798 13.58364773 13.59231758
v 17.51190186 13.87711811 13.19057465
v 17.77223015 14.22078133 12.94228458
v 16.94243622 14.60498238 13.81860924
v 16.95586777 14.31197548 14.22046757
v 16.91455650 14.44271183 14.00919819
v 17.03677559 14.78290462 13.66735744
v 17.18834114 14.95905972 13.57024765
v 19.15219116 11.72654057 11.15540695
v 19.42281914 10.46800041 11.07973480
v 19.46971130 10.75834656 10.67845726
v 19.40915489 10.60489750 10.86877060
v 19.59856224 10.91332912 10.52742386
v 19.78309441 11.05467319 10.43045425
v 19.33071709 11.87538052 11.05840874
v 18.97568130 11.41065693 11.49685287
v 18.99497414 11.27453423 11.70787811
v 18.53361320 12.06357861 12.33602238
v 18.50873184 12.19869518 12.12493610
v 18.55643272 12.35648155 11.93451214
v 19.02985382 11.56640720 11.30648422
v 18.67205048 12.52149105 11.78339100
v 18.84426498 12.67757320 11.68636513
v 18.05018425 13.12717342 12.56254292
v 18.00902939 12.96761990 12.75302124
v 18.03944969 12.83373737 12.96416950
v 18.15888786 13.29677868 12.41137791
v 18.32449722 13.45983505 12.31432343
v 15.79297733 16.17434502 14.92334557
v 15.92946625 16.36239624 14.82617950
v 16.42960739 15.49109840 14.29535007
v 16.57375717 15.67335701 14.19821262
v 19.16100502 17.62172508 14.16474152
v 19.85422134 16.79837418 13.53678608
v 19.37307167 17.75340843 14.19821262
v 19.58917236 17.83883667 14.29535007
v 19.78815460 17.86964607 14.44664574
v 20.07157898 16.92112923 13.57024765
v 20.29106522 16.99747658 13.66735744
v 20.49119186 17.01994324 13.81860924
v 19.95053864 17.84282112 14.63728905
v 18.43362427 18.41646004 14.79269886
v 18.64003372 18.55684280 14.82617950
v 18.85237312 18.65120125 14.92334557
v 11.50151348 19.90004349 18.59402847
v 12.16575241 18.97777176 18.21490479
v 12.26157665 18.70171738 18.61756516
v 12.18506432 18.81470299 18.40587425
v 12.20552921 19.17495728 18.06335068
v 12.30050373 19.38695908 17.96604729
v 11.49082279 19.21395493 19.24572945
v 10.69865227 19.69441032 19.87389565
v 10.61319256 19.80055237 19.66208458
v 10.58056545 19.96135712 19.47100830
v 10.60396576 20.16108513 19.31936836
v 10.68110180 20.38018417 19.22200966
v 11.40976429 19.32361031 19.03397942
v 11.38377094 19.48568344 18.84295654
v 11.41538525 19.68430901 18.69135857
v 13.73378849 17.58573914 17.36124420
v 13.66677094 17.70481682 17.14967155
v 13.66092396 17.86904526 16.95881081
v 15.05626583 16.64331245 15.70272446
v 15.04858780 16.47903252 15.89347649
v 15.10562611 16.35466003 16.10492706
v 14.37165928 17.27026558 16.33076668
v 14.37074566 17.10587120 16.52157402
v 14.43282986 16.98404503 16.73308563
v 14.43548107 17.46113205 16.17934227
v 14.55596447 17.65979004 16.08212090
v 15.12790966 16.83141899 15.55134201
v 15.25650501 17.02493858 15.45414925
v 13.82898521 18.26580429 16.71009445
v 12.92521954 18.43856049 17.58685684
v 13.00964165 18.15864563 17.98940277
v 12.93781281 18.27477455 17.77777290
v 12.97309494 18.63397217 17.43534660
v 13.07675266 18.84187889 17.33806992
v 13.71681881 18.06234741 16.80734253
v 11.31398010 19.38261223 27.41585159
v 11.47069645 19.43058777 27.60708809
v 10.50910091 19.85890198 28.04559898
v 10.66361237 19.91337585 28.23689079
v 10.82292652 20.03587532 28.38869858
v 10.97144985 20.21440887 28.48616600
v 11.09464359 20.43149948 28.51975250
v 12.09745312 18.87377357 26.78610039
v 12.25610161 18.91515923 26.97728539
v 12.42514706 19.02395439 27.12900925
v 12.58804321 19.18951035 27.22642326
v 11.63501930 19.54633713 27.75885582
v 11.79086399 19.71853065 27.85629463
v 11.92297554 19.93031502 27.88987160
v 12.72884464 19.39562035 27.25998878
v 13.59497452 17.76231956 25.52659416
v 13.75665188 17.79030418 25.71767235
v 13.93425274 17.88462639 25.86931038
v 14.99167824 16.53280258 24.26708221
v 15.15525532 16.54717255 24.45804977
v 15.34017467 16.62635040 24.60960388
v 14.30652428 17.16176987 24.89683914
v 14.46929359 17.18297005 25.08786201
v 14.65071201 17.26979637 25.23945808
v 14.83302021 17.41375351 25.33679008
v 14.99837303 17.60074806 25.37032890
v 14.11039162 18.03605080 25.96666908
v 14.26782799 18.22975540 26.00021744
v 12.85820866 18.33333969 26.15634918
v 13.01851082 18.36805725 26.34747887
v 13.19198513 18.46970749 26.49916077
v 13.36165047 18.62833595 26.59654617
v 13.51089859 18.82841492 26.63010406
v 17.44647408 13.75649357 21.74803162
v 17.61040688 13.74336243 21.93878555
v 17.80605507 13.79067421 22.09016800
v 16.87770462 14.48715210 22.37779808
v 18.96019363 11.43667126 19.85872650
v 19.12137413 11.40305710 20.04931450
v 18.48855209 12.22987938 20.48849678
v 18.65093613 12.20305538 20.67914009
v 18.84991837 12.23386478 20.83043671
v 19.06601906 12.31929207 20.92757416
v 19.39789200 10.62541199 19.22895432
v 19.55758476 10.58506203 19.41948700
v 19.75850868 10.59914303 19.57069588
v 19.32150269 11.42552280 20.20056725
v 19.54098892 11.50187016 20.29767799
v 19.98099899 10.66627598 19.66777802
v 20.20327377 10.77989101 19.70123100
v 19.75834656 11.62462521 20.33113861
v 19.27808571 12.45097637 20.96104431
v 17.98371124 13.00361729 21.11826515
v 18.14701271 12.98362446 21.30896378
v 18.34450150 13.02272034 21.46030235
v 18.55684090 13.11707878 21.55746841
v 18.01426697 13.89379787 22.18736076
v 18.21466064 14.04264069 22.22085190
v 18.76325035 13.25746346 21.59095001
v 16.27832413 15.19427204 23.00756073
v 16.44265556 15.19490433 23.19842148
v 16.63360405 15.25837708 23.34988976
v 17.04198074 14.48089981 22.56860352
v 17.23544884 14.53634167 22.72002983
v 17.43917084 14.64805126 22.81725121
v 17.63320351 14.80509472 22.85074997
v 15.69919682 15.82543373 15.26538181
v 15.71363163 15.98932076 15.07468414
v 15.75108528 15.69872570 15.47677231
v 17.67325974 19.18115807 15.42065811
v 16.88115120 19.91445160 16.04862022
v 17.07518196 20.07149506 16.08212090
v 17.27890396 20.18320465 16.17934227
v 17.87365341 19.32999992 15.45414925
v 17.47237206 20.23864746 16.33076668
v 17.63664818 20.23239326 16.52157402
v 20.14360809 17.61367416 22.37779808
v 20.08152390 17.73550224 22.16628647
v 19.04986191 18.69029808 15.07468414
v 19.21316338 18.67030525 15.26538181
v 18.08186531 19.43312454 15.55134201
v 18.27751350 19.48043633 15.70272446
v 18.44144630 19.46730423 15.89347649
v 15.64930439 15.87656975 23.63732147
v 15.81340313 15.88407993 23.82823753
v 16.00150108 15.95546913 23.97974777
v 16.19518852 16.08374977 24.07702446
v 16.37550354 16.25636482 24.11054420
v 15.52833557 16.76258850 24.70690918
v 15.70131874 16.94254875 24.74043655
v 16.83248138 15.37847710 23.44713783
v 17.01981735 15.54344845 23.48064804
v 17.76735115 20.15382195 24.05538940
v 17.84386444 20.04083443 24.26708221
v 16.91889954 20.20872879 25.33679008
v 17.00502777 20.42446327 25.23945808
v 17.72842598 19.46857834 24.70690918
v 17.82339859 19.68058205 24.60960388
v 17.86317635 19.87776756 24.45804977
v 19.24942780 17.89266586 23.44713783
v 19.95838737 17.05975533 22.81725121
v 20.07887077 17.25841331 22.72002983
v 20.14269447 17.44928169 22.56860352
v 18.50569725 18.69609070 24.07702446
v 18.60935593 18.90399742 23.97974777
v 18.65723038 19.09940910 23.82823753
v 18.57280922 19.37932396 23.42568970
v 18.64463806 19.26319504 23.63732147
v 19.34462357 18.57273293 22.79598999
v 19.41748810 18.28942680 23.19842148
v 19.41164207 18.45365524 23.00756073
v 19.36159325 18.09612274 23.34988976
v 20.36277962 11.50164223 42.90324783
v 20.37763596 11.36954975 43.11717606
v 20.42155266 11.65242672 42.71026611
v 19.91132355 12.21548939 43.74540329
v 19.89103889 12.34676933 43.53142166
v 19.94354057 12.49978733 43.33838654
v 20.06369019 12.65956593 43.18519592
v 20.23972702 12.81046486 43.08683777
v 18.84305000 13.97750282 44.78776932
v 18.88276482 14.13420486 44.59463882
v 18.98931694 14.30328465 44.44136810
v 19.15227509 14.46819019 44.34296036
v 19.40987015 13.04229927 44.37363052
v 19.38419724 13.17254257 44.15959549
v 19.43034363 13.32753468 43.96651077
v 19.54378891 13.49210453 43.81328201
v 19.71343040 13.65014172 43.71490097
v 12.56923485 20.22288322 50.24785233
v 12.60718632 20.41882706 50.09423447
v 11.84060192 20.48293304 51.28424454
v 12.58887005 20.06295204 50.44142532
v 12.66416836 19.95468903 50.65599823
v 14.92788792 18.45423126 48.36343384
v 14.98974800 18.64408112 48.20993042
v 15.10720253 18.84389305 48.11137390
v 13.39350986 19.50476837 49.81323242
v 13.38046741 19.66542816 49.61970901
v 13.42646790 19.85967255 49.46612930
v 13.46432018 19.39341354 50.02775574
v 13.52701092 20.06848145 49.36752701
v 14.23973560 18.80014038 49.39951324
v 14.16711617 19.07551956 48.99156952
v 14.17354107 18.91439819 49.18504333
v 14.98913860 18.17595291 48.77127075
v 14.92767811 18.29292488 48.55685806
v 14.22109127 19.26772881 48.83802795
v 14.33018303 19.47221375 48.73944855
v 12.21108150 20.30788994 58.90114594
v 12.36494827 20.35494423 59.09490967
v 12.52844620 20.46920776 59.24868011
v 15.34227657 17.92741013 56.38247681
v 13.82792664 19.18163490 57.64181519
v 13.98530293 19.21567726 57.83547974
v 13.03165627 19.76130295 58.27148056
v 13.18741417 19.80188751 58.46519470
v 13.35556889 19.90923500 58.61893082
v 13.51966095 20.07283401 58.71763229
v 13.66362667 20.27667427 58.75164413
v 14.59856129 18.56996155 57.01214600
v 14.75728226 18.59739494 57.20576477
v 14.93386650 18.69034958 57.35942078
v 15.11102867 18.83972740 57.45807648
v 15.27142811 19.03090858 57.49206924
v 14.15782261 19.31591606 57.98917770
v 14.32859802 19.47254181 58.08785629
v 14.48091221 19.67022133 58.12185669
v 19.69767189 12.66993618 51.97474289
v 19.85704613 12.64358139 52.16797256
v 20.18618393 11.82665157 51.34505844
v 20.34437370 11.79363537 51.53823853
v 18.87405968 13.84851646 45.00186157
v 18.30473709 14.63271236 45.63009262
v 18.30167389 14.91837025 45.22276688
v 18.26845169 14.76022339 45.41594696
v 18.40115166 15.09167099 45.06945801
v 18.55714989 15.26316261 44.97102356
v 20.05459404 12.67345428 52.32131958
v 20.27097511 12.75663185 52.41977692
v 19.17391205 13.49302197 52.60442352
v 18.02406883 15.07273769 53.86378098
v 18.18531418 15.06656742 54.05715561
v 18.61574554 14.29443455 53.23410034
v 18.77665138 14.28151512 53.42742920
v 18.97095490 14.32776928 53.58085632
v 19.17963791 14.42867088 53.67936325
v 18.37748718 15.12089443 54.21062088
v 18.58177567 15.23040104 54.30915451
v 19.33419418 13.47336960 52.79770279
v 19.53029060 13.51146793 52.95108795
v 19.74300766 13.60358715 53.04957199
v 20.48501205 12.88497162 52.45370102
v 19.95152283 13.74071121 53.08350372
v 19.38227463 14.57434177 53.71330643
v 15.65468597 17.64147568 47.92867279
v 15.66153431 17.80269623 47.73529434
v 15.71130085 17.52198792 48.14303207
v 16.35337639 16.96123314 47.30048752
v 16.40504265 16.83942795 47.51479340
v 16.36685753 17.12209320 47.10716248
v 16.44416428 17.30625916 46.95373535
v 16.57773018 17.49570465 46.85522842
v 17.02261353 16.25342369 46.67230606
v 17.04270744 16.41364861 46.47902679
v 17.12755203 16.59449959 46.32564163
v 17.78023148 15.85586357 45.69754791
v 17.66131592 15.51931477 46.04412842
v 17.68799400 15.67863655 45.85089493
v 17.70280838 15.39349461 46.25832367
v 17.92900276 16.03364754 45.59909058
v 17.06923676 16.12950516 46.88655853
v 17.26884079 16.77827263 46.22715759
v 15.73117638 17.98986435 47.58182907
v 15.85679340 18.18465805 47.48329926
v 18.22390366 20.39525604 47.44934845
v 19.03454018 19.60616493 46.82128525
v 19.81111717 18.78495789 46.19322586
v 20.01963234 18.92208099 46.22715759
v 20.23234940 19.01420212 46.32564163
v 20.42844772 19.05229950 46.47902679
v 19.23717690 19.75183487 46.85522842
v 19.44585991 19.85273743 46.95373535
v 19.64016342 19.89899063 47.10716248
v 19.80106926 19.88607216 47.30048752
v 16.05784035 17.25516129 55.75280380
v 16.21841621 17.26922989 55.94632721
v 16.74407196 16.55444145 55.12313080
v 16.90515137 16.56177711 55.31660461
v 17.09206009 16.63194466 55.47014618
v 17.39983749 15.82652664 54.49345779
v 17.56114388 15.82711315 54.68688202
v 17.75084877 15.88941574 54.84038544
v 17.28650093 16.75807190 55.56872559
v 17.46943855 16.92781639 55.60269547
v 16.40220070 17.34713554 56.09990692
v 16.59120560 17.48125267 56.19851303
v 16.76692963 17.65845108 56.23249054
v 15.50206470 17.94818115 56.57604599
v 15.68240643 18.03368759 56.72966385
v 15.86564922 18.17556000 56.82829285
v 16.03385544 18.35990906 56.86228180
v 17.95038605 16.00733566 54.93894196
v 18.14022064 16.16933060 54.97290039
v 18.77817917 15.38436699 54.34310532
v 20.41355324 18.47625732 54.93894196
v 19.75416756 19.53158379 55.47014618
v 19.64507675 19.32709885 55.56872559
v 19.80814362 19.72379494 55.31660461
v 19.73552322 19.99917221 54.90866470
v 19.80171776 19.88491440 55.12313080
v 18.84112740 20.14595413 56.19851303
v 18.94166946 20.35476303 56.09990692
v 1.78418589 22.64418793 25.94324303
v 1.63184965 22.97008514 25.59957504
v 1.69032180 22.77801323 25.75163460
v 0.03231237 22.71166611 27.41201210
v 0.84768265 22.72344780 26.57136917
v 0.74843019 22.85324860 26.37970924
v 0.68210399 23.04271889 26.22760582
v 0.97014588 22.66602135 26.78382683
v 1.90425396 22.58170891 26.15564346
v 0.65519661 23.27331161 26.12994957
v 1.61449313 23.20160294 25.50194550
v 3.51702356 22.94002151 24.24594116
v 2.62726760 22.66401672 25.12356377
v 2.57675123 22.85836601 24.97154427
v 2.71558046 22.52639198 25.31511879
v 2.83304501 22.45896339 25.52746010
v 3.64028311 22.37034798 24.68699646
v 3.75494003 22.29807663 24.89928055
v 3.51520300 22.70783997 24.34351730
v 3.55767536 22.51154327 24.49549484
v 4.47996759 22.32093620 23.86742783
v 4.44561386 22.51884842 23.71549225
v 4.45702744 22.75076866 23.61794281
v 4.66837549 22.09941101 24.27110100
v 4.55672598 22.17640877 24.05887604
v 2.56897616 23.09041405 24.87394333
v 1.09620309 26.48196983 26.09630013
v 1.15191853 26.72527313 26.12994957
v 2.18828154 26.38919449 25.46830559
v 2.25406241 26.62997246 25.50194550
v 2.35372639 26.83966064 25.59957504
v 2.47751832 26.99773026 25.75163460
v 0.00018530 26.52952766 26.72429848
v 0.04573925 26.77493668 26.75795746
v 0.12758149 26.99217606 26.85564041
v 0.23770075 27.15998268 27.00778389
v 0.36531776 27.26193047 27.19949722
v 1.24275017 26.93892288 26.22760582
v 1.35980701 27.10200500 26.37970924
v 1.49163055 27.19855499 26.57136917
v 3.27455807 26.25144768 24.84031105
v 3.35029054 26.48928452 24.87394333
v 3.45861483 26.69464493 24.97154427
v 3.58892751 26.84742546 25.12356377
v 2.61332035 27.08871078 25.94324303
v 3.72847247 26.93267250 25.31511879
v 4.35318327 26.06904984 24.21232033
v 4.43873644 26.30353546 24.24594116
v 4.55553341 26.50421143 24.34351730
v 4.69214106 26.65143394 24.49549484
v 4.83518744 26.73079109 24.68699646
v 6.30656433 22.25737190 22.36195183
v 7.34257555 21.28130150 22.38657379
v 7.24109507 21.37169266 22.17452621
v 7.17296219 21.72547722 21.83142662
v 7.18265009 21.52474594 21.98323631
v 7.21297932 21.95423889 21.73395920
v 7.52492666 25.25830078 22.32835770
v 7.63898993 25.48032379 22.36195183
v 8.10921001 21.03096008 21.54641342
v 8.20693684 20.93638992 21.75840187
v 8.05709076 21.18634605 21.35517502
v 8.05568123 21.38733864 21.20340919
v 8.10511971 21.61426353 21.10596848
v 8.96154118 20.65503502 20.91830254
v 8.91584110 20.81249237 20.72711754
v 8.92271519 21.01340485 20.57539368
v 8.98149109 21.23810387 20.47797966
v 9.77261543 20.60439491 19.94738007
v 9.84062958 20.82648277 19.84999466
v 9.05534267 20.55644035 21.13023186
v 8.55483341 24.90201950 21.70037460
v 8.67802715 25.11911201 21.73395920
v 8.82655048 25.29764366 21.83142662
v 9.56815434 24.50381470 21.07239342
v 8.98586559 25.42014313 21.98323631
v 9.14037609 25.47461700 22.17452621
v 9.70026588 24.71559906 21.10596848
v 9.85611057 24.88779259 21.20340919
v 10.02043438 25.00354385 21.35517502
v 10.17714977 25.05151749 21.54641342
v 6.35865068 21.67657089 22.80264091
v 5.39258337 22.09260941 23.23936081
v 5.36640930 22.29179955 23.08746719
v 5.57180595 21.86339188 23.64292336
v 5.46335840 21.94499016 23.43075752
v 5.38739824 22.52306175 22.98994637
v 6.29398346 21.82703400 22.61129761
v 6.27603626 22.02716446 22.45944595
v 6.46370649 21.59050560 23.01474762
v 6.48016930 25.57196808 22.95634270
v 8.84057903 20.71028709 29.30508995
v 8.98987675 20.77744865 29.49648857
v 9.13835335 20.91278648 29.64838028
v 9.27147484 21.10305214 29.74590302
v 9.37621021 21.32962418 29.77950668
v 10.13118076 20.67620850 29.11603546
v 10.24524403 20.89823151 29.14962959
v 9.24296284 25.46783829 29.72261047
v 5.42232466 25.84239960 23.58432961
v 5.51755095 26.07312775 23.61794281
v 5.64261866 26.26876831 23.71549225
v 5.78528452 26.41017342 23.86742783
v 5.93158340 26.48349953 24.05887604
v 6.58490419 25.79853821 22.98994637
v 6.71802568 25.98880577 23.08746719
v 6.86650229 26.12414360 23.23936081
v 7.01580000 26.19130516 23.43075752
v 7.77993441 25.66488457 22.45944595
v 7.93396378 25.79391670 22.61129761
v 8.08600044 25.85479164 22.80264091
v 0.00000000 39.00000000 0.00000000
v 0.00000000 39.00000000 0.60000002
v 0.00000000 41.00000000 0.00000000
v 0.00000000 41.00000000 0.60000002
v 0.00000000 39.00000000 6.00000000
v 3.33810091 38.33600998 0.00000000
v 3.33810091 38.33600998 0.60000002
v 3.77365994 38.31461334 0.00000000
v 3.77365994 38.31461334 0.60000002
v 4.01870298 40.80257416 0.00000000
v 4.01870298 40.80257416 0.60000002
v 0.00000000 37.00000000 8.00000000
v 7.51097727 37.76023483 0.00000000
v 7.51097727 37.76023483 0.60000002
v 7.99870300 40.21219635 0.00000000
v 7.99870300 40.21219635 0.60000002
v 10.56318474 24.06444931 20.44441414
v 10.70398617 24.27055931 20.47797966
v 10.86688232 24.43611526 20.57539368
v 11.03592873 24.54491043 20.72711754
v 11.19457626 24.58629608 20.91830254
v 11.53825760 23.58475113 19.81643677
v 11.68750477 23.78483200 19.84999466
v 11.85717010 23.94346046 19.94738007
v 12.03064442 24.04510880 20.09906197
v 12.49173927 23.06562233 19.18846130
v 12.64917564 23.25932693 19.22200966
v 12.19094658 24.07982826 20.29019165
v 13.42203903 22.50802612 18.56048965
v 13.58739281 22.69501877 18.59402847
v 15.20694637 21.28160477 17.30455017
v 14.32761002 21.91298866 17.93251991
v 14.50059319 22.09294891 17.96604729
v 14.68875408 22.22918701 18.06335068
v 14.87367344 22.30836678 18.21490479
v 15.03725052 22.32273674 18.40587425
v 13.76970100 22.83897591 18.69135857
v 13.95111942 22.92580414 18.84295654
v 14.11388874 22.94700241 19.03397942
v 12.82531452 23.41075134 19.31936836
v 13.00291538 23.50507355 19.47100830
v 13.16459370 23.53306007 19.66208458
v 11.47618771 24.32950020 28.86668968
v 11.46360683 23.89916039 29.11603546
v 11.49413490 24.12936974 29.01854134
v 10.46898079 24.37853050 29.74590302
v 10.48997021 24.60979271 29.64838028
v 10.39302063 24.95660210 29.30508995
v 10.46379566 24.80898285 29.49648857
v 10.28457355 25.03820038 29.09292603
v 11.30646420 24.56602859 28.46323967
v 11.41152000 24.47996140 28.67534637
v 12.30690193 24.05221939 27.83355141
v 12.43649864 23.37928009 28.48616600
v 12.47651577 23.60804176 28.38869858
v 12.46682739 23.80877304 28.23689079
v 12.40838242 23.96182632 28.04559898
v 15.16277981 22.27098083 25.94447899
v 13.38601017 22.81986809 27.85629463
v 13.43544865 23.04679108 27.75885582
v 15.20852661 21.58668327 26.59654617
v 14.31053829 22.22196579 27.22642326
v 14.37618828 22.64757538 26.97728539
v 14.23668671 22.90362740 26.57417107
v 14.33048820 22.80503464 26.78610039
v 14.36931419 22.44666290 27.12900925
v 15.27653980 21.80877304 26.49916077
v 15.29168892 22.00926208 26.34747887
v 15.25249004 22.16852951 26.15634918
v 13.43403912 23.24778366 27.60708809
v 13.28419304 23.49774170 27.20386314
v 13.38191986 23.40316963 27.41585159
v 16.05859566 20.61502266 16.67658424
v 16.24593163 20.77999496 16.71009445
v 15.38726234 21.45421982 17.33806992
v 15.58094883 21.58250046 17.43534660
v 15.76904774 21.65389061 17.58685684
v 15.93314552 21.66139984 17.77777290
v 16.44480705 20.90009499 16.80734253
v 16.63575745 20.96356773 16.95881081
v 16.80008888 20.96419907 17.14967155
v 16.07846451 20.91519356 25.96666908
v 16.15560150 21.13429260 25.86931038
v 16.17900276 21.33402061 25.71767235
v 16.06091499 21.60096741 25.31478500
v 16.14637566 21.49482536 25.52659416
v 16.92959023 20.89481735 24.68508720
v 17.03664207 20.62308884 25.08786201
v 17.01064682 20.78516197 24.89683914
v 14.15928745 34.18354416 8.00000000
v 11.17596054 36.84220123 0.00000000
v 11.17596054 36.84220123 0.60000002
v 11.58653164 36.69529724 0.00000000
v 11.58653164 36.69529724 0.60000002
v 11.90167141 39.23455429 0.00000000
v 11.90167141 39.23455429 0.60000002
v 13.44227219 36.03130341 0.00000000
v 14.92465401 36.03130341 0.00000000
v 14.92465401 36.03130341 0.60000002
v 14.92465401 36.03130341 6.00000000
v 17.75457001 34.14041138 0.00000000
v 17.75457001 34.14041138 0.60000002
v 18.14877510 33.95396805 0.00000000
v 18.14877510 33.95396805 0.60000002
v 15.69002056 37.87906265 0.00000000
v 15.69002056 37.87906265 0.60000002
v 19.32726669 36.15877151 0.00000000
v 19.32726669 36.15877151 0.60000002
v 0.65372437 22.73440742 34.97271347
v 0.76743060 22.85141182 35.16458130
v 0.85564595 23.03159523 35.31685257
v 1.59761143 22.66249847 34.34298325
v 1.71616161 22.77468300 34.53480148
v 1.81184757 22.95104599 34.68703079
v 2.53665709 22.55146217 33.71325302
v 0.90973544 23.25731659 35.41461182
v 0.92440432 23.50648117 35.44829941
v 1.87530267 23.17432785 34.78476334
v 1.90031552 23.42266846 34.81844330
v 3.46924210 22.40157509 33.08352280
v 3.59685922 22.50352287 33.27523422
v 3.70697832 22.67132950 33.42737961
v 3.78882074 22.88856888 33.52506256
v 4.39376163 22.21318245 32.45378876
v 4.52558517 22.30973434 32.64544678
v 4.64264202 22.47281647 32.79755020
v 4.73347330 22.68646431 32.89520645
v 4.78918886 22.92976952 32.92885590
v 2.65984702 22.65862465 33.90501785
v 2.76283860 22.83086014 34.05720520
v 2.83555007 23.05131340 34.15491486
v 3.83437467 23.13397789 33.55871964
v 2.87086391 23.29840088 34.18858337
v 0.82899082 26.74389839 35.41461182
v 0.41915637 27.29079819 34.76002502
v 0.54904741 27.25439644 34.97271347
v 0.76451015 26.96687317 35.31685257
v 0.66804820 27.14277840 35.16458130
v 1.88412499 26.88671684 34.68703079
v 1.93933916 26.66125679 34.78476334
v 1.55226481 27.22470093 34.13035583
v 1.68062794 27.18293762 34.34298325
v 1.79497921 27.06647682 34.53480148
v 2.68061042 27.11161995 33.50068283
v 3.80224752 26.95183945 32.87100601
v 4.14183950 26.35817337 33.52506256
v 3.92689395 26.89955330 33.08352280
v 4.10542774 26.58744621 33.42737961
v 4.03136301 26.77399254 33.27523422
v 4.91524601 26.74571800 32.24132919
v 5.03770924 26.68829155 32.45378876
v 3.04425740 26.53257942 34.15491486
v 2.99840498 26.76013947 34.05720520
v 2.80722451 27.06455994 33.71325302
v 2.91672897 26.94344711 33.90501785
v 6.21227407 21.72259140 31.19431496
v 6.35181904 21.80783653 31.38586998
v 5.30862761 21.98669624 31.82405281
v 5.44442987 22.07767677 32.01565933
v 5.56822157 22.23574638 32.16772079
v 5.66788578 22.44543457 32.26535034
v 5.73366642 22.68621254 32.29899216
v 7.10315561 21.42140770 30.56457520
v 7.24620199 21.50076485 30.75607681
v 7.38280964 21.64798737 30.90805435
v 6.48213196 21.96061707 31.53788948
v 6.59045601 22.16597748 31.63549232
v 6.66618824 22.40381622 31.66912270
v 7.49960661 21.84866333 31.00563049
v 7.58515978 22.08314896 31.03925323
v 7.37177038 25.56484985 31.63549232
v 7.97975445 21.08375168 29.93483353
v 8.12605381 21.15707779 30.12628365
v 8.26871967 21.29848289 30.27821922
v 8.39378643 21.49412346 30.37576866
v 8.48901367 21.72485161 30.40937996
v 8.42131996 25.21217728 31.00563049
v 8.42314053 25.44436073 30.90805435
v 9.45431042 24.81648254 30.37576866
v 9.43137074 25.24631310 30.12628365
v 9.46572399 25.04840279 30.27821922
v 9.35461235 25.39084053 29.93483353
v 6.01769400 26.49369812 31.61165237
v 5.23019552 26.13842773 32.89520645
v 5.13696194 26.55848885 32.64544678
v 5.20328808 26.36901855 32.79755020
v 6.30745506 25.87380600 32.26535034
v 6.29009867 26.10532379 32.16772079
v 6.23162651 26.29739571 32.01565933
v 6.13776207 26.43122101 31.82405281
v 7.36399508 25.79689789 31.53788948
v 7.10770178 26.19630051 30.98197365
v 7.22516632 26.12887192 31.19431496
v 7.31347895 25.99124718 31.38586998
v 8.29806042 25.78185081 30.56457520
v 8.18340302 25.85412216 30.35229301
v 8.38066769 25.64065552 30.75607681
v 0.54494095 24.00324631 58.60803986
v 0.37966570 24.31772423 58.25974274
v 0.44696459 24.13022804 58.41384888
v 0.66400409 23.94920731 58.82329941
v 0.34963194 24.54737854 58.16079712
v 1.38318348 24.25640106 57.63161469
v 1.44270623 24.06626320 57.78568649
v 2.52118349 23.82656670 57.35161972
v 2.43391728 23.96126938 57.15752411
v 2.38227391 24.15372658 57.00349045
v 1.53540790 23.93531036 57.97982788
v 1.65221417 23.87636185 58.19503784
v 1.36266625 24.48711014 57.53269577
v 2.37130928 24.38509750 56.90459442
v 4.39600992 23.62933159 55.90120697
v 4.36038256 23.82544518 55.74724579
v 4.36856461 24.05695152 55.64839935
v 2.63553071 23.76280212 57.56677628
v 3.50058889 23.67728615 56.72341156
v 3.61227846 23.60881042 56.93851471
v 3.37523603 24.00996399 56.37536621
v 3.41890979 23.81551552 56.52936554
v 3.37384319 24.24160194 56.27649307
v 4.47196007 23.48781013 56.09520721
v 4.58079767 23.41473198 56.31025696
v 0.71770078 27.76521492 58.12670517
v 0.76708144 28.00982094 58.16079712
v 1.86395419 27.68690109 57.49860764
v 1.92345822 27.92924500 57.53269577
v 2.01614523 28.14151192 57.63161469
v 0.85083783 28.22575760 58.25974274
v 0.96077120 28.39188385 58.41384888
v 1.08612049 28.49194145 58.60803986
v 2.13294196 28.30292320 57.78568649
v 2.26241589 28.39767838 57.97982788
v 3.00495267 27.56132889 56.87051773
v 3.07447743 27.80099106 56.90459442
v 3.17593455 28.00922012 57.00349045
v 3.29939294 28.16563225 57.15752411
v 4.13875055 27.38880157 56.24242401
v 4.21817589 27.62536812 56.27649307
v 4.32822800 27.82919693 56.37536621
v 4.45813417 27.98033333 56.52936554
v 4.59517813 28.06398582 56.72341156
v 3.43276739 28.25491524 57.35161972
v 10.00165081 21.69053650 52.13228989
v 10.01513481 21.88957787 51.97855377
v 10.07992172 22.11204910 51.87985229
v 6.38403082 22.98997307 54.83879852
v 7.26349449 22.83259201 54.01673889
v 7.25232649 23.03168869 53.86289215
v 6.48660135 22.90805435 55.05374527
v 7.32149935 22.68263245 54.21059799
v 7.42066431 22.59649086 54.42549133
v 5.43364954 23.25854683 55.46700287
v 5.36356163 23.40312576 55.27304840
v 5.33604288 23.60056877 55.11912537
v 5.53944588 23.18098450 55.68199921
v 5.35378742 23.83155060 55.02030182
v 6.30056715 23.33580399 54.49100876
v 6.31992769 23.13736534 54.64489365
v 6.32784367 23.56586456 54.39220810
v 7.28909016 23.26043510 53.76411819
v 8.24447727 22.33713341 53.58239746
v 8.23590755 22.91586494 53.13602829
v 8.19267273 22.48940468 53.38858795
v 8.18971920 22.68882179 53.23477936
v 8.34006310 22.24691010 53.79723740
v 10.12871933 21.43647766 52.54073715
v 10.04078865 21.53440857 52.32600403
v 9.24325275 21.85999107 53.16898727
v 9.15141392 21.95414543 52.95420074
v 9.11116982 22.30787468 52.60666656
v 9.10590076 22.10847664 52.76043701
v 9.16670418 22.53282356 52.50793839
v 6.37704515 26.90447807 54.98624802
v 5.26341820 27.16969681 55.61433792
v 5.35260725 27.40276146 55.64839935
v 5.47106409 27.60183525 55.74724579
v 5.60719252 27.74743080 55.90120697
v 7.47774363 26.59368324 54.35816574
v 7.58598137 26.81853485 54.39220810
v 6.47584391 27.13363457 55.02030182
v 6.60249996 27.32760811 55.11912537
v 6.74461508 27.46740913 55.27304840
v 6.88827848 27.53935432 55.46700287
v 5.74766827 27.82530022 56.09520721
v 8.56365013 26.23792458 53.73007965
v 8.68113995 26.45808601 53.76411819
v 8.82352352 26.64085197 53.86289215
v 7.72061729 27.00706863 54.49100876
v 7.86847258 27.14082909 54.64489365
v 8.01507378 27.20672035 54.83879852
v 8.97686195 26.76833534 54.01673889
v 9.63293266 25.83789635 53.10200119
v 9.75947094 26.05298615 53.13602829
v 9.90935421 26.22966766 53.23477936
v 10.06791019 26.35064697 53.38858795
v 10.21961880 26.40408134 53.58239746
v 9.12614632 26.82805252 54.21059799
v 10.87842369 21.23637772 51.50414276
v 10.91111755 21.07871628 51.69780731
v 10.99498367 20.97717094 51.91249084
v 10.97403240 21.65433693 51.25176620
v 10.90010262 21.43472481 51.35044479
v 12.69900894 20.63160515 49.99560547
v 11.73475933 20.74685669 50.87599564
v 11.76094818 20.58792496 51.06961441
v 11.76459885 20.94417000 50.72233963
v 11.84754562 21.16054916 50.62368393
v 11.71444988 24.90816689 51.84584045
v 11.85841560 25.11200523 51.87985229
v 12.02250671 25.27560616 51.97855377
v 12.72318840 24.38021469 51.21776581
v 12.19066238 25.38295174 52.13228989
v 13.70831585 23.81149101 50.58969116
v 13.86871529 24.00267029 50.62368393
v 14.04587746 24.15205002 50.72233963
v 12.87550259 24.57789612 51.25176620
v 13.04627800 24.73452187 51.35044479
v 13.21879768 24.83476067 51.50414276
v 13.37617397 24.86880302 51.69780731
v 14.66818810 23.20304108 49.96162033
v 14.83639526 23.38739014 49.99560547
v 15.01963806 23.52926254 50.09423447
v 15.19997978 23.61476898 50.24785233
v 14.22246265 24.24500465 50.87599564
v 14.38118362 24.27243805 51.06961441
v 15.35976791 23.63554001 50.44142532
v 11.36757660 20.82037926 59.53081131
v 11.51928520 20.87381363 59.72462082
v 12.68556976 20.63949776 59.34740829
v 10.68378830 25.39436340 52.47391891
v 10.81915760 25.60400963 52.50793839
v 12.34642029 25.42353821 52.32600403
v 12.82093906 20.84914207 59.38142776
v 13.24713230 24.97755051 59.31596756
v 13.39452267 24.73505592 59.72462082
v 13.34271812 24.88732719 59.53081131
v 14.39355659 23.93563080 59.24868011
v 14.33802223 23.71068192 59.34740829
v 14.39882565 24.13503075 59.09490967
v 14.35331345 24.28936005 58.90114594
v 15.29815483 23.07279015 58.71763229
v 15.36294174 23.29526329 58.61893082
v 15.33728695 23.65043259 58.27148056
v 15.24935722 23.74836349 58.05674744
v 14.26147461 24.38351440 58.68635941
v 10.97628021 25.77429771 52.60666656
v 11.13977814 25.88856316 52.76043701
v 11.29364491 25.93561554 52.95420074
v 17.38053513 21.15081978 48.07741547
v 17.57037163 21.31281471 48.11137390
v 17.76990700 21.43073463 48.20993042
v 15.60120678 22.55598259 49.33354950
v 15.77693081 22.73318291 49.36752701
v 15.96593571 22.86730003 49.46612930
v 16.50582123 21.87149620 48.70547867
v 16.14972115 22.94520569 49.61970901
v 16.31029510 22.95927429 49.81323242
v 16.68875885 22.04124069 48.73944855
v 16.88319969 22.16736794 48.83802795
v 17.07010651 22.23753548 48.99156952
v 17.23118782 22.24487114 49.18504333
v 18.42030907 20.54922295 47.48329926
v 17.95961380 21.49303818 48.36343384
v 18.62459755 20.65872955 47.58182907
v 18.81676865 20.71305656 47.73529434
v 18.97801590 20.70688629 47.92867279
v 18.12091827 21.49362373 48.55685806
v 16.32567596 22.81405830 57.83547974
v 16.29298401 22.97172165 57.64181519
v 16.23006821 22.39609909 58.08785629
v 16.30399704 22.61571312 57.98917770
v 17.13219833 21.68184853 57.45807648
v 17.13914299 22.35946465 56.79751587
v 17.21514511 21.89822960 57.35942078
v 17.24498367 22.09554291 57.20576477
v 17.21879578 22.25447273 57.01214600
v 16.20911789 23.07326698 57.42713165
v 15.37642574 23.49430466 58.46519470
v 18.98767090 20.54900551 55.94632721
v 18.97462654 20.70966721 55.75280380
v 18.90381622 20.82102203 55.53828430
v 18.00303650 20.93134499 56.82829285
v 18.09485817 21.14412308 56.72966385
v 18.13281059 21.34006691 56.57604599
v 18.03787613 21.60826111 56.16790009
v 18.11317444 21.49999809 56.38247681
v 21.68564796 0.36927888 8.00000000
v 21.72151566 1.04078305 8.00000000
v 21.65144730 1.82982755 8.00000000
v 21.65743637 2.33819294 8.00000000
v 21.81673431 0.03030464 11.67153645
v 21.82157898 0.93968987 12.30133152
v 21.94720840 0.83207935 12.49125385
v 22.13382721 0.75533867 12.64197731
v 22.36316872 0.71697974 12.73874760
v 22.61278152 0.72075754 12.77209282
v 21.78849411 1.84952021 12.93112564
v 21.91846848 1.74730527 13.12110424
v 22.10810280 1.67844701 13.27187157
v 22.33883095 1.64968550 13.36867046
v 22.58806992 1.66383624 13.40202522
v 21.53343964 3.28642821 8.00000000
v 21.52318192 3.63056922 8.00000000
v 21.33196640 4.73465157 8.00000000
v 21.31912041 4.91433191 8.00000000
v 21.71744919 2.75821233 13.56091690
v 21.60848045 3.66418147 14.19070625
v 21.74644661 3.57327294 14.38079739
v 21.46169662 4.56584406 14.82049370
v 21.85153770 2.66156816 13.75095177
v 22.04385185 2.60070992 13.90176392
v 22.27556801 2.58159471 13.99859142
v 21.94110680 3.52051854 14.53165436
v 22.17340469 3.51108217 14.62850952
v 22.42060661 3.54588723 14.66188431
v 22.52400398 2.60609388 14.03195572
v 25.57390404 4.28528261 14.62850952
v 21.04759407 6.17008924 8.00000000
v 21.04579735 6.18592453 8.00000000
v 21.01401711 6.30813503 8.00000000
v 21.00301552 6.37096357 8.00000000
v 20.94191360 6.73811913 8.00000000
v 20.94633675 6.98975801 8.00000000
v 20.79587173 7.23337936 8.35646343
v 20.95058632 7.14293480 8.00000000
v 20.88088417 7.37505341 8.16637325
v 21.03352165 7.50687790 8.01551628
v 21.03711319 7.47409916 8.00000000
v 21.04015350 7.48507071 8.00000000
v 21.06641388 7.52435064 8.00000000
v 20.78680420 7.09572315 8.56718063
v 20.58143997 8.24059486 8.79439068
v 20.50235748 8.09560013 8.98453712
v 20.72849083 8.37857246 8.64348984
v 20.92911720 8.49602699 8.54660511
v 21.19872093 7.72994804 8.00000000
v 21.62329292 7.85532045 8.00000000
v 20.58290100 9.36351395 9.17455292
v 25.53224564 7.01316261 8.00000000
v 25.52231598 7.07739210 8.00000000
v 25.37179184 7.63744783 8.00000000
v 24.32945442 8.53991318 8.00000000
v 24.04901314 9.36565399 8.51322079
v 24.29455185 9.41070461 8.54660511
v 24.37520981 8.53841019 8.00000000
v 24.59467697 8.52234459 8.00000000
v 24.62673378 8.50470352 8.00000000
v 24.87163734 8.38071251 8.01551628
v 24.87312889 8.35880184 8.00000000
v 24.83442307 8.38222408 8.00000000
v 24.87908363 8.35495090 8.00000000
v 25.27445221 7.81883669 8.00000000
v 25.08909988 8.11650085 8.00000000
v 25.06629753 8.32795811 8.16637325
v 25.14552307 8.04959869 8.00000000
v 25.20426178 8.23704910 8.35646343
v 24.52703094 9.41096210 8.64348984
v 24.86528969 9.28138351 8.98453712
v 24.72369385 9.36640167 8.79439068
v 26.32028961 0.44133669 8.00000000
v 26.28298950 1.11496747 8.00000000
v 26.29159164 1.78066087 8.00000000
v 26.05083466 0.06031023 12.01208115
v 26.22314644 0.16537082 11.86140251
v 25.83350563 1.06272149 12.73874760
v 26.21858025 1.25762630 12.49125385
v 26.05076981 1.14557469 12.64197731
v 26.33038902 0.29139867 11.67153645
v 26.36206627 0.42605728 11.46106815
v 26.26494217 2.48408914 12.93112564
v 26.34657860 1.52366650 12.09080124
v 26.32050896 1.38790786 12.30133152
v 25.79182625 2.13917279 13.36867046
v 26.00547218 2.23092747 13.27187157
v 26.16849518 2.34977770 13.12110424
v 26.21189880 2.60164762 8.00000000
v 26.19712448 3.11706352 8.00000000
v 26.06278610 4.08283949 8.00000000
v 26.03713799 4.44740009 8.00000000
v 26.28536797 2.62071490 12.72053242
v 25.70527077 3.21398377 13.99859142
v 25.91493225 3.31448245 13.90176392
v 26.07289505 3.43992710 13.75095177
v 26.17845345 3.71529675 13.35026169
v 26.16369820 3.57803845 13.56091690
v 25.77922249 4.39435291 14.53165436
v 26.02593803 4.80550766 13.97998905
v 25.93185806 4.52617693 14.38079739
v 26.01687050 4.66785145 14.19070625
v 25.83603859 5.55463791 8.00000000
v 25.81202126 5.76854372 8.00000000
v 25.82462883 5.75162792 14.82049370
v 25.82799911 5.88944626 14.60971451
v 21.60329247 4.48082638 15.01064014
v 21.79995537 4.43626547 15.16154194
v 22.03243446 4.43652296 15.25842667
v 22.27797318 4.48157358 15.29181004
v 21.05542183 6.34993792 16.08006287
v 21.42223930 5.38263798 15.64048195
v 21.27726364 5.46162033 15.45027924
v 21.62056160 5.34634590 15.79142761
v 21.20351982 6.27712488 16.27032089
v 21.40315247 6.24916172 16.42131042
v 21.63477898 6.26878548 16.51825142
v 20.79646873 7.22923326 16.70984459
v 20.94742966 7.16271210 16.90015793
v 21.14802361 7.14312410 17.05119133
v 21.37861824 7.17238712 17.14816093
v 21.61664009 7.24763632 17.18157578
v 21.85281563 5.35629559 15.88834000
v 22.09626770 5.41151381 15.92173386
v 21.87572479 6.33407593 16.55165482
v 20.50077629 8.09795570 17.33962440
v 20.65432930 8.03783798 17.52999306
v 20.85553551 8.02665710 17.68107224
v 21.08469772 8.06550694 17.77806854
v 20.52611542 8.89819717 18.31094933
v 20.75344658 8.94656563 18.40797424
v 21.31938362 8.15058422 17.81149292
v 20.98439217 9.04132462 18.44140625
v 20.61216545 9.91827965 19.07131958
v 25.39786720 5.35120058 15.25842667
v 25.59849548 5.46865511 15.16154194
v 24.91275024 7.45944786 16.51825142
v 25.37297630 6.53551102 15.79142761
v 25.51419449 6.67940617 15.64048195
v 25.58489609 6.96521997 15.23943901
v 25.58721733 6.82747412 15.45027924
v 25.17738342 6.40987349 15.88834000
v 25.10297585 7.59305286 16.42131042
v 24.25261879 9.52394772 17.77806854
v 24.97828484 8.94785690 16.70984459
v 25.29696465 8.03094482 15.86916065
v 25.23812485 7.74261951 16.27032089
v 25.30496788 7.89350700 16.08006287
v 24.60434532 8.49808121 17.14816093
v 24.78887749 8.63942528 17.05119133
v 24.91772842 8.79440689 16.90015793
v 24.96462250 9.08475399 16.49888229
v 24.43114471 9.67278767 17.68107224
v 24.55348206 9.83292103 17.52999306
v 24.58836174 10.12479401 17.12859917
v 24.60765457 9.98867130 17.33962440
v 25.74554634 5.60663271 15.01064014
v 22.77079964 12.30511761 10.39704132
v 23.00882149 12.38036728 10.43045425
v 22.26395035 13.24874306 11.02498531
v 22.49863815 13.33382130 11.05840874
v 22.72780037 13.37267113 11.15540695
v 21.13373184 15.07172585 12.28088093
v 21.71797562 14.17148781 11.65293217
v 21.36053658 15.17600346 12.31432343
v 21.58564377 15.23380470 12.41137791
v 22.92900658 13.36149025 11.30648422
v 21.94892120 14.26624680 11.68636513
v 22.17625237 14.31461525 11.78339100
v 22.37771797 14.31185818 11.93451214
v 21.78701401 15.23947334 12.56254292
v 21.94493866 15.19245243 12.75302124
v 22.53359413 14.25824451 12.12493610
v 23.66401672 10.36187363 9.14115906
v 23.90746880 10.41709232 9.17455292
v 24.13972473 10.42704201 9.27146530
v 23.23773003 11.34226608 9.76909924
v 23.47867393 11.40755653 9.80250263
v 24.33804512 10.39074993 9.42241096
v 23.71030045 11.42718029 9.89944363
v 23.90993309 11.39921665 10.05043316
v 24.05803299 11.32640362 10.24069118
v 23.23941612 12.40962982 10.52742386
v 23.44001198 12.39004230 10.67845726
v 23.59097099 12.32352066 10.86877060
v 24.48302269 10.31176758 9.61261368
v 23.08255959 13.30137253 11.49685287
v 20.51214790 15.94787121 12.90883255
v 20.73442268 16.06148529 12.94228458
v 20.95691109 16.12862015 13.03936672
v 21.15783691 16.14270020 13.19057465
v 21.31752968 16.10235023 13.38110924
v 20.65237427 16.98632812 14.00919819
v 22.94319153 12.50698185 19.66777802
v 21.26740837 15.31152725 21.55746841
v 22.42422676 13.46393967 20.29767799
v 22.57579231 13.64009476 20.20056725
v 22.67013168 13.81801701 20.04931450
v 22.69801140 13.98028755 19.85872650
v 22.07092857 15.05527878 20.27716637
v 22.11757088 14.92644787 20.48849678
v 22.65670013 14.11102390 19.64745712
v 21.86533356 14.39934349 20.92757416
v 22.00948334 14.58160210 20.83043671
v 22.09639931 14.76323032 20.67914009
v 23.85810280 10.53523922 18.40797424
v 24.14593315 10.85633087 18.15982819
v 24.03031731 10.69132137 18.31094933
v 24.16875267 11.14923382 17.75831604
v 24.19363594 11.01411724 17.96940422
v 23.70644569 12.15626812 18.38803291
v 23.73686790 12.02238560 18.59918022
v 23.42140007 11.53017044 19.03787804
v 23.58700943 11.69322681 18.94082451
v 23.69571114 11.86283302 18.78965950
v 23.10191345 12.67673302 19.57069588
v 23.20351982 12.85064507 19.41948700
v 23.23806381 13.01169395 19.22895432
v 23.20216370 13.14411449 19.01774597
v 20.63141441 16.19886017 22.18736076
v 20.76001167 16.39237976 22.09016800
v 20.83165359 16.58048630 21.93878555
v 21.40389824 15.49957752 21.46030235
v 21.44578934 15.97519684 20.90687561
v 21.48324203 15.68460178 21.30896378
v 21.49767685 15.84848881 21.11826515
v 20.78229332 16.86913872 21.53658104
v 20.83933258 16.74476624 21.74803162
v 38.33600998 3.33810091 0.00000000
v 38.33600998 3.33810091 0.60000002
v 38.31461334 3.77365994 0.00000000
v 38.31461334 3.77365994 0.60000002
v 39.00000000 0.00000000 0.00000000
v 39.00000000 0.00000000 0.60000002
v 41.00000000 0.00000000 0.00000000
v 41.00000000 0.00000000 0.60000002
v 39.00000000 0.00000000 6.00000000
v 40.80257416 4.01870298 0.00000000
v 40.80257416 4.01870298 0.60000002
v 37.00000000 0.00000000 8.00000000
v 37.76023483 7.51097727 0.00000000
v 37.76023483 7.51097727 0.60000002
v 40.21219635 7.99870300 0.00000000
v 40.21219635 7.99870300 0.60000002
v 35.56936264 14.73331261 0.00000000
v 35.47886658 14.92465401 0.00000000
v 35.34426880 15.20923328 0.00000000
v 34.18354416 14.15928745 8.00000000
v 34.14041138 17.75457001 0.00000000
v 34.14041138 17.75457001 0.60000002
v 33.95396805 18.14877510 0.00000000
v 33.95396805 18.14877510 0.60000002
v 36.84220123 11.17596054 0.00000000
v 36.84220123 11.17596054 0.60000002
v 36.69529724 11.58653164 0.00000000
v 36.69529724 11.58653164 0.60000002
v 36.03130341 14.37642765 0.00000000
v 36.03130341 14.92465401 0.00000000
v 36.03130341 14.92465401 0.60000002
v 36.03130341 14.92465401 6.00000000
v 39.23455429 11.90167141 0.00000000
v 39.23455429 11.90167141 0.60000002
v 37.87906265 15.69002056 0.00000000
v 37.87906265 15.69002056 0.60000002
v 36.15877151 19.32726669 0.00000000
v 36.15877151 19.32726669 0.60000002
v 23.03384209 0.29025200 35.57857132
v 23.02703667 1.24371207 36.20677948
v 22.98073578 2.19711161 36.83499146
v 23.02042198 2.32490540 36.62162018
v 22.92928696 3.27805114 37.24977493
v 23.03901291 3.39773202 37.05723953
v 23.08400726 0.41450080 35.36531448
v 23.20777321 0.51987582 35.17293167
v 23.62163353 0.63560230 34.92223358
v 23.39302826 0.59606218 35.02025604
v 23.19127846 1.48017883 35.80103302
v 23.37320709 1.56392145 35.64831543
v 23.07199669 1.36984217 35.99346542
v 23.59997368 1.61287272 35.55026627
v 23.31331825 2.53116775 36.27637863
v 23.13502121 2.44001341 36.42913437
v 23.53785706 2.58944559 36.17830276
v 23.21337509 3.49614096 36.90444565
v 23.43530464 3.56364512 36.80634308
v 23.05971909 1.66542947 44.41843796
v 22.89493561 3.14881372 37.46320343
v 22.76969528 4.09718084 38.09141541
v 22.90333366 4.35168743 37.68534851
v 22.79866219 4.22763968 37.87793350
v 22.60514641 5.04057741 38.71963120
v 23.20726013 0.59800065 43.98131943
v 23.39214897 0.52125150 44.13415527
v 23.62056160 0.48085821 44.23228455
v 23.08399391 0.70359308 43.78873444
v 23.87014198 0.48077485 44.26609421
v 23.18725204 1.56512773 44.61107254
v 23.37515831 1.49618471 44.76395035
v 23.07346535 4.45718193 37.53251266
v 23.29240608 4.53379631 37.43438339
v 22.41955948 6.10960054 39.13425064
v 22.89374352 5.41263342 38.16057968
v 22.62868309 5.17203331 38.50609207
v 22.72812653 5.30023527 38.31345749
v 22.51361084 6.24173641 38.94156647
v 22.67442894 6.36084604 38.78865051
v 22.40148354 5.97737265 39.34784698
v 22.88627434 6.45526981 38.69047165
v 22.17156410 7.03871727 39.76241302
v 22.15897369 6.90594435 39.97606277
v 22.26006699 7.17456055 39.56967926
v 22.41581726 7.30017710 39.41672134
v 22.62356949 7.40327072 39.31851959
v 21.56038857 8.86516380 41.01874161
v 21.63736725 9.00771809 40.82590866
v 22.11826515 8.22899723 40.04479599
v 21.87794495 7.82468033 40.60428238
v 21.88503838 7.95777130 40.39057922
v 21.96784592 8.09708977 40.19779205
v 22.32156944 8.34058380 39.94656754
v 21.98071098 9.26557827 40.57461929
v 21.78219986 9.14569187 40.67287064
v 21.55879974 8.73198223 41.23250198
v 21.26911354 9.90485859 41.45402527
v 21.19809151 9.75931072 41.64691162
v 21.20200157 9.62626553 41.86072540
v 21.40811729 10.04866219 41.30094910
v 21.60149574 10.17664433 41.20267105
v 23.10931969 5.49822617 38.06242752
v 25.45721817 9.15155220 39.91271973
v 25.08000374 10.20597744 40.54076004
v 26.85035133 0.37996209 34.88845444
v 26.83651924 1.49144495 35.51647949
v 27.09647942 0.33856431 34.92223358
v 27.31505775 0.26079768 35.02025604
v 27.48469353 0.15427455 35.17293167
v 27.58877945 0.02942215 35.36531448
v 27.58886909 1.17206466 35.99346542
v 27.08415413 1.46031308 35.55026627
v 27.30577278 1.39172864 35.64831543
v 27.47968674 1.29240501 35.80103302
v 27.24964333 2.52234316 36.27637863
v 27.54161072 2.31476974 36.62162018
v 27.42752838 2.43039036 36.42913437
v 26.77665329 2.60243940 36.14450836
v 26.67077065 3.71103811 36.77254105
v 27.02536583 2.58162737 36.17830276
v 26.92013359 3.70058131 36.80634308
v 27.14667511 3.65069985 36.90444565
v 27.44700050 3.45557451 37.24977493
v 27.32822037 3.56627631 37.05723953
v 27.09670448 0.76231265 44.23228455
v 27.31564331 0.83892697 44.13415527
v 27.48577499 0.94442135 43.98131943
v 27.62027740 0.04937565 42.94560242
v 27.59044838 1.06846929 43.78873444
v 27.61941338 1.19892812 43.57525253
v 27.28208733 1.97642922 44.76395035
v 27.44770241 2.08882761 44.61107254
v 27.54714584 2.21702957 44.41843796
v 27.57068443 2.34848571 44.20489883
v 26.51896858 4.81533384 37.40056992
v 26.76854706 4.81525040 37.43438339
v 26.99696159 4.77485752 37.53251266
v 27.18184853 4.69810820 37.68534851
v 27.30511475 4.59251595 37.87793350
v 26.32141876 5.91342402 38.02860641
v 26.57078362 5.92371368 38.06242752
v 26.80067253 5.89287806 38.16057968
v 26.07837486 7.00341177 38.65664291
v 26.32709694 7.02405739 38.69047165
v 26.55805969 7.00283194 38.78865051
v 26.88022614 6.84697342 39.13425064
v 26.74865532 6.94181299 38.94156647
v 27.11610985 5.72363329 38.50609207
v 26.98857880 5.82393503 38.31345749
v 25.79017258 8.08341217 39.28467941
v 26.03782082 8.11437702 39.31851959
v 26.26945496 8.10279751 39.41672134
v 26.46240616 8.04980755 39.56967926
v 26.59778214 7.96059275 39.76241302
v 25.70336342 9.19278336 39.94656754
v 25.93527031 9.19086933 40.04479599
v 26.13023758 9.14599705 40.19779205
v 25.75263786 10.22847939 40.82590866
v 25.89489937 10.15096092 41.01874161
v 26.26918030 9.06256008 40.39057922
v 22.99534416 2.62645340 45.04813766
v 22.89089203 3.58499169 45.67783737
v 23.02626991 3.49577713 45.87057495
v 22.88540459 4.45593500 46.50032043
v 22.74646187 4.53937244 46.30753708
v 23.60504532 1.46534896 44.86210251
v 23.12691498 2.53161407 45.24082565
v 23.31751060 2.47059512 45.39374161
v 23.54847336 2.44936967 45.49191666
v 23.85441208 1.47563899 44.89592361
v 23.79719543 2.47001529 45.52574921
v 23.21921921 3.44278669 46.02352905
v 23.45085526 3.43120718 46.12173462
v 23.69850349 3.46217251 46.15557098
v 23.08037186 4.41106272 46.65331650
v 23.31227875 4.40914869 46.75154495
v 23.55842400 4.45037985 46.78539276
v 22.70447922 5.41040850 47.13006592
v 22.56221771 5.48792744 46.93723297
v 22.90112305 5.37373066 47.28310394
v 22.48372459 6.35752583 47.75981140
v 22.68169975 6.32910395 47.91288757
v 22.91293716 6.34651089 48.01116562
v 22.33839607 6.42899418 47.56692505
v 22.07530022 7.36092091 48.19662094
v 22.22344017 7.29562378 48.38955307
v 22.42239952 7.27550459 48.54266739
v 22.65270042 7.30253363 48.64097214
v 22.89179993 7.37406445 48.67484665
v 21.77330399 8.28206730 48.82630920
v 21.05445099 10.08554077 50.08568573
v 21.43285179 9.19080925 49.45600128
v 21.58582306 9.13817310 49.64903259
v 21.20943642 10.03937244 50.27877045
v 21.40925980 10.04429913 50.43200302
v 21.63435745 10.09984016 50.53038406
v 21.92399406 8.22305107 49.01929474
v 22.12358856 8.21126842 49.17244720
v 22.35255241 8.24787140 49.27077866
v 22.58847237 8.32927799 49.30466080
v 21.78570747 9.13474369 49.80222702
v 22.01293564 9.18085670 49.90058136
v 22.24526787 9.27199745 49.93447495
v 21.86269951 10.20055866 50.56428528
v 23.13289642 5.38148451 47.38135910
v 23.37711334 5.43291044 47.41521454
v 23.15480614 6.40804243 48.04503250
v 25.54695320 9.64736748 49.27077866
v 27.06651115 1.89083648 44.86210251
v 26.86510468 4.14231396 46.12173462
v 26.98929596 3.01815701 45.49191666
v 27.20113945 3.11258101 45.39374161
v 27.36195946 3.23169065 45.24082565
v 27.47408676 3.49605417 44.83454514
v 27.45600891 3.36382651 45.04813766
v 27.07285690 4.24540710 46.02352905
v 27.22860718 4.37102365 45.87057495
v 27.32970238 4.63963985 45.46418762
v 27.31711006 4.50686693 45.67783737
v 26.89737701 5.37293482 46.65331650
v 26.69407272 5.26134872 46.75154495
v 26.47640610 6.37330961 47.38135910
v 26.21240234 7.47625113 48.01116562
v 26.81974983 6.63116980 47.13006592
v 26.67491722 6.49319601 47.28310394
v 26.89672852 6.77372456 46.93723297
v 26.89831734 6.90690613 46.72347260
v 26.40577888 7.60423326 47.91288757
v 27.04779625 5.50484276 46.50032043
v 27.13060379 5.64416075 46.30753708
v 27.13769722 5.77725172 46.09383011
v 26.09034729 8.70410061 48.54266739
v 26.22328568 8.85348701 48.38955307
v 26.61580467 7.89358425 47.56692505
v 26.61189651 8.02662945 47.35311127
v 26.54478264 7.74803638 47.75981140
v 26.27884293 9.13446140 47.98274994
v 26.28823662 9.00177956 48.19662094
v 25.90243149 8.56824303 48.64097214
v 25.72908401 9.79086876 49.17244720
v 25.89965248 10.22846031 48.61238480
v 25.91450882 10.09636688 48.82630920
v 25.85573578 9.94558334 49.01929474
v 20.80808067 10.50596905 42.48894882
v 20.79868698 10.63865089 42.27507782
v 20.86363792 10.78694344 42.08214569
v 20.99657631 10.93632984 41.92903137
v 21.18449211 11.07218838 41.83072281
v 20.54820442 11.80714130 42.55710983
v 20.73033524 11.95064259 42.45878220
v 22.55241394 15.20903111 43.68099976
v 22.78075600 15.30974960 43.71490097
v 23.00585556 15.36529064 43.81328201
v 25.32422066 10.25740337 40.57461929
v 25.55599594 10.26515770 40.67287064
v 24.19512367 12.26636600 41.79685211
v 24.65909195 11.24485302 41.16880417
v 24.90095901 11.30638504 41.20267105
v 25.13219833 11.32379150 41.30094910
v 25.33017159 11.29537010 41.45402527
v 25.47550011 11.22390175 41.64691162
v 24.43422318 12.33789730 41.83072281
v 24.66452408 12.36492634 41.92903137
v 24.86348343 12.34480762 42.08214569
v 25.01162338 12.27951050 42.27507782
v 23.68881416 13.26873207 42.42490005
v 23.92473412 13.35013866 42.45878220
v 24.15369797 13.38674164 42.55710983
v 23.14095688 14.25019455 43.05294800
v 23.37328911 14.34133625 43.08683777
v 23.60051727 14.38744831 43.18519592
v 23.20567703 15.37021828 43.96651077
v 23.36066246 15.32404900 44.15959549
v 23.80040169 14.38401890 43.33838654
v 23.95337296 14.33138275 43.53142166
v 24.35329437 13.37495804 42.71026611
v 24.50398254 13.31594276 42.90324783
v 21.92411995 16.14355278 44.30905151
v 22.14807701 16.25367355 44.34296036
v 22.37065506 16.31854630 44.44136810
v 22.57006645 16.33181953 44.59463882
v 22.72679329 16.29219437 44.78776932
v 20.63868141 10.96467495 50.71537399
v 20.79540634 10.92505074 50.90850449
v 20.99481773 10.93832397 51.06177902
v 21.21739578 11.00319576 51.16018295
v 21.44135475 11.11331654 51.19409180
v 20.54302788 11.81522942 51.69155121
v 20.76269913 11.88931847 51.78998184
v 20.98188400 12.00865173 51.82389832
v 24.21319771 12.78868008 51.16018295
v 25.14649773 10.71172714 49.90058136
v 25.32253456 10.86262608 49.80222702
v 25.49518585 11.17542267 49.45600128
v 25.47490120 11.30670261 49.24201965
v 25.44268417 11.02240467 49.64903259
v 24.98477173 12.08205509 50.27877045
v 25.00524330 12.36729050 49.87165451
v 25.03091621 12.23704720 50.08568573
v 24.70168304 11.75944805 50.53038406
v 24.87132454 11.91748619 50.43200302
v 23.68181419 13.79760170 51.78998184
v 23.83781052 13.96909428 51.69155121
v 23.34938240 15.13943672 52.16797256
v 23.37606049 15.29875851 51.97474289
v 23.97051239 14.30054092 51.34505844
v 23.93422699 14.42805290 51.13091660
v 23.93728828 14.14239502 51.53823853
v 24.37615585 12.95358562 51.06177902
v 24.48270798 13.12266541 50.90850449
v 24.49141502 13.40835476 50.50128555
v 24.52242279 13.27936840 50.71537399
v 23.10837364 14.78442574 52.41977692
v 23.25714302 14.96220970 52.32131958
v 20.55236435 17.93310165 45.56516647
v 21.25707817 17.05211258 44.93710709
v 21.47626495 17.17144585 44.97102356
v 21.69593620 17.24553680 45.06945801
v 21.89458847 17.26712990 45.22276688
v 22.05277824 17.23411369 45.41594696
v 20.76639938 18.06144142 45.59909058
v 20.98278236 18.14461899 45.69754791
v 20.58872795 19.03264809 46.67230606
v 21.18033028 18.17449188 45.85089493
v 21.33970451 18.14813805 46.04412842
v 23.33456802 15.42457867 51.76054382
v 21.14529037 17.59496498 54.30915451
v 21.27090836 17.78976059 54.21062088
v 22.49379921 15.74739742 53.04957199
v 22.63508797 15.93116951 52.95108795
v 22.74002647 16.27224541 52.60442352
v 22.71993256 16.11202049 52.79770279
v 22.69340324 16.39616394 52.39017105
v 21.83908463 16.68480110 53.67936325
v 21.97265053 16.87424850 53.58085632
v 22.04995728 17.05841446 53.42742920
v 22.06343842 17.21927261 53.23410034
v 22.01177216 17.34107780 53.01979446
v 21.29078293 18.25763702 53.64942169
v 21.34054947 17.97692871 54.05715561
v 21.34739876 18.13814735 53.86378098
v 20.53100777 18.67606926 54.84038544
v 20.59286880 18.86591911 54.68688202
v 20.59307861 19.02722549 54.49345779
v 20.53161812 19.14419746 54.27904129
v 24.74725533 29.46804810 0.00000000
v 24.74725533 29.46804810 0.60000002
v 24.42414093 29.76090240 0.00000000
v 24.42414093 29.76090240 0.60000002
v 29.46804810 24.74725533 0.00000000
v 29.46804810 24.74725533 0.60000002
v 29.76090240 24.42414093 0.00000000
v 29.76090240 24.42414093 0.60000002
v 26.62443542 27.76667404 0.00000000
v 27.57716370 27.57716370 0.00000000
v 27.57716370 27.57716370 0.60000002
v 27.57716370 27.57716370 6.00000000
v 28.99137878 28.99137878 0.00000000
v 28.99137878 28.99137878 0.60000002
v 26.16295052 26.16295052 8.00000000
v 21.38945389 32.01158142 0.00000000
v 21.38945389 32.01158142 0.60000002
v 22.77837944 34.09025574 0.00000000
v 22.77837944 34.09025574 0.60000002
v 26.01012421 31.69342804 0.00000000
v 26.01012421 31.69342804 0.60000002
v 32.01158142 21.38945389 0.00000000
v 32.01158142 21.38945389 0.60000002
v 34.09025574 22.77837944 0.00000000
v 34.09025574 22.77837944 0.60000002
v 31.69342804 26.01012421 0.00000000
v 31.69342804 26.01012421 0.60000002
v 14.62380886 20.31522560 81.02881622
v 14.63084793 20.15698242 81.22462463
v 14.69623756 20.04724503 81.44168854
v 14.83866882 19.99608612 89.12327576
v 14.99335861 20.02941513 89.31922150
v 15.16510391 20.12818718 89.47472382
v 15.33709526 20.28273392 89.57456207
v 20.25013542 14.06814766 76.41522217
v 19.78191185 15.35605431 76.47614288
v 20.26838493 14.34624004 76.00308990
v 20.22375298 14.19380760 76.19855499
v 20.37965775 14.51052380 75.84796906
v 19.63921165 15.03325939 76.82680511
v 19.67074013 14.90887642 77.04352570
v 19.67752075 15.18734646 76.63130188
v 20.39196014 13.93709373 84.08649445
v 19.81470871 14.78823280 84.71609497
v 19.97280502 14.77542210 84.91173553
v 20.16592407 14.82050991 85.06699371
v 20.37516022 14.91908360 85.16667175
v 17.78218079 17.73906517 78.36067963
v 17.92055130 17.92440224 78.26099396
v 17.72698593 17.28206635 78.92844391
v 17.68041611 17.40136909 78.71157837
v 17.69943428 17.55883980 78.51593781
v 16.27042770 18.72603226 80.18506622
v 16.21424484 18.84093857 79.96810150
v 16.22024536 18.99933243 79.77237701
v 16.28784561 19.18570900 79.61704254
v 15.49589729 19.86244965 80.24523163
v 15.61026096 20.06345749 80.14547729
v 16.41042519 19.38182640 79.51731873
v 15.43656731 19.51501656 80.59635925
v 15.49740982 19.40260124 80.81337738
v 15.43604660 19.67346954 80.40058899
v 16.96260071 18.13596535 79.33983612
v 16.97512054 18.29403114 79.14415741
v 17.05035591 18.47748947 78.98886108
v 17.01402473 18.01876259 79.55675507
v 17.18094254 18.66837883 78.88916016
v 18.36652184 16.63846970 78.08332062
v 18.40815163 16.51726723 78.30014038
v 19.01980400 15.84862995 77.45506287
v 19.05172729 16.00411034 77.25951385
v 19.05641747 15.72573376 77.67182922
v 19.14906502 16.17695427 77.10432434
v 18.39201164 16.79507828 77.88772583
v 18.48212814 16.97176170 77.73249817
v 18.62804985 17.15122795 77.63284302
v 19.94217300 15.52286816 76.37653351
v 19.30228424 16.35024261 77.00468445
v 20.41675758 19.98810959 78.22664642
v 17.87374878 17.19217873 86.60489655
v 16.41612816 18.65593529 87.86408997
v 16.57316971 18.67622375 88.05994415
v 15.64174271 19.34209442 88.49368286
v 15.79774380 19.36892891 88.68958282
v 15.97349072 19.46045113 88.84504700
v 15.49249554 20.47792816 89.60896301
v 16.15177917 19.60770416 88.94486237
v 16.31515694 19.79627228 88.97926331
v 17.16053963 17.93886185 87.23448944
v 17.31834602 17.95256424 87.43030548
v 17.50116920 18.02911568 87.58570099
v 17.69111443 18.16102409 87.68547821
v 17.86958885 18.33537483 87.71985626
v 16.75261116 18.76033592 88.21537781
v 16.93688774 18.90003777 88.31517029
v 17.10795975 19.08165359 88.34955597
v 19.20191765 15.61544323 85.34569550
v 19.36035919 15.60926247 85.54138184
v 19.55139732 15.66237259 85.69667053
v 19.75633621 15.76957512 85.79637909
v 19.95511246 15.92037582 85.83073425
v 18.55457878 16.41724014 85.97529602
v 18.71308517 16.41769600 86.17102051
v 18.90171432 16.47873306 86.32635498
v 19.10199928 16.59437752 86.42607880
v 18.03204346 17.19926643 86.80066681
v 18.21792984 17.26812363 86.95603180
v 18.41321564 17.39200592 87.05577850
v 18.59878159 17.55879211 87.09014893
v 19.29433632 16.75330734 86.46044159
v 0.00000000 4.00000000 101.50000000
v 0.52210474 3.96577954 101.98788452
v 1.03527617 3.86370325 102.39897919
v 1.53073370 3.69551802 102.72624969
v 2.43504572 3.17341328 103.10845947
v 2.00000000 3.46410155 102.96410370
v 3.17341328 2.43504572 103.10845947
v 3.69551802 1.53073370 102.72624969
v 3.46410155 2.00000000 102.96410370
v 4.00000000 0.00000000 101.50000000
v 3.96577954 0.52210474 101.98788452
v 3.86370325 1.03527617 102.39897919
v 2.82842708 2.82842708 103.15685272
v 3.65256858 4.76011992 104.00000000
v 4.76011992 3.65256858 104.00000000
v 4.24264050 4.24264050 104.00000000
v 0.53507054 5.96492958 104.00000000
v 0.78315717 5.94866896 104.00000000
v 0.78315717 5.94866896 104.23182678
v 1.55291426 5.79555511 104.00000000
v 2.29610062 5.54327726 104.00000000
v 3.00000000 5.19615221 104.00000000
v 5.96492958 0.53507054 104.00000000
v 5.94866896 0.78315717 104.00000000
v 5.94866896 0.78315717 104.23182678
v 5.54327726 2.29610062 104.00000000
v 5.79555511 1.55291426 104.00000000
v 5.19615221 3.00000000 104.00000000
v 3.65256858 4.76011992 105.91268921
v 4.76011992 3.65256858 105.91268921
v 4.24264050 4.24264050 105.98528290
v 0.00000000 0.00000000 119.50000000
v 1.55291426 5.79555511 104.84847260
v 2.29610062 5.54327726 105.33937836
v 3.00000000 5.19615221 105.69615173
v 5.54327726 2.29610062 105.33937836
v 5.79555511 1.55291426 104.84847260
v 5.19615221 3.00000000 105.69615173
v 0.00000000 11.00000000 108.50000000
v 11.00000000 0.00000000 108.50000000
v 0.00847709 24.02243805 67.08664703
v 1.00682330 23.97623062 66.45700836
v 1.11852992 24.09108162 66.65133667
v 1.20678258 24.26957893 66.80555725
v 1.26294255 24.49424553 66.90457153
v 2.00134873 23.88859367 65.82736206
v 2.11780643 23.99870682 66.02164459
v 2.21345520 24.17338371 66.17582703
v 1.28151238 24.74309158 66.93869019
v 2.27893209 24.39552498 66.27481842
v 2.30782795 24.64338493 66.30892944
v 2.99033666 23.75976372 65.19770813
v 3.11134458 23.86494446 65.39194489
v 3.21422458 24.03549576 65.54608917
v 3.28890562 24.25472450 65.64505768
v 3.32807755 24.50117111 65.67916107
v 3.97208357 23.59005356 64.56806183
v 4.09743309 23.69010925 64.76225281
v 4.20736647 23.85623741 64.91635895
v 4.29112244 24.07217216 65.01530457
v 4.34050322 24.31677818 65.04940033
v 4.94490194 23.37983704 63.93841171
v 5.07437611 23.47459221 64.13255310
v 0.11524028 24.14182472 67.28102875
v 0.19594494 24.32382584 67.43527985
v 0.24269113 24.55062866 67.53432465
v 0.25090301 24.80002975 67.56845093
v 1.24704325 27.98172569 66.90457153
v 2.35889316 28.10703087 66.17582703
v 2.40778732 27.88066101 66.27481842
v 0.86162627 28.53621674 66.24159241
v 0.98621148 28.49738503 66.45700836
v 1.09896064 28.38355446 66.65133667
v 1.18883717 28.20587158 66.80555725
v 2.04544044 28.45067978 65.61199188
v 2.16839600 28.40670776 65.82736206
v 2.27640438 28.28829384 66.02164459
v 3.52279520 27.95971680 65.54608917
v 3.44783688 28.14425278 65.39194489
v 3.56229353 27.73151016 65.64505768
v 4.39419985 28.13278770 64.35279846
v 4.70857239 27.53461647 65.01530457
v 4.67853832 27.76427078 64.91635895
v 4.61123943 27.95176506 64.76225281
v 4.51326323 28.07874870 64.56806183
v 3.22364140 28.31609726 64.98239899
v 3.34475541 28.26705170 65.19770813
v 0.08206485 28.03444481 67.53432465
v 0.01464729 28.25598335 67.43527985
v 6.85710096 22.83975410 62.67910385
v 6.99414492 22.92340660 62.87314987
v 5.90712357 23.12956429 63.30875778
v 7.12405109 23.07454300 63.02714920
v 7.23410320 23.27837181 63.12602234
v 7.31352854 23.51493835 63.16009140
v 5.19117308 23.63600349 64.28662109
v 5.28385973 23.84827042 64.38554382
v 5.34336376 24.09061432 64.41963196
v 6.04049778 23.21884918 63.50285339
v 6.16395617 23.37526131 63.65688705
v 6.26541328 23.58348846 63.75578308
v 6.33493805 23.82315254 63.78985977
v 8.71386433 22.14392090 61.41979218
v 8.85752773 22.21586800 61.61374283
v 7.79321289 22.51099014 62.04944611
v 7.93368864 22.58885956 62.24345016
v 8.06981754 22.73445511 62.39740753
v 8.18827343 22.93352890 62.49625778
v 9.61749077 21.73926735 60.79013062
v 9.76409245 21.80515862 60.98403931
v 9.91194725 21.93891716 61.13792038
v 10.04658413 22.12745094 61.23672104
v 10.15482140 22.35230446 61.27076721
v 8.99964333 22.35566902 61.76766586
v 9.12629890 22.54964066 61.86648941
v 9.22509766 22.77879715 61.90054321
v 8.27746296 23.16659164 62.53031540
v 6.70436001 27.62167740 63.09360123
v 6.81870747 27.55791283 63.30875778
v 5.67191029 27.84220314 63.93841171
v 5.76461172 27.71125221 64.13255310
v 5.55510378 27.90115356 63.72320175
v 5.84465170 27.29040527 64.38554382
v 5.82413435 27.52111435 64.28662109
v 6.96858168 26.99938393 63.75578308
v 6.95761681 27.23075485 63.65688705
v 6.90597343 27.42321014 63.50285339
v 8.07843590 26.66213989 63.12602234
v 8.07704353 26.89377594 63.02714920
v 7.84000063 27.29493141 62.46400070
v 7.95169020 27.22645378 62.67910385
v 8.03336906 27.08822441 62.87314987
v 8.96008301 26.92155838 61.83439636
v 10.06269741 26.50229073 61.20479202
v 10.16849327 26.42472839 61.41979218
v 10.23858166 26.28014946 61.61374283
v 9.17231655 26.27933884 62.49625778
v 9.18049908 26.51084518 62.39740753
v 9.06892109 26.84848022 62.04944611
v 9.14487076 26.70695877 62.24345016
v 10.24835587 25.85172653 61.86648941
v 2.18104863 25.26138306 89.19581604
v 2.12816119 25.45203972 89.03997803
v 2.26741695 25.12942505 89.39218903
v 2.37881184 25.06908417 89.60986328
v 3.17580628 25.31753159 88.41177368
v 3.17112517 25.54862595 88.31173706
v 3.41056395 24.92445564 88.98153687
v 3.22079468 25.12483025 88.56757355
v 3.30168676 24.98938560 88.76390076
v 4.22084093 25.37106323 87.68355560
v 4.25297594 24.94554520 87.93933868
v 4.32825089 24.80684090 88.13562012
v 4.43442154 24.73742485 88.35321045
v 4.21596479 25.13996315 87.78356934
v 1.05106044 25.77307320 89.56810760
v 2.11393166 25.68273354 88.93991852
v 1.47990513 28.98337173 89.53362274
v 1.53316700 29.22710800 89.56810760
v 2.67562461 28.87247086 88.90544891
v 2.73896909 29.11378479 88.93991852
v 2.83363628 29.32464027 89.03997803
v 2.95035934 29.48439980 89.19581604
v 3.07771254 29.57742310 89.39218903
v 5.04510069 28.50323868 87.64909363
v 3.86469889 28.71230698 88.27726746
v 3.93801665 28.95078087 88.31173706
v 4.04139090 29.15751648 88.41177368
v 4.16470242 29.31228065 88.56757355
v 4.29588127 29.39992332 88.76390076
v 7.30738831 24.58190918 85.79901123
v 6.35130596 24.31590080 86.87906647
v 5.34536552 24.58218956 87.50734711
v 5.24687004 24.91972733 87.15536499
v 5.27583885 24.72392273 87.31110382
v 5.44864464 24.50840187 87.72488403
v 5.26129580 25.15043640 87.05537415
v 6.28764915 24.46042252 86.68286896
v 6.26677418 24.65728188 86.52716064
v 6.29072523 24.88720703 86.42719269
v 6.45151377 24.23786163 87.09655762
v 7.34437037 24.00851440 86.25078583
v 7.28669500 24.15558243 86.05463409
v 7.44133234 23.92635155 86.46823120
v 7.27395201 24.35316086 85.89896393
v 10.22969151 22.84619904 84.36596680
v 10.19052982 22.99940491 84.16993713
v 8.32288265 23.66063881 85.62251282
v 8.26670361 24.00796700 85.27075958
v 8.27129078 23.81000519 85.42639923
v 8.30956841 24.23514748 85.17083740
v 8.41642857 23.57448769 85.83991241
v 10.20226860 23.19712639 84.01436615
v 9.23977852 23.42436600 84.79817200
v 9.24335575 23.62237549 84.64256287
v 9.28519535 23.27295113 84.99423981
v 9.37516117 23.18295479 85.21158600
v 9.29557705 23.84759903 84.54266357
v 7.37187481 27.94024467 86.39274597
v 7.47428513 28.16774940 86.42719269
v 5.12826490 28.73846054 87.68355560
v 6.21482134 28.24570847 87.02091980
v 6.30768919 28.47727203 87.05537415
v 5.24016762 28.94071770 87.78356934
v 5.36985445 29.09021568 87.93933868
v 5.50463152 29.17231750 88.13562012
v 6.42792654 28.67470169 87.15536499
v 6.56376410 28.81866837 87.31110382
v 6.70190477 28.89508438 87.50734711
v 7.60264921 28.36000443 86.52716064
v 8.51429844 27.58745193 85.76457214
v 8.62607479 27.81050682 85.79901123
v 9.64016056 27.18801880 85.13640594
v 9.76111031 27.40623665 85.17083740
v 9.90504742 27.58715248 85.27075958
v 10.05788231 27.71305466 85.42639923
v 10.20465469 27.77162170 85.62251282
v 8.76234341 27.99725342 85.89896393
v 8.90976524 28.12941551 86.05463409
v 7.74440193 28.49819183 86.68286896
v 7.88566732 28.56878090 86.87906647
v 9.05391026 28.19405174 86.25078583
v 10.50256062 21.29780388 60.16047287
v 10.65184498 21.35752296 60.35432816
v 10.80518341 21.48500443 60.50817490
v 10.94756699 21.66777039 60.60695267
v 11.06505680 21.88793182 60.64098740
v 11.67784023 20.99479294 59.87842941
v 11.82772350 21.17147446 59.97718048
v 11.95426273 21.38656425 60.01120758
v 11.33199787 25.61018181 61.13792038
v 11.30472088 25.38012123 61.23672104
v 12.33961678 24.86542320 60.60695267
v 12.37637997 25.09416962 60.50817490
v 12.36521244 25.29326630 60.35432816
v 12.30720711 25.44322395 60.16047287
v 12.20804214 25.52936554 59.94557953
v 13.35128784 24.30859566 59.97718048
v 13.39747620 24.53563690 59.87842941
v 11.14596367 26.03793144 60.57518387
v 11.31263733 25.80862045 60.98403931
v 11.24853420 25.95601463 60.79013062
v 10.26609993 26.08270645 61.76766586
v 12.95668125 21.69181824 82.12979126
v 13.86823273 20.65879059 82.06999969
v 13.79841137 20.76566505 81.85289001
v 13.78487206 20.92343140 81.65703583
v 13.82894039 21.11664772 81.50160217
v 13.92630196 21.32639694 81.40180969
v 13.04528618 21.90540504 82.02997589
v 14.67581177 20.50648499 80.87341309
v 14.78176498 20.71203995 80.77364349
v 14.95578957 24.52072525 81.99558258
v 15.11916733 24.70929337 82.02997589
v 15.29745579 24.85654640 82.12979126
v 11.15478706 22.38118744 83.73769379
v 11.23712540 22.28394890 83.95494843
v 11.12195301 22.53592873 83.54170990
v 11.14183521 22.73302460 83.38617706
v 11.21248817 22.95318222 83.28631592
v 10.31591892 22.75250244 84.58326721
v 12.13723946 21.77817535 83.32662964
v 12.03248882 22.03480911 82.91348267
v 12.06048298 22.23094368 82.75798035
v 12.05893707 21.87879562 83.10942841
v 12.14017963 22.44800186 82.65814209
v 10.26375866 23.42000771 83.91448975
v 12.94063377 21.33995438 82.48115540
v 13.01476192 21.23612213 82.69831848
v 12.92062092 21.49697685 82.28525543
v 13.94050884 25.14035034 82.62374115
v 14.09590912 25.33554268 82.65814209
v 14.26789951 25.49009132 82.75798035
v 14.43964577 25.58886337 82.91348267
v 14.59433556 25.62219048 83.10942841
v 10.74755955 26.74271202 84.50823975
v 10.87747288 26.95571518 84.54266357
v 11.02882957 27.13048363 84.64256287
v 11.18681240 27.24990654 84.79817200
v 11.33595753 27.30229759 84.99423981
v 11.83462906 26.25237274 83.88007355
v 11.97328281 26.45979309 83.91448975
v 12.13179588 26.62811089 84.01436615
v 12.29465199 26.74084473 84.16993713
v 12.44591045 26.78696442 84.36596680
v 12.89954090 25.71792030 83.25190735
v 13.04669476 25.91940308 83.28631592
v 13.21209049 26.08097458 83.38617706
v 13.37953663 26.18682098 83.54170990
v 13.53264427 26.22658157 83.73769379
v 17.83081055 22.42123032 80.11110687
v 15.94368839 23.86018372 81.36742401
v 16.11476135 24.04180145 81.40180969
v 16.29903793 24.18150330 81.50160217
v 16.47847939 24.26561356 81.65703583
v 16.63552094 24.28590202 81.85289001
v 16.90255928 23.15992928 80.73926544
v 17.08103371 23.33428001 80.77364349
v 17.27097893 23.46618843 80.87341309
v 17.45380211 23.54273987 81.02881622
v 17.61160851 23.55644226 81.22462463
v 18.72690392 21.64542007 79.48295593
v 18.01637650 22.58801460 80.14547729
v 18.21166039 22.71189690 80.24523163
v 18.91924095 21.80434990 79.51731873
v 19.11952591 21.91999435 79.61704254
v 18.39754868 22.78075409 80.40058899
v 18.55584335 22.78784180 80.59635925
v 19.58935928 20.83389473 78.85479736
v 19.78813553 20.98469543 78.88916016
v 19.99307251 21.09189796 78.98886108
v 20.34255409 21.13882828 79.33983612
v 20.18411255 21.14500809 79.14415741
v 19.30815315 21.98103142 79.77237701
v 19.46665955 21.98148727 79.96810150
v 15.47320271 24.94806862 82.28525543
v 15.62920380 24.97490311 82.48115540
v 16.30376244 24.55934334 89.53561401
v 17.29282379 23.17027664 89.57456207
v 17.29576492 23.84010315 88.90607452
v 17.37252045 23.38733482 89.47472382
v 17.40051460 23.58346939 89.31922150
v 17.37406731 23.73948288 89.12327576
v 19.12534714 21.61544037 88.31517029
v 19.18341637 22.28304672 87.64698029
v 18.22566032 22.41159248 88.94486237
v 18.35032654 22.82002068 88.68958282
v 18.33031273 22.97704315 88.49368286
v 18.31426430 22.62517929 88.84504700
v 19.99038315 20.78326416 87.68547821
v 20.09633636 20.98881912 87.58570099
v 20.07591057 21.44805908 87.01743317
v 20.14130020 21.33832169 87.23448944
v 20.14833832 21.18007851 87.43030548
v 19.22270966 21.82519150 88.21537781
v 19.26677704 22.01840591 88.05994415
v 19.25323677 22.17617226 87.86408997
v 18.25618553 23.08087730 88.27652740
v 0.08595522 25.40508842 90.45230103
v 0.01755913 25.59069252 90.29639435
v 0.18281755 25.28076363 90.64875793
v 0.29866457 25.22988510 90.86652374
v 1.22720230 25.22663689 90.02046967
v 1.07481325 25.54317474 89.66818237
v 1.13550758 25.35488510 89.82405853
v 1.34092164 25.17098236 90.23819733
v 3.49616933 24.95779228 96.67829132
v 3.61521769 25.06107140 96.87474060
v 3.71816921 25.22997093 97.03064728
v 4.52661228 24.76611137 96.04871368
v 4.64991951 24.86435127 96.24512482
v 4.75985193 25.02882385 96.40100098
v 4.84564829 25.24343300 96.50107574
v 4.89891005 25.48716927 96.53556061
v 0.36334291 25.27414513 98.56700897
v 0.46841216 25.39140701 98.76358795
v 0.54940516 25.57178307 98.91959381
v 1.41274059 25.21211433 97.93743896
v 1.52266169 25.32491302 98.13397980
v 1.61113095 25.50177193 98.28994751
v 2.45761657 25.10657310 97.30786133
v 2.57220006 25.21470833 97.50436401
v 2.66799307 25.38773918 97.66030121
v 2.73561883 25.60872841 97.76042175
v 3.79494643 25.44795990 97.13074493
v 0.27958214 29.04473114 90.16180420
v 0.32266951 29.29047012 90.19629669
v 0.39944670 29.50845718 90.29639435
v 0.50239825 29.67735863 90.45230103
v 0.62144655 29.78063774 90.64875793
v 1.61896324 29.44171715 89.66818237
v 1.72889555 29.60618973 89.82405853
v 1.85220301 29.70442963 90.02046967
v 2.59134388 29.66679573 97.09004974
v 3.81895137 29.50854492 96.46051788
v 4.10005665 29.14773750 97.03064728
v 3.93479848 29.45766640 96.67829132
v 4.03166056 29.33333969 96.87474060
v 5.03789330 29.29955864 95.83098602
v 0.59839368 25.79761505 99.01976013
v 0.61058253 26.04680061 99.05427551
v 1.66948831 25.72537613 98.39009094
v 1.69202137 25.97384071 98.42459869
v 0.50295275 29.28382683 99.01976013
v 0.11859662 29.82975388 98.34909821
v 0.23961367 29.79365349 98.56700897
v 0.44168162 29.50664139 98.91959381
v 0.35094118 29.68231583 98.76358795
v 1.71881056 29.21254539 98.39009094
v 1.66680062 29.43771172 98.28994751
v 1.35718310 29.77395630 97.71957397
v 1.47668183 29.73286247 97.93743896
v 1.58336878 29.61700058 98.13397980
v 2.76845717 25.85604286 97.79492188
v 3.83803391 25.69369698 97.16523743
v 2.92961955 29.09084702 97.76042175
v 2.88696027 29.31797981 97.66030121
v 2.70911837 29.62077522 97.30786133
v 2.81098080 29.50057983 97.50436401
v 4.13329172 28.91902542 97.13074493
v 5.54717541 24.53195000 95.41913605
v 5.67452908 24.62497330 95.61550140
v 5.79125166 24.78473282 95.77134705
v 5.88591909 24.99558830 95.87139893
v 5.94926357 25.23690033 95.90587616
v 6.55611086 24.25579453 94.78955841
v 6.68728924 24.34343529 94.98588562
v 7.55169249 23.93820953 94.15997314
v 7.68646908 24.02031136 94.35626221
v 6.81060123 24.49819946 95.14168549
v 6.91397524 24.70493698 95.24172211
v 6.98729324 24.94341087 95.27619171
v 9.49603081 23.18134117 92.90081024
v 9.63729572 23.25193024 93.09700775
v 9.77904892 23.39011765 93.25271606
v 9.90741253 23.58237267 93.35268402
v 7.81615639 24.16980743 94.51203156
v 8.53222179 23.57982445 93.53039551
v 8.67036343 23.65623856 93.72663116
v 8.80620098 23.80020714 93.88237000
v 8.92643833 23.99763489 93.98236084
v 7.92805910 24.37206650 94.61204529
v 8.01122379 24.60728836 94.64650726
v 9.01930618 24.22919846 94.01681519
v 10.00982285 23.80987740 93.38713074
v 7.68086672 28.10709190 95.24172211
v 6.24607611 29.04028702 95.20145416
v 5.32775497 28.69746780 96.50107574
v 5.15161276 29.24390411 96.04871368
v 5.24330759 29.11565590 96.24512482
v 5.30400181 28.92736626 96.40100098
v 6.35747099 28.97994614 95.41913605
v 7.67618561 28.33818626 95.14168549
v 7.44142771 28.73126221 94.57192230
v 7.55030537 28.66633224 94.78955841
v 7.63119745 28.53088570 94.98588562
v 6.51095629 28.42663765 95.87139893
v 6.49672699 28.65733147 95.77134705
v 6.44383955 28.84799004 95.61550140
v 9.78548241 27.96650505 93.31285858
v 8.83548260 27.73946190 94.61204529
v 8.80334759 28.16497993 94.35626221
v 8.84035873 27.97056198 94.51203156
v 9.97283173 27.32447052 93.98236084
v 9.88876152 27.89271736 93.53039551
v 9.95828819 27.75098610 93.72663116
v 9.98725700 27.55518150 93.88237000
v 8.62190247 28.37310028 93.94239044
v 8.72807312 28.30368614 94.15997314
v 10.44148064 22.74353027 92.27122498
v 10.58562469 22.80816841 92.46737671
v 10.73304653 22.94032860 92.62305450
v 11.36697102 22.26722908 91.64163971
v 11.51374340 22.32579803 91.83775330
v 12.27093697 21.75333977 91.01204681
v 12.42008209 21.80573082 91.20812225
v 12.57806492 21.92515373 91.36372375
v 12.72942066 22.09992218 91.46363068
v 11.66657829 22.45170021 91.99338531
v 11.81051540 22.63261604 92.09331512
v 11.93146515 22.85083389 92.12774658
v 10.86931515 23.12707710 92.72299957
v 10.98109150 23.35013199 92.75743866
v 13.15185452 21.20282364 90.38246155
v 13.30311298 21.24894142 90.57849121
v 14.00824356 20.61671066 89.75286865
v 13.46596909 21.36167717 90.73405457
v 13.62448215 21.52999306 90.83393860
v 13.76313591 21.73741531 90.86835480
v 12.85933495 22.31292534 91.49805450
v 14.16135120 20.65647125 89.94885254
v 14.32879734 20.76231766 90.10439301
v 14.49419308 20.92389107 90.20424652
v 14.64134693 21.12537193 90.23866272
v 14.31131649 25.20803833 91.46363068
v 14.36353874 25.43325996 91.36372375
v 15.33400631 24.56978035 90.83393860
v 15.36807346 25.14358902 90.38246155
v 15.28184605 25.23728561 90.16516113
v 11.09097290 26.86291504 93.35268402
v 11.11492348 27.09284019 93.25271606
v 10.93018436 27.51226044 92.68331909
v 11.03039169 27.43422127 92.90081024
v 11.09404850 27.28969955 93.09700775
v 12.18800259 26.35567474 92.72299957
v 12.22143841 26.58442307 92.62305450
v 12.20869541 26.78200150 92.46737671
v 12.05405807 27.01123238 92.05377960
v 12.15102005 26.92906952 92.27122498
v 13.15519714 26.46436501 91.42424011
v 13.26205730 25.80370522 92.09331512
v 13.30033493 26.22884750 91.83775330
v 13.30492306 26.03088379 91.99338531
v 13.24874306 26.37821388 91.64163971
v 14.23173332 25.87268257 90.79470062
v 14.32169914 25.78268623 91.01204681
v 14.36711597 25.63127136 91.20812225
v 16.32839966 23.89011002 90.20424652
v 16.41893578 24.30736351 89.94885254
v 16.39905357 24.11026764 90.10439301
v 15.39549541 24.79266167 90.73405457
v 15.40723419 24.99038315 90.57849121
v 16.38610077 24.46210480 89.75286865
v 24.46640015 0.90279251 67.20831299
v 24.64965248 0.97988480 67.05369568
v 24.87716103 1.02251983 66.95442200
v 24.29832077 0.67805535 67.61912537
v 24.31634331 1.80674756 68.03137970
v 24.27437973 1.68425453 68.24741364
v 24.34533882 0.79878914 67.40315247
v 24.43298149 1.91560602 67.83650208
v 24.61287689 2.00017428 67.68184662
v 24.83841896 2.05217433 67.58255005
v 24.20874596 2.68963814 68.87569427
v 24.24559212 2.81367922 68.65962219
v 24.13311958 3.81785297 69.28785706
v 24.10144615 3.69247746 69.50398254
v 24.24033737 3.93585134 69.09288025
v 23.97903061 4.81753969 69.91609192
v 24.08126640 4.93980694 69.72107697
v 24.24928284 5.04587936 69.56630707
v 23.95257950 4.69104481 70.13227081
v 24.35761452 2.92720532 68.46469116
v 24.53384590 3.01910377 68.30999756
v 24.75703621 3.08037877 68.21067810
v 24.41260719 4.03492165 68.93815613
v 24.63306427 4.10536671 68.83881378
v 22.94590378 8.60823345 72.64543915
v 23.03187943 8.87420273 72.23386383
v 22.95117569 8.73702240 72.42906189
v 22.81073189 9.96703148 72.70712280
v 23.00709534 10.08941936 72.60764313
v 22.59317207 9.55975914 73.27372742
v 22.59312057 9.68857288 73.05730438
v 22.66808701 9.82890987 72.86206055
v 23.76231575 5.68361616 70.76055908
v 23.88059235 5.93733978 70.34927368
v 23.78350639 5.81101274 70.54433441
v 24.04406929 6.05023146 70.19446564
v 24.25793839 6.13863707 70.09507751
v 23.79723358 7.04624176 70.82263184
v 24.00725555 7.14340782 70.72322083
v 24.46663284 5.12537289 69.46694183
v 23.53089523 6.66847467 71.38884735
v 23.54679489 6.79655457 71.17257690
v 23.63856888 6.92672443 70.97747040
v 23.25862885 7.64391184 72.01714325
v 23.26922035 7.77245617 71.80081940
v 23.35553169 7.90624571 71.60566711
v 23.50911331 8.03218365 71.45079041
v 23.71492958 8.13794327 71.35135651
v 23.18011856 9.00634575 72.07895660
v 23.38138008 9.12051678 71.97949982
v 28.11083984 0.84013242 66.92021179
v 28.75056839 0.63520426 67.20831299
v 28.35789680 0.80511385 66.95442200
v 28.57833099 0.73450041 67.05369568
v 28.07688141 2.00413561 67.54833221
v 27.99470139 3.16677165 68.17645264
v 27.86435509 4.32604218 68.80458069
v 28.11384583 4.32202625 68.83881378
v 28.85774612 0.51694512 67.40315247
v 28.54835510 1.91805124 67.68184662
v 28.72456551 1.82605195 67.83650208
v 28.32517815 1.97941470 67.58255005
v 28.83656120 1.71242237 68.03137970
v 28.24381065 3.15239096 68.21067810
v 28.46933937 3.10038328 68.30999756
v 28.64921570 3.01583934 68.46469116
v 28.76582909 2.90703535 68.65962219
v 28.34133720 4.27946377 68.93815613
v 28.64558601 4.09872961 69.28785706
v 28.52456284 4.20252085 69.09288025
v 27.68598175 5.47995043 69.43270874
v 27.93542099 5.48630619 69.46694183
v 28.16448021 5.45326185 69.56630707
v 27.45980072 6.62650585 70.06083679
v 27.70875931 6.64322233 70.09507751
v 27.93898582 6.61975288 70.19446564
v 28.12794304 6.55839491 70.34927368
v 27.98942184 7.63579845 71.17257690
v 27.18611336 7.76372719 70.68896484
v 27.43416214 7.79077482 70.72322083
v 27.66515732 7.77692032 70.82263184
v 26.86530876 8.88964462 71.31709290
v 26.49785042 10.00230503 71.94522858
v 26.74279404 10.04985809 71.97949982
v 27.11201859 8.92697716 71.35135651
v 27.34337997 8.92276001 71.45079041
v 27.53674507 8.87740707 71.60566711
v 27.85648727 7.72351933 70.97747040
v 27.67318916 8.79535580 71.80081940
v 26.97412109 10.05528545 72.07895660
v 27.16918564 10.01805687 72.23386383
v 27.30889702 9.94181538 72.42906189
v 28.35073471 5.38405228 69.72107697
v 28.47595406 5.28545189 69.91609192
v 28.25713539 6.46515465 70.54433441
v 24.33170509 1.42811298 75.90151978
v 24.27619553 2.44154763 76.53113556
v 24.46599579 0.31049064 75.46686554
v 24.34497261 0.41428208 75.27189636
v 24.64922142 0.23354781 75.62159729
v 24.87671280 0.19098529 75.72093964
v 24.64317894 1.26030290 76.25129700
v 24.87223625 1.22725868 76.35066223
v 25.12620354 0.18696938 75.75517273
v 25.12167740 1.23361456 76.38490295
v 24.45692444 1.32951260 76.09653473
v 24.40538597 2.34830737 76.72620392
v 24.59434319 2.28694963 76.88100433
v 24.82456970 2.26348019 76.98039246
v 25.07353020 2.28019667 77.01464081
v 24.17844963 3.45282483 77.16075897
v 24.31138611 3.36510444 77.35586548
v 24.03855515 4.46018362 77.79038239
v 24.17499924 4.37813282 77.98552704
v 24.50271416 3.31170321 77.51070404
v 24.73370934 3.29784846 77.61011505
v 24.98175812 3.32489657 77.64437103
v 24.36836433 4.33277893 78.14040375
v 24.59972763 4.32856226 78.23983765
v 24.84643555 4.36589527 78.27410126
v 23.06172180 8.41539097 80.30883789
v 22.71489906 9.37696362 80.93845367
v 22.86515617 9.32514954 81.13382721
v 23.85666847 5.46186590 78.41999817
v 23.99637794 5.38562441 78.61519623
v 24.19144249 5.34839535 78.77010345
v 23.77574730 6.38581800 79.24485779
v 23.97217178 6.35677624 79.39979553
v 24.20306206 6.37183809 79.49927521
v 23.63301849 6.45612049 79.04961395
v 23.36791039 7.44120550 79.67922974
v 23.51340866 7.37696123 79.87451172
v 23.71084595 7.35615492 80.02949524
v 23.94089699 7.38082361 80.12899780
v 24.18104362 7.44855261 80.16328430
v 24.42276955 5.35382318 78.86956024
v 24.66771317 5.40137625 78.90383148
v 24.44581604 6.42952871 79.53355408
v 23.20973015 8.35731316 80.50417328
v 23.40783691 8.34477615 80.65918732
v 23.63665199 8.37900829 80.75871277
v 23.87377548 8.45665836 80.79300690
v 23.06358719 9.32090187 81.28887939
v 23.29076767 9.36463737 81.38842773
v 23.52445793 9.45207405 81.42272949
v 28.16061592 3.94521594 77.61011505
v 27.99681473 5.11759615 78.23983765
v 28.75022125 0.57716018 75.46686554
v 28.35749435 0.40764478 75.72093964
v 28.57795143 0.47808975 75.62159729
v 28.88911247 0.82053393 75.05576324
v 28.85744095 0.69515842 75.27189636
v 28.34102631 1.58819211 76.35066223
v 28.55837631 1.66768575 76.25129700
v 28.72639275 1.77375782 76.09653473
v 28.82862854 1.89602542 75.90151978
v 28.85507965 2.02252007 75.68534088
v 28.74982452 3.09568954 76.53113556
v 28.77101517 3.22308612 76.31491089
v 28.27539253 2.76806545 76.98039246
v 28.48925972 2.85647106 76.88100433
v 28.65273857 2.96936274 76.72620392
v 28.52930260 4.16189909 77.35586548
v 28.63697815 4.42014885 76.94448090
v 28.62107658 4.29206896 77.16075897
v 28.37063789 4.04238176 77.51070404
v 27.78418350 6.28316355 78.86956024
v 27.98544502 6.39733505 78.77010345
v 27.52300835 7.43988371 79.49927521
v 28.13368416 6.52947855 78.61519623
v 27.71937180 7.56227160 79.39979553
v 26.85658646 9.71870708 80.75871277
v 27.21365929 8.58573437 80.12899780
v 27.40478706 8.71612835 80.02949524
v 27.54159927 8.85999298 79.87451172
v 27.86201668 7.70039368 79.24485779
v 27.93693161 7.96954393 78.83318329
v 27.93698311 7.84073019 79.04961395
v 27.61070251 9.00324535 79.67922974
v 27.60533524 9.13186455 79.46275330
v 27.04215431 9.85688400 80.65918732
v 27.17290115 10.00624561 80.50417328
v 27.23603058 10.15217018 80.30883789
v 28.20263100 5.22335577 78.14040375
v 28.35621262 5.34929371 77.98552704
v 28.44252396 5.48308325 77.79038239
v 28.45311546 5.61162758 77.57405090
v 28.21438980 6.66665888 78.41999817
v 28.21965981 6.79544783 78.20362091
v 21.76985168 11.41780567 74.53032684
v 21.75918388 11.54601002 74.31379700
v 21.46608925 12.75159264 74.59162903
v 22.19558907 10.62544823 73.68555450
v 22.26469421 10.76870155 73.49026489
v 22.20095634 10.49682999 73.90203094
v 22.40150642 10.91256618 73.33528900
v 22.59263420 11.04296017 73.23578644
v 21.82231331 11.69193459 74.11846924
v 21.95306206 11.84129620 73.96345520
v 22.13862801 11.97947311 73.86392975
v 21.64577866 12.89731598 74.49208069
v 25.12144089 13.24152184 73.82963562
v 25.35856438 13.31917191 73.86392975
v 25.58737755 13.35340405 73.96345520
v 24.57364845 14.28205776 74.45777893
v 24.80733871 14.36949444 74.49208069
v 25.03451920 14.41322899 74.59162903
v 26.08428764 11.09977436 72.57336426
v 26.32704163 11.15746498 72.60764313
v 26.55793190 11.17252731 72.70712280
v 26.75435638 11.14348507 72.86206055
v 26.89708519 11.07318306 73.05730438
v 25.62524796 12.18014145 73.20149994
v 25.86539459 12.24787045 73.23578644
v 26.09544754 12.27253914 73.33528900
v 26.29288483 12.25173378 73.49026489
v 26.43838120 12.18748856 73.68555450
v 25.78548622 13.34086704 74.11846924
v 25.93349266 13.28278923 74.31379700
v 21.28457451 12.44864273 74.94204712
v 21.30051613 12.32107067 75.15862274
v 21.34162712 12.59699059 74.74667358
v 22.32796478 10.32422733 81.56806183
v 22.48020744 10.27876282 81.76348114
v 22.67861366 10.28281021 81.91856384
v 22.90376472 10.33597088 82.01813507
v 20.77249718 13.33176041 75.57029724
v 20.79368019 13.20503712 75.78692627
v 20.82337952 13.48227882 75.37488556
v 20.94134712 13.64185810 75.21979523
v 21.11485100 13.79487801 75.12022400
v 20.54668236 14.67057705 75.74837494
v 23.13361931 10.43304348 82.05244446
v 23.98273659 15.29992676 75.08591461
v 25.23295021 14.40898228 74.74667358
v 25.38320732 14.35716724 74.94204712
v 21.43618965 12.16915512 82.82727814
v 21.59159660 12.13660622 83.02278900
v 21.90150833 11.25550747 82.19766998
v 22.05546761 11.21646881 82.39313507
v 22.25350380 11.22880077 82.54825592
v 22.47623444 11.29129505 82.64785004
v 22.70185661 11.39783478 82.68216705
v 21.78891754 12.15719891 83.17794037
v 22.00884247 12.22891712 83.27755737
v 22.22983932 12.34473991 83.31188202
v 20.93274117 13.06354809 83.45688629
v 21.08931923 13.03754139 83.65243530
v 21.28558159 13.06635571 83.80762482
v 21.50231743 13.14717197 83.90726471
v 21.71830940 13.27207947 83.94159698
v 20.54943657 13.91766930 84.28208923
v 20.74429703 13.95465469 84.43730927
v 20.95746613 14.04442787 84.53697205
v 20.58003235 15.06149387 85.20102692
v 21.16808128 14.17820263 84.57131195
v 24.96304131 14.08242130 83.27755737
v 25.50481415 13.02059746 82.64785004
v 24.37704849 15.12168503 83.90726471
v 24.53026962 15.29497337 83.80762482
v 25.23447418 14.69641304 82.61055756
v 25.26600075 14.57203007 82.82727814
v 25.22769356 14.41794300 83.02278900
v 25.12330055 14.24923515 83.17794037
v 22.67537498 17.26054955 76.34220123
v 22.89637184 17.37637329 76.37653351
v 21.20774269 19.10957336 77.59850311
v 20.62162971 20.13051987 78.26099396
v 20.83086586 20.22909355 78.36067963
v 21.41835785 19.24334717 77.63284302
v 21.63152695 19.33312035 77.73249817
v 21.96102333 18.19984818 76.97035217
v 22.17701530 18.32475471 77.00468445
v 22.39375114 18.40557098 77.10432434
v 22.59001350 18.43438530 77.25951385
v 22.74659157 18.40837860 77.45506287
v 21.82638741 19.37010574 77.88772583
v 21.98386383 19.35068130 78.08332062
v 21.02398300 20.27418137 78.51593781
v 21.18208122 20.26137161 78.71157837
v 23.34963989 16.29334068 75.71405792
v 23.57526207 16.39987946 75.74837494
v 24.21258926 15.39699841 75.12022400
v 23.79799080 16.46237373 75.84796906
v 23.99602890 16.47470665 76.00308990
v 24.14998817 16.43566704 76.19855499
v 23.11629486 17.44809151 76.47614288
v 23.31361771 17.46868324 76.63130188
v 23.46902275 17.43613434 76.82680511
v 24.43774033 15.45016003 75.21979523
v 24.63614845 15.45420647 75.37488556
v 24.78839111 15.40874290 75.57029724
v 21.75081062 19.67269516 85.75833130
v 22.36352921 18.08589172 85.79637909
v 22.49411583 18.27678299 85.69667053
v 22.56935120 18.46023941 85.54138184
v 22.53044510 18.73550797 85.12878418
v 22.58186913 18.61830521 85.34569550
v 21.73339462 19.21301842 86.32635498
v 21.61081505 19.01690102 86.42607880
v 20.99354553 20.30655098 86.80066681
v 20.99302292 20.46500397 86.60489655
v 20.81933022 19.91656303 87.05577850
v 20.93369484 20.11757088 86.95603180
v 21.80099297 19.39939499 86.17102051
v 21.80699539 19.55778885 85.97529602
v 23.89369583 16.31601143 84.43730927
v 23.74777412 16.13654709 84.53697205
v 23.98381233 16.49269676 84.28208923
v 24.00930214 16.64930534 84.08649445
v 23.96767235 16.77050781 83.86967468
v 23.07623863 17.12520218 85.16667175
v 23.29735374 17.49076271 84.91173553
v 23.26980209 17.76753616 84.49922943
v 23.31637383 17.64823341 84.71609497
v 23.21460915 17.31053925 85.06699371
v 24.65952873 15.62329674 83.45688629
v 24.62760544 15.46781731 83.65243530
v 24.62291527 15.74619293 83.24011993
v 26.45232773 10.83681583 81.38842773
v 26.75647926 11.13714027 81.13382721
v 26.79759026 11.41306114 80.72187805
v 26.81353188 11.28548908 80.93845367
v 26.63201714 10.98253822 81.28887939
v 26.00150299 11.93809223 82.01813507
v 26.17500877 12.09111118 81.91856384
v 26.34385872 12.40120888 81.56806183
v 26.29297638 12.25069046 81.76348114
v 26.32267570 12.52793312 81.35144043
v 27.22536278 10.28037453 80.09231567
v 25.80136108 13.62302780 81.98100281
v 25.67183876 13.18065166 82.54825592
v 25.78311157 13.34493542 82.39313507
v 25.82774353 13.49736786 82.19766998
v 25.60526466 0.18184400 98.81658173
v 25.55634117 0.06627996 99.03495026
v 25.60075569 1.24217522 99.44488525
v 25.55667496 1.12476349 99.66329956
v 25.51314545 2.18339276 100.29164886
v 25.55231476 2.30244970 100.07318878
v 25.45993805 3.36084628 100.70149231
v 25.56951523 3.47297001 100.50437927
v 25.42573929 3.24034905 100.91999817
v 25.29452133 4.29381275 101.54835510
v 25.32369614 4.41554308 101.32980347
v 25.42853165 4.53204346 101.13264465
v 25.59876442 4.63190985 100.97618103
v 25.24365997 5.58539820 101.76091766
v 25.40960884 5.69218445 101.60441589
v 25.11963081 5.34196711 102.17670441
v 25.14373970 5.46472168 101.95811462
v 24.90128136 6.38300085 102.80506134
v 24.92028999 6.50656843 102.58641815
v 25.01512909 6.63121414 102.38918304
v 25.17651176 6.74473715 102.23265839
v 25.38864517 6.83602428 102.13215637
v 24.63976669 7.41511011 103.43341827
v 24.65364647 7.53927946 103.21473694
v 24.74324608 7.66768122 103.01745605
v 24.33544731 8.43650532 104.06177521
v 23.99234581 9.57014370 104.47135925
v 24.07103157 9.70539093 104.27400208
v 24.21711540 9.83791161 104.11737823
v 24.89979172 7.78774595 102.86089325
v 24.57983780 8.81940174 103.48913574
v 24.78368759 8.92789364 103.38859558
v 24.34418297 8.56106377 103.84304810
v 24.42839432 8.69300079 103.64572906
v 25.10795975 7.88772106 102.76037598
v 24.41629791 9.95473289 104.01682281
v 25.72793770 0.27971205 98.61959076
v 25.91235542 0.35030416 98.46325684
v 26.14046288 0.38671020 98.36287689
v 25.71925926 1.34497511 99.24784851
v 25.90058517 1.42310035 99.09148407
v 26.12698364 1.46890342 98.99108887
v 25.66645050 2.41000414 99.87611389
v 25.84437752 2.49552774 99.71971893
v 26.06868172 2.55064893 99.61930084
v 25.74374199 3.56574488 100.34794617
v 25.96556664 3.63008904 100.24751282
v 25.81772995 4.70536661 100.87572479
v 29.37010384 0.14313693 98.32829285
v 29.36395073 1.35955882 98.95649719
v 29.61651611 0.10417509 98.36287689
v 29.83575058 0.03140893 98.46325684
v 29.83383560 1.26730299 99.09148407
v 30.00841331 1.17508030 99.24784851
v 30.11841393 1.06322920 99.44488525
v 29.61176872 1.33086991 98.99108887
v 29.55619240 2.55735469 99.61930084
v 29.78070450 2.50309658 99.71971893
v 29.95895958 2.41825771 99.87611389
v 30.07350731 2.31114316 100.07318878
v 29.30739784 2.57572126 99.58470154
v 29.20045280 3.78953505 100.21290588
v 29.44979477 3.78152251 100.24751282
v 29.67636299 3.73666644 100.34794617
v 29.85798264 3.65935779 100.50437927
v 29.97687531 3.55716395 100.70149231
v 29.04321289 4.99891090 100.84111023
v 29.29267120 5.00126648 100.87572479
v 29.52090454 4.96588993 100.97618103
v 29.70557213 4.89624405 101.13264465
v 29.82859421 4.79914665 101.32980347
v 25.62534142 5.77462721 101.50394440
v 27.91629982 9.75048065 103.35395813
v 28.16192436 9.79408646 103.38859558
v 28.83586502 6.20176506 101.46932220
v 29.08500862 6.21448374 101.50394440
v 29.31450844 6.18864727 101.60441589
v 28.57867813 7.39601946 102.09753418
v 28.82707787 7.41907978 102.13215637
v 29.05744553 7.40282679 102.23265839
v 29.24723244 7.34885216 102.38918304
v 29.37785912 7.26243830 102.58641815
v 29.50189972 6.12678385 101.76091766
v 29.62883759 6.03494930 101.95811462
v 28.27200890 8.57960796 102.72573853
v 28.51923370 8.61297035 102.76037598
v 28.75007057 8.60632896 102.86089325
v 28.94192123 8.56033421 103.01745605
v 29.07600594 8.47948933 103.21473694
v 28.39282799 9.79706764 103.48913574
v 28.58640671 9.75913143 103.64572906
v 28.72371292 9.68399239 103.84304810
v 25.60288239 0.07194003 106.75133514
v 25.60281563 1.13768637 107.38088989
v 25.55836105 2.20354295 108.01044464
v 25.60013962 3.18124700 108.83722687
v 25.46951294 3.26766062 108.63999176
v 25.33633614 4.32818937 109.26954651
v 25.47042084 4.24734354 109.46681976
v 25.15897942 5.38328123 109.89909363
v 25.29628563 5.30814171 110.09641266
v 25.48986435 5.27020597 110.25299835
v 25.07794762 6.36178970 110.72599792
v 25.27291679 6.33197641 110.88262177
v 25.50348663 6.34457350 110.98317719
v 24.93766212 6.43109465 110.52864075
v 23.98876381 9.44540882 104.69013214
v 25.72583771 1.04058886 107.57804871
v 25.91050529 0.97094309 107.73451233
v 26.13873863 0.93556643 107.83496094
v 26.38819695 0.93792176 107.86958313
v 25.68529892 2.11170888 108.20764160
v 25.87268829 2.04984546 108.36413574
v 26.10218811 2.02400875 108.46460724
v 26.35133362 2.03672767 108.49922943
v 25.78992653 3.12727189 108.99375916
v 26.02029419 3.11101937 109.09425354
v 26.26869202 3.13407969 109.12888336
v 25.66227150 4.20134926 109.62338257
v 25.89310837 4.19470787 109.72389984
v 26.14033318 4.22806978 109.75853729
v 29.83601570 0.06335911 107.10488129
v 30.01024246 0.15613386 106.94844818
v 29.61367989 1.23146641 107.83496094
v 30.11981964 0.26825759 106.75133514
v 30.15401840 0.38875487 106.53282928
v 29.83264542 1.30492318 107.73451233
v 30.00287819 1.40478945 107.57804871
v 30.10771370 1.52128971 107.38088989
v 30.13688850 1.64301991 107.16233826
v 29.56185722 2.46386528 108.46460724
v 29.77758980 2.54630828 108.36413574
v 29.94353867 2.65309453 108.20764160
v 30.04345894 2.77377105 108.01044464
v 30.06756783 2.89652538 107.79184723
v 29.45872688 3.69407439 109.09425354
v 29.30438232 4.91995716 109.72389984
v 29.67085838 3.78536201 108.99375916
v 29.94608879 4.14709806 108.42135620
v 29.92708015 4.02353048 108.63999176
v 29.83224297 3.89888477 108.83722687
v 29.51255226 5.01993227 109.62338257
v 25.72076797 5.27318668 110.35353851
v 25.96639252 5.31679249 110.38818359
v 25.74708748 6.39834785 111.01782990
v 26.62958336 8.65247631 107.50000000
v 29.45429802 6.37427235 110.09641266
v 29.09900475 6.13937998 110.35353851
v 29.30285645 6.24787140 110.25299835
v 28.84286690 7.35021830 110.98317719
v 29.04204941 7.46704006 110.88262177
v 29.18813324 7.59956074 110.72599792
v 29.77257729 5.39256811 109.05085754
v 29.75869560 5.26839876 109.26954651
v 29.66909790 5.13999701 109.46681976
v 29.54724693 6.63076830 109.68036652
v 29.53850937 6.50620985 109.89909363
v 29.26681900 7.73480797 110.52864075
v 29.27040100 7.85954285 110.30986786
v 27.51207733 10.90660381 103.98217010
v 27.75567818 10.96037769 104.01682281
v 27.98624802 10.97297478 104.11737823
v 28.18121719 10.94316196 104.27400208
v 28.32150269 10.87385654 104.47135925
v 20.93218231 20.57741928 86.38788605
f 1 13 2
f 3 4 29
f 3 28 5
f 4 6 44
f 1 2 4
f 1 4 3
f 2 6 4
f 1 3 20
f 2 21 6
f 3 5 20
f 5 6 20
f 22 23 45
f 7 8 14
f 7 9 8
f 8 10 25
f 8 9 10
f 7 11 9
f 7 24 11
f 9 487 10
f 10 488 12
f 9 11 491
f 10 12 25
f 11 25 12
f 26 494 27
f 18 27 497
f 2 13 14
f 2 14 21
f 1 22 13
f 13 22 15
f 14 16 23
f 14 23 21
f 16 18 23
f 7 14 13
f 13 15 26
f 14 27 16
f 7 13 24
f 8 27 14
f 13 26 24
f 16 27 18
f 15 22 17
f 15 17 26
f 1 20 22
f 20 21 23
f 20 23 22
f 6 21 20
f 18 46 23
f 18 19 38
f 8 25 27
f 24 26 25
f 25 26 27
f 11 24 25
f 18 505 19
f 28 29 31
f 28 31 30
f 28 30 43
f 29 46 31
f 30 34 43
f 31 46 35
f 30 33 32
f 32 33 50
f 32 49 41
f 30 31 33
f 30 32 34
f 31 42 33
f 34 36 47
f 36 37 47
f 31 35 40
f 32 36 34
f 32 37 36
f 31 40 42
f 35 38 40
f 32 39 37
f 32 41 39
f 39 41 40
f 40 41 42
f 3 29 28
f 4 44 29
f 29 44 46
f 5 28 43
f 43 45 44
f 34 45 43
f 34 47 45
f 35 46 38
f 44 45 46
f 5 43 44
f 5 44 6
f 23 46 45
f 18 38 46
f 19 48 38
f 32 50 49
f 33 52 50
f 49 50 54
f 49 54 53
f 50 56 54
f 49 53 51
f 50 52 56
f 33 42 52
f 41 49 51
f 41 51 52
f 39 40 57
f 41 52 42
f 38 58 40
f 38 48 2662
f 51 56 52
f 40 58 57
f 38 2662 58
f 53 54 2659
f 53 2658 55
f 51 53 55
f 54 56 58
f 53 2659 2658
f 54 58 2659
f 55 2660 57
f 55 2658 2660
f 58 2661 2659
f 58 2662 2661
f 51 55 56
f 39 57 2665
f 55 57 56
f 56 57 58
f 37 2680 47
f 37 39 2678
f 48 2669 2662
f 19 1179 48
f 59 60 94
f 59 94 95
f 60 93 94
f 59 95 66
f 66 95 96
f 67 96 92
f 59 62 61
f 62 66 63
f 61 62 232
f 62 63 1191
f 63 1192 1191
f 63 64 1192
f 63 67 64
f 64 68 65
f 63 66 67
f 64 67 68
f 59 61 60
f 59 66 62
f 66 96 67
f 67 92 68
f 71 87 72
f 73 74 89
f 69 71 72
f 70 72 73
f 69 72 70
f 70 73 89
f 73 82 74
f 72 88 73
f 74 83 97
f 69 256 71
f 76 78 86
f 77 87 78
f 75 76 155
f 75 78 76
f 77 78 79
f 77 80 84
f 77 79 80
f 80 81 84
f 75 79 78
f 77 88 87
f 77 84 88
f 82 88 84
f 82 85 83
f 82 84 85
f 81 85 84
f 81 163 85
f 78 87 86
f 71 333 86
f 76 86 337
f 71 86 87
f 72 87 88
f 73 88 82
f 74 82 83
f 89 95 94
f 69 70 93
f 70 89 94
f 89 90 95
f 90 96 95
f 91 92 96
f 90 91 96
f 70 94 93
f 74 97 90
f 74 90 89
f 90 97 91
f 91 97 1147
f 68 92 1138
f 91 1148 92
f 91 1147 1148
f 83 85 164
f 85 163 164
f 83 164 1146
f 164 165 1146
f 165 166 1154
f 83 1146 97
f 97 1146 1147
f 48 3482 2669
f 106 109 111
f 107 111 110
f 107 110 108
f 98 108 113
f 108 110 113
f 98 114 99
f 98 113 114
f 100 101 156
f 100 102 101
f 101 103 159
f 155 318 156
f 100 156 323
f 155 315 318
f 103 104 159
f 100 105 102
f 101 102 103
f 102 108 103
f 102 107 108
f 98 103 108
f 102 105 107
f 98 104 103
f 98 99 104
f 100 134 105
f 105 106 107
f 106 111 107
f 105 135 106
f 156 318 323
f 100 323 134
f 109 119 111
f 110 111 112
f 110 112 115
f 109 120 119
f 111 119 112
f 110 115 113
f 113 116 114
f 113 115 116
f 119 120 121
f 112 117 115
f 112 119 123
f 119 121 123
f 120 122 121
f 112 123 117
f 115 118 116
f 115 117 118
f 124 125 131
f 121 126 123
f 121 127 126
f 117 123 128
f 117 128 129
f 123 126 128
f 122 124 127
f 126 127 132
f 126 130 128
f 128 133 129
f 117 129 118
f 121 122 127
f 126 132 130
f 128 130 133
f 124 131 127
f 127 131 132
f 125 2740 131
f 131 2741 132
f 130 2732 133
f 130 132 2731
f 106 141 109
f 109 140 120
f 105 134 135
f 106 135 141
f 134 329 135
f 136 329 330
f 135 329 136
f 109 141 140
f 136 330 137
f 137 331 138
f 136 145 141
f 135 136 141
f 136 137 145
f 137 138 146
f 137 146 145
f 138 139 147
f 120 140 142
f 122 2756 124
f 122 142 2756
f 120 142 122
f 140 141 145
f 140 145 144
f 140 144 142
f 143 144 149
f 142 144 143
f 144 145 146
f 138 147 146
f 139 148 147
f 146 147 149
f 144 146 149
f 147 150 149
f 147 148 150
f 148 151 150
f 143 149 2758
f 150 2759 2758
f 149 150 2758
f 150 151 2759
f 151 2760 2759
f 99 114 192
f 99 192 152
f 152 193 182
f 182 194 183
f 75 155 157
f 75 158 79
f 75 157 158
f 79 158 153
f 155 156 157
f 79 153 80
f 80 153 154
f 80 154 81
f 157 159 158
f 101 159 157
f 158 159 160
f 153 158 160
f 153 160 161
f 104 160 159
f 160 162 161
f 153 161 154
f 101 157 156
f 81 154 170
f 154 161 178
f 76 315 155
f 104 162 160
f 99 162 104
f 99 152 162
f 161 162 179
f 161 179 178
f 152 179 162
f 81 170 163
f 154 178 170
f 164 168 165
f 165 169 166
f 163 168 164
f 165 168 169
f 166 169 175
f 166 175 167
f 167 176 177
f 167 175 176
f 170 186 171
f 170 178 186
f 171 187 172
f 163 170 171
f 163 171 168
f 168 171 172
f 172 188 173
f 168 172 169
f 169 173 175
f 169 172 173
f 174 176 175
f 173 174 175
f 176 363 177
f 177 371 1157
f 178 180 186
f 178 179 180
f 180 181 186
f 179 182 180
f 152 182 179
f 180 183 181
f 180 182 183
f 181 184 190
f 185 191 190
f 181 183 184
f 184 185 190
f 189 191 221
f 171 186 187
f 172 187 188
f 181 187 186
f 187 190 188
f 188 191 189
f 181 190 187
f 188 190 191
f 173 188 189
f 173 189 174
f 174 381 375
f 174 375 176
f 177 363 371
f 174 189 381
f 176 375 363
f 114 116 198
f 116 118 197
f 114 198 192
f 116 197 198
f 118 129 206
f 129 133 212
f 133 2732 2796
f 118 206 197
f 129 212 206
f 133 2796 212
f 152 192 193
f 192 198 199
f 193 199 202
f 192 199 193
f 182 193 194
f 183 194 195
f 193 202 194
f 194 202 203
f 194 203 195
f 195 204 196
f 198 200 199
f 199 201 202
f 197 200 198
f 199 200 201
f 202 205 203
f 195 203 204
f 201 205 202
f 203 205 211
f 203 211 204
f 197 207 200
f 197 206 207
f 200 208 201
f 200 207 208
f 201 208 209
f 206 213 207
f 207 214 208
f 208 215 209
f 201 209 205
f 205 210 211
f 205 209 210
f 206 212 213
f 207 213 214
f 208 214 215
f 209 215 216
f 212 2807 213
f 212 2796 2807
f 213 2808 214
f 214 2809 215
f 213 2807 2808
f 214 2808 2809
f 215 2809 2810
f 209 216 210
f 215 2810 216
f 139 217 148
f 148 218 151
f 151 219 2760
f 148 217 218
f 217 222 218
f 151 218 219
f 219 2826 2760
f 218 226 219
f 219 226 231
f 219 231 2826
f 183 195 184
f 184 196 185
f 184 195 196
f 185 224 191
f 185 196 229
f 189 221 381
f 191 224 221
f 185 229 224
f 220 223 380
f 220 380 381
f 220 381 221
f 196 204 2830
f 204 211 2834
f 196 2830 229
f 210 2839 211
f 204 2834 2830
f 222 223 226
f 220 227 223
f 220 221 225
f 220 225 227
f 221 224 225
f 225 228 227
f 224 230 225
f 218 222 226
f 223 227 226
f 229 2831 230
f 230 2831 2828
f 229 2830 2831
f 226 227 231
f 227 228 231
f 224 229 230
f 225 230 228
f 228 2829 231
f 228 230 2828
f 60 61 248
f 62 1191 232
f 61 232 268
f 232 1190 234
f 61 268 248
f 232 234 268
f 233 267 268
f 233 234 240
f 233 241 235
f 233 268 234
f 233 235 267
f 235 236 269
f 234 1190 238
f 234 238 240
f 235 246 236
f 238 242 240
f 240 243 241
f 241 244 246
f 238 239 242
f 240 242 243
f 241 243 244
f 245 247 246
f 244 245 246
f 233 240 241
f 235 241 246
f 236 246 247
f 236 247 237
f 237 247 1273
f 69 93 257
f 93 251 257
f 248 267 249
f 249 269 254
f 250 257 251
f 248 249 251
f 249 250 251
f 249 254 250
f 250 254 252
f 252 255 253
f 252 254 255
f 253 272 266
f 253 255 272
f 71 256 333
f 86 333 337
f 259 334 333
f 260 335 334
f 256 259 333
f 259 260 334
f 69 257 256
f 256 257 258
f 258 263 259
f 260 263 264
f 256 258 259
f 259 263 260
f 260 264 261
f 261 265 262
f 260 261 335
f 261 262 336
f 250 258 257
f 250 252 258
f 252 263 258
f 253 264 263
f 252 253 263
f 253 266 264
f 264 266 265
f 261 264 265
f 262 265 348
f 60 251 93
f 60 248 251
f 248 268 267
f 249 267 269
f 235 269 267
f 236 270 269
f 254 269 270
f 254 270 255
f 255 270 271
f 236 237 270
f 237 271 270
f 255 271 272
f 271 1257 272
f 237 1252 271
f 271 1252 1257
f 265 266 273
f 266 272 1258
f 265 273 348
f 266 1258 273
f 272 1257 1258
f 273 274 348
f 274 353 348
f 274 1266 353
f 273 1259 274
f 275 277 276
f 275 276 293
f 276 278 293
f 277 392 393
f 276 394 278
f 276 393 394
f 278 394 395
f 278 395 297
f 297 395 396
f 276 277 393
f 275 1454 277
f 280 291 1362
f 291 292 1379
f 281 282 1403
f 281 283 284
f 283 293 284
f 284 294 285
f 282 284 285
f 282 285 290
f 286 288 290
f 285 286 290
f 286 287 288
f 281 284 282
f 285 295 286
f 286 296 287
f 279 1403 282
f 279 282 290
f 279 290 280
f 280 288 291
f 280 290 288
f 288 289 291
f 289 292 291
f 287 289 288
f 287 301 289
f 285 294 295
f 294 297 295
f 278 294 293
f 278 297 294
f 295 297 298
f 295 298 296
f 286 295 296
f 275 293 283
f 284 293 294
f 297 396 298
f 287 296 300
f 296 298 446
f 289 299 292
f 292 1337 1380
f 289 301 299
f 292 299 1337
f 299 303 1337
f 303 304 1338
f 287 300 301
f 296 446 300
f 300 447 308
f 300 446 447
f 308 447 448
f 299 301 302
f 301 308 302
f 299 302 303
f 303 307 304
f 302 307 303
f 304 307 312
f 305 312 313
f 304 312 305
f 305 313 306
f 300 308 301
f 308 448 309
f 309 449 310
f 302 308 309
f 302 309 307
f 307 310 312
f 307 309 310
f 310 311 312
f 311 313 312
f 314 315 337
f 314 339 316
f 317 339 340
f 314 316 315
f 316 339 317
f 317 340 322
f 318 319 323
f 315 316 318
f 316 317 319
f 316 319 318
f 317 320 319
f 320 322 321
f 317 322 320
f 321 322 342
f 321 342 326
f 319 324 323
f 319 320 324
f 320 325 324
f 134 323 324
f 324 325 329
f 325 327 330
f 320 321 325
f 321 326 327
f 321 327 325
f 326 328 327
f 134 324 329
f 325 330 329
f 327 331 330
f 137 330 331
f 138 331 332
f 327 328 331
f 328 332 331
f 138 332 139
f 76 337 315
f 333 334 337
f 314 334 335
f 261 336 335
f 314 337 334
f 314 335 339
f 336 340 339
f 335 336 339
f 336 338 340
f 338 341 340
f 322 340 341
f 322 341 342
f 341 357 342
f 338 343 341
f 341 343 357
f 262 338 336
f 262 349 338
f 326 342 365
f 326 360 328
f 342 357 365
f 326 365 360
f 343 344 357
f 347 1159 370
f 370 1157 371
f 345 355 346
f 344 345 358
f 345 346 359
f 346 347 369
f 346 356 347
f 262 348 349
f 338 349 343
f 348 353 349
f 349 353 351
f 351 353 354
f 350 354 352
f 352 1340 355
f 353 1266 354
f 352 354 1268
f 350 351 354
f 350 352 355
f 355 1340 356
f 343 349 351
f 343 351 344
f 344 351 350
f 345 350 355
f 344 350 345
f 346 355 356
f 344 358 357
f 358 366 365
f 358 359 366
f 359 369 367
f 359 367 366
f 367 369 368
f 357 358 365
f 364 368 371
f 362 368 364
f 363 364 371
f 360 365 366
f 360 366 361
f 361 366 367
f 362 367 368
f 361 367 362
f 345 359 358
f 346 369 359
f 347 370 369
f 368 369 370
f 368 370 371
f 328 372 332
f 139 332 377
f 328 360 372
f 332 372 377
f 139 377 217
f 360 361 372
f 361 362 373
f 361 373 372
f 362 374 373
f 373 374 378
f 372 373 377
f 362 364 374
f 364 376 374
f 363 376 364
f 363 375 376
f 375 380 376
f 375 381 380
f 374 376 379
f 373 378 377
f 374 379 378
f 217 377 378
f 222 378 379
f 217 378 222
f 223 379 380
f 222 379 223
f 376 380 379
f 383 385 391
f 383 384 385
f 382 383 391
f 386 387 394
f 387 388 395
f 386 389 387
f 384 386 385
f 387 390 388
f 384 389 386
f 387 389 390
f 391 392 1464
f 385 393 392
f 386 394 393
f 385 392 391
f 385 386 393
f 387 395 394
f 388 396 395
f 277 1452 392
f 382 397 399
f 383 399 398
f 383 398 384
f 384 400 389
f 384 398 400
f 382 399 383
f 398 399 402
f 398 403 400
f 400 404 406
f 401 405 422
f 401 420 402
f 398 402 403
f 400 403 404
f 402 423 403
f 403 424 404
f 397 401 399
f 397 405 401
f 399 401 402
f 389 406 390
f 389 400 406
f 404 433 406
f 382 391 1468
f 382 1478 397
f 397 1483 405
f 382 1468 1478
f 409 410 426
f 410 411 427
f 411 429 427
f 411 459 429
f 408 417 413
f 408 414 409
f 408 413 414
f 409 412 410
f 409 414 412
f 410 412 415
f 410 415 411
f 413 2975 414
f 412 414 2976
f 412 416 415
f 407 413 417
f 414 2975 2976
f 413 2974 2975
f 407 2970 2974
f 412 2976 416
f 407 2974 413
f 411 415 462
f 415 416 466
f 407 417 2996
f 418 2994 428
f 418 1477 419
f 417 2994 2996
f 418 419 2994
f 419 2995 2994
f 405 421 422
f 401 422 420
f 420 427 423
f 420 422 426
f 421 425 422
f 402 420 423
f 403 423 424
f 423 429 424
f 405 1476 421
f 422 425 426
f 421 428 425
f 420 426 427
f 409 426 425
f 408 425 428
f 410 427 426
f 423 427 429
f 418 428 421
f 404 424 471
f 424 429 478
f 397 1478 1483
f 405 1483 1476
f 408 428 417
f 408 409 425
f 417 428 2994
f 418 421 1476
f 419 430 2995
f 430 1491 2997
f 430 2997 2995
f 1491 1492 2998
f 388 441 396
f 388 390 431
f 388 431 441
f 298 396 444
f 396 441 444
f 298 444 446
f 390 406 436
f 390 436 431
f 406 433 436
f 431 432 441
f 431 436 437
f 431 437 432
f 432 438 456
f 432 437 438
f 433 434 436
f 434 435 437
f 434 437 436
f 438 439 456
f 435 438 437
f 438 476 439
f 439 477 440
f 435 476 438
f 439 476 477
f 441 442 444
f 442 443 445
f 432 442 441
f 442 456 443
f 444 445 446
f 445 447 446
f 447 453 448
f 309 448 449
f 445 453 447
f 448 453 454
f 449 454 455
f 448 454 449
f 449 455 450
f 442 445 444
f 443 453 445
f 443 451 453
f 451 452 454
f 451 454 453
f 452 455 454
f 450 455 1497
f 311 450 1519
f 310 449 450
f 310 450 311
f 432 456 442
f 443 456 457
f 451 457 458
f 443 457 451
f 439 457 456
f 440 458 457
f 439 440 457
f 451 458 452
f 452 1525 455
f 452 458 1527
f 459 460 478
f 460 461 479
f 411 462 459
f 415 466 462
f 459 463 460
f 459 462 463
f 460 464 461
f 461 465 483
f 460 463 464
f 461 464 465
f 470 484 483
f 465 470 483
f 462 467 463
f 462 466 467
f 463 468 464
f 464 469 465
f 463 467 468
f 464 468 469
f 465 3063 470
f 465 469 3063
f 424 478 471
f 404 471 433
f 429 459 478
f 433 471 472
f 471 479 472
f 433 472 434
f 434 473 435
f 434 472 473
f 435 474 476
f 475 477 476
f 472 480 473
f 435 473 474
f 474 475 476
f 471 478 479
f 472 479 480
f 460 479 478
f 461 480 479
f 473 480 481
f 473 481 474
f 474 482 475
f 474 481 482
f 480 483 481
f 481 484 482
f 475 485 477
f 440 1541 458
f 440 477 1542
f 458 1541 1527
f 440 1542 1541
f 461 483 480
f 481 483 484
f 475 482 3091
f 470 3093 484
f 482 484 3097
f 475 3091 485
f 477 485 1542
f 482 3097 3091
f 1543 1544 3090
f 486 3088 1544
f 485 3089 486
f 487 489 488
f 488 489 490
f 488 490 492
f 487 493 489
f 489 493 495
f 490 496 492
f 10 487 488
f 9 491 487
f 12 488 492
f 487 491 493
f 491 492 494
f 11 12 491
f 26 493 494
f 12 492 491
f 27 494 497
f 18 497 505
f 492 496 494
f 491 494 493
f 494 496 497
f 490 498 499
f 489 498 490
f 489 502 498
f 490 499 501
f 489 495 500
f 490 501 496
f 495 504 500
f 489 500 502
f 496 501 497
f 498 559 499
f 499 560 503
f 499 503 501
f 500 501 503
f 500 503 502
f 19 505 543
f 19 508 511
f 19 522 508
f 19 1053 1044
f 19 506 1050
f 19 1052 1053
f 19 1050 1052
f 19 1048 1046
f 19 1044 1048
f 19 1046 1047
f 19 1047 1060
f 19 511 506
f 19 556 521
f 19 523 522
f 19 521 523
f 19 543 556
f 507 1051 1050
f 506 507 1050
f 507 515 1054
f 505 544 543
f 505 545 544
f 505 546 545
f 505 586 546
f 505 587 586
f 505 588 587
f 508 522 509
f 509 522 525
f 509 525 516
f 510 512 521
f 512 513 521
f 513 514 521
f 510 533 512
f 512 536 513
f 512 533 536
f 513 536 537
f 506 511 507
f 507 511 509
f 508 509 511
f 507 509 516
f 507 516 515
f 515 516 519
f 516 534 535
f 518 534 525
f 516 535 517
f 514 518 521
f 518 535 534
f 517 535 518
f 516 517 519
f 513 537 514
f 514 538 518
f 517 518 519
f 518 520 519
f 515 519 1070
f 518 1071 520
f 518 1072 1071
f 518 538 1076
f 519 520 1070
f 520 1071 1070
f 518 1076 1072
f 521 526 523
f 521 524 527
f 522 523 524
f 522 524 525
f 523 526 530
f 523 530 531
f 523 527 524
f 523 528 527
f 523 529 528
f 523 531 529
f 521 525 524
f 518 525 521
f 516 525 534
f 521 530 526
f 521 527 528
f 521 528 529
f 521 529 531
f 521 531 530
f 521 556 532
f 532 556 543
f 532 539 533
f 510 521 532
f 510 532 533
f 532 543 557
f 514 537 538
f 533 540 536
f 536 541 537
f 537 542 538
f 532 557 539
f 533 539 540
f 536 540 541
f 537 541 542
f 538 1077 1076
f 538 1090 1077
f 543 544 557
f 544 545 557
f 545 547 557
f 545 546 547
f 546 586 547
f 547 586 552
f 539 557 548
f 547 548 557
f 540 549 550
f 539 548 549
f 547 551 548
f 548 553 549
f 549 554 550
f 550 555 558
f 547 552 551
f 548 551 553
f 549 553 554
f 550 554 555
f 551 594 553
f 551 552 590
f 553 595 554
f 551 590 594
f 553 594 595
f 554 595 596
f 554 596 555
f 539 549 540
f 540 550 541
f 541 558 542
f 541 550 558
f 538 542 1124
f 542 558 1125
f 542 1125 1124
f 555 1171 558
f 558 1171 1125
f 499 559 560
f 498 561 559
f 498 502 561
f 502 503 561
f 503 560 562
f 500 568 501
f 503 562 561
f 497 501 573
f 559 563 560
f 560 564 562
f 559 561 565
f 560 563 564
f 559 565 563
f 561 562 565
f 500 567 568
f 497 574 505
f 505 574 608
f 562 564 566
f 563 569 564
f 564 570 566
f 563 565 567
f 562 566 565
f 501 568 573
f 565 566 568
f 565 568 567
f 497 573 574
f 563 567 569
f 564 569 570
f 566 572 568
f 567 571 569
f 566 570 572
f 568 572 573
f 505 589 588
f 505 608 589
f 575 576 578
f 576 577 578
f 577 579 578
f 579 580 581
f 578 579 581
f 580 584 581
f 581 584 582
f 582 584 583
f 582 583 585
f 578 616 600
f 600 616 674
f 622 677 674
f 552 586 587
f 552 587 588
f 588 589 591
f 589 608 591
f 575 591 608
f 552 588 591
f 552 591 590
f 590 592 594
f 590 591 599
f 591 598 599
f 590 599 592
f 592 593 594
f 593 595 594
f 595 597 596
f 593 597 595
f 596 597 604
f 575 598 591
f 598 601 599
f 592 599 678
f 592 679 593
f 593 680 597
f 592 678 679
f 598 600 601
f 599 601 678
f 555 596 602
f 596 604 602
f 555 602 1171
f 602 603 1171
f 597 687 604
f 602 605 603
f 602 604 605
f 603 607 1175
f 604 688 605
f 603 605 607
f 606 1175 607
f 575 578 598
f 578 600 598
f 609 1170 610
f 610 1170 611
f 611 1177 612
f 612 1177 653
f 613 653 1177
f 605 689 607
f 606 614 613
f 606 607 690
f 607 689 690
f 606 690 614
f 613 614 658
f 574 576 575
f 574 577 576
f 574 575 608
f 574 579 577
f 574 580 579
f 574 584 580
f 574 583 584
f 574 585 583
f 574 635 585
f 574 636 635
f 574 637 636
f 574 638 637
f 574 640 638
f 582 585 635
f 581 582 615
f 582 635 617
f 617 635 636
f 578 581 616
f 581 615 616
f 582 617 615
f 617 636 618
f 615 622 616
f 615 617 623
f 574 641 640
f 615 623 622
f 617 618 619
f 618 639 620
f 617 619 623
f 618 620 619
f 620 639 621
f 622 623 624
f 619 625 623
f 619 620 626
f 616 622 674
f 624 701 677
f 622 624 677
f 624 629 701
f 629 705 701
f 623 625 624
f 619 626 625
f 620 627 626
f 620 621 627
f 621 628 627
f 625 626 630
f 624 625 629
f 625 630 629
f 626 627 631
f 627 628 632
f 626 631 630
f 629 630 634
f 627 632 631
f 628 633 632
f 631 632 5329
f 630 631 5332
f 630 5332 634
f 631 5329 5332
f 632 633 5330
f 632 5330 5329
f 633 5331 5330
f 629 634 705
f 634 5333 713
f 618 636 637
f 637 638 639
f 618 637 639
f 638 640 639
f 621 639 655
f 639 640 655
f 621 655 659
f 642 644 643
f 642 645 644
f 643 650 651
f 642 643 651
f 641 645 642
f 612 653 647
f 646 652 648
f 646 647 653
f 648 652 649
f 646 653 652
f 649 651 650
f 649 652 651
f 652 653 654
f 613 658 653
f 640 641 655
f 641 642 655
f 642 651 656
f 642 656 655
f 651 657 656
f 652 654 657
f 654 658 662
f 655 656 659
f 656 657 660
f 654 661 657
f 654 662 661
f 658 663 662
f 651 652 657
f 653 658 654
f 614 663 658
f 614 696 663
f 666 696 728
f 663 696 666
f 669 728 729
f 621 659 628
f 628 659 667
f 628 667 633
f 633 671 5331
f 633 667 671
f 656 660 659
f 657 661 660
f 661 662 664
f 662 663 665
f 659 660 667
f 660 661 668
f 661 664 668
f 663 666 665
f 662 665 664
f 660 668 667
f 574 5916 641
f 667 668 671
f 668 670 671
f 664 670 668
f 664 665 672
f 665 666 673
f 664 672 670
f 665 673 672
f 666 669 673
f 670 5352 671
f 670 672 5353
f 672 673 5356
f 669 5355 673
f 666 728 669
f 669 729 5354
f 734 5357 5354
f 674 675 682
f 674 677 675
f 675 676 682
f 675 702 676
f 676 703 685
f 675 677 700
f 675 700 702
f 676 702 703
f 685 703 724
f 593 679 680
f 678 683 679
f 679 684 680
f 597 680 687
f 600 682 601
f 601 681 678
f 679 683 684
f 601 682 681
f 600 674 682
f 678 681 683
f 676 681 682
f 681 685 683
f 683 686 684
f 680 684 691
f 676 685 681
f 683 685 686
f 685 724 686
f 686 724 725
f 684 686 692
f 686 725 692
f 680 691 687
f 604 687 688
f 605 688 689
f 687 697 688
f 688 694 689
f 687 691 697
f 688 697 694
f 689 694 695
f 689 695 690
f 614 690 696
f 684 692 691
f 691 692 693
f 691 693 697
f 694 697 699
f 694 698 695
f 690 695 696
f 695 728 696
f 693 699 697
f 694 699 698
f 695 698 728
f 677 701 700
f 702 708 703
f 703 704 724
f 701 705 706
f 700 701 706
f 700 707 702
f 703 708 704
f 700 706 707
f 702 707 708
f 705 712 706
f 706 709 707
f 707 710 708
f 704 708 711
f 705 713 712
f 706 712 709
f 707 709 710
f 708 710 711
f 634 713 705
f 709 712 717
f 712 713 715
f 709 717 716
f 710 718 711
f 709 716 710
f 712 715 717
f 713 714 715
f 713 5333 714
f 710 716 718
f 716 723 718
f 714 719 715
f 715 721 717
f 716 717 720
f 715 719 721
f 717 721 720
f 716 720 723
f 714 722 719
f 719 5393 721
f 720 721 5394
f 720 5395 723
f 704 731 724
f 724 731 725
f 704 711 736
f 704 736 731
f 692 726 693
f 693 727 699
f 692 725 726
f 693 726 727
f 725 735 726
f 725 731 735
f 727 733 730
f 726 732 727
f 698 699 730
f 699 727 730
f 698 729 728
f 698 730 729
f 729 730 734
f 731 737 735
f 726 735 732
f 730 733 734
f 727 732 733
f 731 736 737
f 733 740 734
f 732 735 738
f 735 737 738
f 732 739 733
f 732 738 739
f 733 739 740
f 711 742 736
f 711 718 742
f 718 746 742
f 718 723 746
f 723 5395 5416
f 723 5416 746
f 729 734 5354
f 734 740 5357
f 736 743 737
f 737 744 738
f 738 745 739
f 739 741 740
f 739 745 741
f 740 741 5364
f 736 742 743
f 737 743 744
f 742 747 743
f 743 748 744
f 738 744 745
f 742 746 747
f 743 747 748
f 741 745 749
f 744 750 745
f 744 748 750
f 745 750 749
f 746 5417 747
f 747 5418 748
f 746 5416 5417
f 747 5417 5418
f 749 750 5420
f 748 5419 750
f 748 5418 5419
f 751 1201 1202
f 751 1202 752
f 752 1202 1203
f 752 1203 753
f 753 1203 1206
f 754 1206 1207
f 751 752 756
f 752 757 756
f 752 753 757
f 753 754 758
f 753 1206 754
f 754 1207 755
f 757 758 761
f 758 759 786
f 758 786 761
f 759 787 786
f 759 760 787
f 754 755 759
f 753 758 757
f 754 759 758
f 755 760 759
f 751 756 1228
f 756 762 1230
f 756 757 762
f 757 761 762
f 762 779 763
f 756 1230 1228
f 765 1232 1231
f 764 1231 1230
f 762 763 1230
f 763 764 1230
f 764 765 1231
f 765 766 1232
f 763 768 764
f 764 770 765
f 763 767 768
f 763 779 767
f 764 768 770
f 765 770 771
f 766 771 777
f 765 771 766
f 766 777 769
f 767 772 768
f 768 774 770
f 770 775 771
f 768 772 774
f 770 774 775
f 771 775 776
f 772 773 813
f 772 814 774
f 774 824 775
f 767 773 772
f 775 825 776
f 771 776 777
f 776 1315 777
f 801 802 843
f 827 846 839
f 761 780 779
f 779 780 781
f 778 782 780
f 767 779 781
f 784 789 790
f 778 783 782
f 780 782 781
f 778 789 783
f 783 789 784
f 784 790 785
f 782 783 791
f 783 784 795
f 784 785 796
f 781 782 792
f 782 791 792
f 783 795 791
f 760 788 787
f 760 1287 788
f 761 786 780
f 761 779 762
f 778 780 786
f 778 786 787
f 787 788 789
f 778 787 789
f 788 790 789
f 785 790 1302
f 788 1291 790
f 790 1291 1302
f 791 793 792
f 791 795 794
f 791 794 793
f 795 796 798
f 794 795 798
f 796 799 798
f 784 796 795
f 785 797 796
f 796 797 799
f 793 794 801
f 794 802 801
f 794 798 802
f 797 800 799
f 798 799 803
f 798 803 802
f 799 804 803
f 799 800 804
f 800 863 804
f 797 807 800
f 800 864 863
f 785 805 797
f 785 1302 805
f 797 805 807
f 800 807 864
f 805 806 807
f 806 808 807
f 806 1308 808
f 808 1308 809
f 809 1309 811
f 773 792 812
f 773 781 792
f 792 793 812
f 793 817 812
f 773 812 813
f 812 817 816
f 812 816 813
f 813 818 814
f 814 819 824
f 813 816 818
f 814 818 819
f 819 820 824
f 815 816 817
f 816 821 818
f 818 822 819
f 819 823 820
f 815 821 816
f 815 817 826
f 818 821 822
f 819 822 823
f 767 781 773
f 772 813 814
f 774 814 824
f 775 824 825
f 820 825 824
f 776 825 1317
f 820 1330 825
f 825 1330 1317
f 793 801 817
f 801 843 826
f 801 826 817
f 815 826 828
f 815 829 821
f 815 828 829
f 821 829 830
f 822 830 835
f 828 838 829
f 826 827 828
f 821 830 822
f 822 835 823
f 823 835 841
f 826 843 827
f 827 837 828
f 827 839 837
f 868 1329 877
f 820 823 831
f 823 841 831
f 820 831 1330
f 831 832 1330
f 831 841 842
f 831 842 832
f 832 834 833
f 832 842 834
f 833 879 1336
f 880 1335 1336
f 833 834 879
f 879 880 1336
f 837 839 947
f 829 836 830
f 830 840 835
f 829 838 836
f 828 837 838
f 830 836 840
f 837 948 838
f 836 838 969
f 836 970 840
f 835 840 971
f 835 971 841
f 841 972 842
f 802 844 843
f 803 845 844
f 843 844 846
f 844 845 847
f 827 843 846
f 844 847 846
f 845 848 847
f 845 873 848
f 849 873 874
f 848 873 849
f 849 874 850
f 846 847 851
f 847 848 852
f 847 852 851
f 849 850 853
f 848 849 854
f 839 846 851
f 839 851 946
f 851 857 946
f 857 950 946
f 848 854 852
f 849 853 854
f 850 855 853
f 852 854 856
f 853 860 854
f 853 855 861
f 851 852 857
f 852 856 857
f 854 860 856
f 856 858 857
f 856 860 859
f 856 859 858
f 859 860 893
f 853 861 860
f 855 862 861
f 860 861 893
f 861 862 897
f 861 897 893
f 862 898 897
f 857 858 950
f 858 958 950
f 858 895 958
f 802 803 844
f 803 804 845
f 804 873 845
f 804 863 873
f 863 874 873
f 863 869 874
f 869 875 874
f 863 864 869
f 807 808 864
f 808 865 864
f 809 866 865
f 808 809 865
f 809 811 866
f 810 867 811
f 811 867 866
f 810 868 867
f 864 865 869
f 865 866 870
f 866 867 871
f 867 868 872
f 868 877 872
f 865 870 869
f 869 870 875
f 870 871 881
f 870 881 875
f 866 871 870
f 867 872 871
f 871 872 882
f 850 874 875
f 877 1334 878
f 872 876 882
f 871 882 881
f 872 877 876
f 876 877 878
f 878 1335 887
f 878 1334 1335
f 880 887 1335
f 879 975 880
f 880 975 892
f 850 883 855
f 850 875 883
f 855 883 888
f 855 888 862
f 862 916 898
f 862 888 916
f 875 881 883
f 881 884 883
f 881 882 884
f 876 885 882
f 876 878 886
f 882 885 884
f 876 886 885
f 878 887 886
f 883 884 888
f 884 885 889
f 885 886 890
f 886 887 891
f 880 892 887
f 884 889 888
f 885 890 889
f 886 891 890
f 887 892 891
f 888 889 916
f 889 890 917
f 889 917 916
f 891 892 926
f 890 891 925
f 890 925 917
f 891 926 925
f 892 927 926
f 892 975 927
f 927 975 982
f 929 982 986
f 927 982 929
f 858 859 895
f 859 893 894
f 893 897 896
f 893 896 894
f 859 894 895
f 896 897 899
f 897 898 899
f 898 900 899
f 898 918 900
f 894 896 901
f 896 899 903
f 899 900 904
f 899 904 903
f 900 905 904
f 900 921 905
f 895 902 963
f 894 901 902
f 894 902 895
f 901 906 902
f 896 903 901
f 902 906 965
f 901 903 907
f 901 907 906
f 903 908 907
f 903 904 908
f 904 905 909
f 904 909 908
f 906 907 911
f 907 908 912
f 905 910 909
f 906 911 1000
f 905 931 910
f 907 912 911
f 908 913 912
f 908 909 913
f 909 910 914
f 909 914 913
f 910 915 914
f 912 913 5622
f 913 914 5623
f 914 915 5624
f 911 912 5621
f 910 937 915
f 898 916 918
f 916 917 918
f 917 925 919
f 917 919 918
f 919 925 920
f 900 918 921
f 918 919 921
f 919 920 922
f 920 928 924
f 919 922 921
f 920 924 922
f 923 924 928
f 921 922 931
f 922 924 933
f 923 934 924
f 923 930 935
f 926 927 928
f 920 925 926
f 920 926 928
f 927 929 928
f 923 928 929
f 923 929 930
f 929 986 930
f 930 991 932
f 932 994 936
f 905 921 931
f 922 933 931
f 910 931 937
f 924 934 933
f 923 935 934
f 930 932 935
f 931 933 937
f 933 934 938
f 934 935 939
f 932 940 935
f 933 938 937
f 934 939 938
f 935 940 939
f 932 936 940
f 936 1028 945
f 915 937 941
f 937 938 941
f 938 939 943
f 939 940 944
f 936 942 940
f 938 943 941
f 939 944 943
f 940 942 944
f 936 945 942
f 837 947 948
f 839 946 947
f 946 949 947
f 947 951 948
f 948 952 969
f 947 949 951
f 948 951 952
f 952 953 969
f 949 959 951
f 946 950 949
f 949 950 957
f 950 958 957
f 951 954 952
f 952 955 953
f 951 959 954
f 949 957 959
f 952 954 955
f 956 958 963
f 956 957 958
f 957 961 959
f 954 959 960
f 954 962 955
f 959 961 960
f 956 961 957
f 954 960 962
f 895 963 958
f 956 967 961
f 956 963 966
f 961 967 964
f 963 965 966
f 956 966 967
f 960 961 964
f 960 968 962
f 960 964 968
f 964 999 968
f 838 948 969
f 836 969 970
f 953 970 969
f 840 970 976
f 953 980 970
f 953 955 987
f 970 980 976
f 953 987 980
f 840 976 971
f 971 977 972
f 971 976 977
f 972 977 978
f 841 971 972
f 834 842 974
f 842 972 974
f 834 974 973
f 834 973 879
f 879 973 975
f 972 978 974
f 973 974 983
f 973 982 975
f 976 981 977
f 977 979 978
f 976 980 981
f 977 981 979
f 978 985 983
f 978 979 985
f 983 985 986
f 973 983 982
f 974 978 983
f 982 983 986
f 955 962 984
f 955 984 987
f 962 1016 984
f 962 968 1016
f 984 992 987
f 984 1017 992
f 984 1016 1017
f 992 1017 1027
f 985 991 986
f 980 988 981
f 980 987 988
f 981 988 989
f 979 981 989
f 979 990 985
f 979 989 990
f 987 992 988
f 988 993 989
f 985 990 991
f 930 986 991
f 989 995 990
f 990 995 994
f 988 992 993
f 989 993 995
f 990 994 991
f 993 1029 995
f 992 1027 993
f 993 1027 1029
f 994 995 1028
f 902 965 963
f 966 997 967
f 965 996 966
f 965 1000 996
f 906 1000 965
f 911 1004 1000
f 964 967 998
f 966 996 997
f 967 997 998
f 964 998 999
f 996 1005 997
f 997 1001 998
f 998 1002 999
f 968 999 1018
f 996 1000 1003
f 1000 1004 1003
f 996 1003 1005
f 997 1005 1001
f 998 1001 1002
f 1003 1006 1005
f 1003 1004 1008
f 1001 1010 1002
f 1001 1005 1009
f 999 1002 1022
f 1004 5621 1007
f 911 5621 1004
f 1007 5627 1015
f 1003 1008 1006
f 1005 1006 1009
f 1004 1007 1008
f 1001 1009 1010
f 1007 1012 1008
f 1006 1008 1013
f 1006 1011 1009
f 1006 1013 1011
f 1009 1014 1010
f 1009 1011 1014
f 1002 1010 1033
f 1010 1014 1036
f 1007 1015 1012
f 1008 1012 1013
f 1012 1015 5650
f 1011 1013 5653
f 1012 5652 1013
f 1012 5650 5652
f 1013 5652 5653
f 1011 5654 1014
f 1011 5653 5654
f 1014 5654 1041
f 968 1018 1016
f 999 1022 1018
f 1016 1019 1017
f 1017 1020 1027
f 1016 1018 1019
f 1020 1021 1027
f 1017 1019 1020
f 1002 1033 1022
f 1018 1022 1024
f 1019 1025 1020
f 1020 1026 1021
f 1021 1023 1030
f 1018 1024 1019
f 1019 1024 1025
f 1020 1025 1026
f 1022 1034 1024
f 1021 1026 1023
f 1024 1035 1025
f 1025 1031 1026
f 932 991 994
f 936 994 1028
f 995 1029 1028
f 1028 1029 1030
f 945 1028 1030
f 1021 1029 1027
f 1021 1030 1029
f 1023 5636 1030
f 945 1030 5636
f 1023 5642 5636
f 1023 1032 5642
f 1010 1036 1033
f 1022 1033 1034
f 1024 1034 1035
f 1025 1035 1031
f 1023 1026 1032
f 1026 1031 1032
f 1031 1040 1032
f 1033 1037 1034
f 1033 1036 1037
f 1034 1037 1038
f 1034 1038 1035
f 1031 1035 1039
f 1035 1038 1039
f 1014 1041 1036
f 1032 1040 5680
f 1037 1043 1038
f 1036 1042 1037
f 1031 1039 1040
f 1036 1041 1042
f 1037 1042 1043
f 1038 5682 1039
f 1039 5681 1040
f 1039 5682 5681
f 1038 1043 5682
f 19 1060 1061
f 1044 1053 1051
f 1044 1045 1048
f 1044 1051 1045
f 1045 1049 1048
f 1046 1048 1049
f 1045 1055 1049
f 1046 1049 1047
f 1047 1049 1062
f 1049 1058 1062
f 1051 1053 1052
f 1050 1051 1052
f 1045 1051 1054
f 1045 1054 1055
f 507 1054 1051
f 1054 1056 1055
f 515 1056 1054
f 1055 1056 1057
f 1049 1055 1058
f 1055 1057 1058
f 1058 1059 1062
f 1057 1074 1058
f 1058 1074 1059
f 1047 1062 1060
f 1060 1062 1061
f 1061 1062 1063
f 1062 1065 1063
f 1059 1065 1062
f 1063 1065 1064
f 1064 1065 1066
f 1059 1069 1065
f 1065 1067 1066
f 1066 1067 1068
f 1065 1069 1067
f 1059 1075 1069
f 515 1070 1056
f 1056 1070 1057
f 1057 1070 1073
f 1057 1073 1074
f 1070 1071 1072
f 1070 1072 1073
f 1072 1076 1073
f 1073 1079 1074
f 1059 1074 1075
f 1074 1079 1075
f 1075 1079 1080
f 1075 1080 1098
f 1073 1076 1077
f 1073 1077 1090
f 1073 1091 1079
f 1079 1091 1092
f 1078 1079 1092
f 1079 1081 1080
f 1078 1081 1079
f 1080 1087 1098
f 1080 1081 1082
f 1080 1082 1084
f 1081 1088 1082
f 1082 1088 1084
f 1078 1119 1081
f 1083 1084 1088
f 1083 1088 1086
f 1081 1119 1088
f 1085 1087 1086
f 1087 1107 1105
f 1085 1107 1087
f 1087 1105 1106
f 1087 1108 1100
f 1080 1084 1087
f 1083 1087 1084
f 1083 1086 1087
f 1085 1086 1089
f 1085 1089 1110
f 1086 1088 1089
f 1073 1090 1091
f 538 1119 1090
f 1090 1119 1091
f 1091 1119 1092
f 1078 1092 1119
f 1067 1069 1093
f 1067 1094 1068
f 1068 1094 1095
f 1067 1093 1094
f 1093 1100 1094
f 1094 1097 1096
f 1094 1096 1095
f 1094 1099 1097
f 1069 1098 1093
f 1069 1075 1098
f 19 1061 1179
f 1094 1100 1099
f 1087 1100 1093
f 1099 1100 1132
f 1087 1093 1098
f 1101 1132 1102
f 1100 1108 1102
f 1101 1102 1104
f 1102 1103 1104
f 1103 1115 1104
f 1102 1108 1103
f 1103 1108 1111
f 1103 1134 1117
f 1087 1109 1108
f 1087 1106 1109
f 1105 1134 1106
f 1108 1109 1112
f 1106 1134 1109
f 1109 1134 1112
f 1111 1112 1134
f 1105 1107 1133
f 1085 1133 1107
f 1088 1120 1089
f 1089 1121 1110
f 1085 1110 1133
f 1105 1133 1134
f 1113 1134 1133
f 1110 1122 1133
f 1108 1112 1111
f 1103 1111 1134
f 1110 1121 1122
f 1113 1133 1122
f 1104 1115 1114
f 1114 1115 1116
f 1103 1117 1115
f 1114 1116 1117
f 1115 1117 1116
f 1117 1134 1118
f 1113 1165 1118
f 1113 1166 1165
f 1113 1118 1134
f 1113 1131 1166
f 538 1124 1119
f 1088 1119 1120
f 1089 1120 1121
f 1119 1123 1120
f 1119 1124 1123
f 1120 1123 1129
f 1120 1129 1121
f 1121 1130 1122
f 1124 1125 1126
f 1123 1124 1126
f 1123 1127 1129
f 1125 1172 1126
f 1123 1126 1127
f 1127 1128 1129
f 1128 1169 1130
f 1113 1122 1131
f 1122 1130 1131
f 1121 1129 1130
f 1128 1130 1129
f 1130 1169 1131
f 1100 1102 1132
f 1061 1063 1179
f 1063 1064 1179
f 1064 1066 1179
f 1066 1068 1179
f 1068 1095 1179
f 1096 1097 1179
f 1095 1096 1179
f 64 1205 1192
f 64 65 1205
f 65 1135 1205
f 65 68 1136
f 65 1161 1135
f 65 1136 1161
f 1135 1161 1208
f 1162 1209 1208
f 68 1138 1136
f 92 1148 1138
f 1138 1148 1149
f 1137 1162 1161
f 1136 1137 1161
f 1137 1143 1162
f 1143 1144 1163
f 1138 1149 1139
f 1139 1150 1140
f 1136 1138 1139
f 1137 1139 1140
f 1140 1160 1141
f 1136 1139 1137
f 1137 1140 1143
f 1141 1144 1143
f 1142 1145 1144
f 1144 1145 1164
f 1140 1141 1143
f 1141 1142 1144
f 165 1154 1146
f 166 1155 1154
f 1147 1154 1151
f 1148 1151 1149
f 1149 1152 1150
f 1147 1151 1148
f 1149 1151 1152
f 1150 1152 1158
f 1150 1158 1160
f 1153 1160 1159
f 1158 1159 1160
f 1146 1154 1147
f 1151 1155 1152
f 1151 1154 1155
f 1152 1155 1156
f 167 1156 1155
f 177 1157 1156
f 1156 1157 1158
f 1152 1156 1158
f 1157 1159 1158
f 347 1153 1159
f 1139 1149 1150
f 1140 1150 1160
f 1141 1160 1153
f 1141 1153 1142
f 1161 1162 1208
f 1162 1163 1209
f 1163 1164 1210
f 1143 1163 1162
f 1144 1164 1163
f 1145 1270 1164
f 45 47 8958
f 48 1179 1184
f 48 1182 1183
f 48 1184 1182
f 48 1183 1180
f 48 1180 1181
f 48 1181 3482
f 166 167 1155
f 167 177 1156
f 370 1159 1157
f 1131 1167 1166
f 1131 1168 1167
f 1131 1169 1168
f 1168 1169 1178
f 609 1169 1170
f 609 1178 1169
f 1126 1173 1127
f 1127 1174 1128
f 1127 1173 1174
f 1128 1174 1170
f 1128 1170 1169
f 1125 1171 1172
f 1126 1172 1173
f 1172 1175 1173
f 603 1172 1171
f 603 1175 1172
f 1173 1175 1176
f 1173 1176 1174
f 1170 1174 1177
f 1174 1176 1177
f 606 1176 1175
f 613 1177 1176
f 606 613 1176
f 611 1170 1177
f 17 8958 26
f 17 22 8958
f 1101 1179 1132
f 1101 1104 1179
f 1104 1114 1179
f 1114 1117 1179
f 1117 1118 1179
f 1118 1165 1179
f 1097 1099 1179
f 1099 1132 1179
f 1166 1167 1179
f 1165 1166 1179
f 1167 1168 1186
f 1168 1178 1188
f 26 8958 493
f 610 611 5916
f 611 612 5916
f 612 647 5916
f 646 5916 647
f 646 648 5916
f 641 5916 645
f 648 649 5916
f 649 650 5916
f 643 5916 650
f 643 644 5916
f 644 645 5916
f 609 5916 1178
f 609 610 5916
f 22 45 8958
f 1168 1185 1186
f 1167 1186 1179
f 1168 1187 1185
f 1168 1188 1187
f 1178 1189 1188
f 1178 5916 1189
f 1193 1197 1196
f 1190 1191 1193
f 232 1191 1190
f 1191 1192 1193
f 1192 1205 1194
f 1190 1193 1196
f 1193 1194 1197
f 1192 1194 1193
f 1194 1205 1195
f 1135 1195 1205
f 1135 1204 1195
f 238 1190 1196
f 1196 1197 1201
f 1197 1198 1202
f 1194 1198 1197
f 1195 1199 1198
f 1198 1203 1202
f 1198 1199 1203
f 1199 1206 1203
f 1199 1200 1206
f 1197 1202 1201
f 1194 1195 1198
f 1195 1204 1199
f 1199 1204 1200
f 1200 1204 1215
f 239 1196 1201
f 238 1196 239
f 239 1201 1223
f 751 1223 1201
f 751 1228 1223
f 1135 1208 1204
f 1200 1207 1206
f 1200 1211 1207
f 755 1207 1294
f 755 1283 760
f 1207 1211 1294
f 755 1294 1283
f 1204 1208 1215
f 1200 1215 1211
f 1208 1209 1215
f 1209 1216 1215
f 1209 1210 1216
f 1210 1271 1217
f 1218 1271 1272
f 1211 1215 1216
f 1211 1216 1212
f 1211 1212 1294
f 1212 1217 1213
f 1212 1213 1295
f 1213 1214 1296
f 1214 1220 1297
f 1210 1217 1216
f 1212 1216 1217
f 1213 1217 1218
f 1214 1218 1219
f 1217 1271 1218
f 1218 1272 1219
f 1213 1218 1214
f 1214 1219 1220
f 1240 1251 1292
f 1220 1279 1298
f 1280 1299 1298
f 1240 1299 1280
f 1221 1223 1228
f 1221 1222 1224
f 239 1224 242
f 239 1223 1224
f 242 1224 1225
f 242 1225 243
f 243 1225 1226
f 244 1226 1227
f 1221 1224 1223
f 1222 1225 1224
f 1225 1229 1226
f 1222 1229 1225
f 1226 1229 1235
f 1226 1235 1227
f 1221 1228 1231
f 1228 1230 1231
f 1221 1231 1232
f 1222 1232 1233
f 1221 1232 1222
f 1222 1233 1229
f 1229 1234 1235
f 1229 1233 1234
f 766 1233 1232
f 769 1234 1233
f 243 1226 244
f 244 1227 245
f 245 1227 1241
f 245 1275 247
f 1227 1235 1242
f 1227 1242 1241
f 245 1241 1275
f 766 769 1233
f 769 1236 1234
f 1234 1244 1235
f 1234 1236 1244
f 769 777 1311
f 769 1311 1236
f 1235 1244 1242
f 1237 1275 1241
f 1237 1238 1276
f 1238 1249 1239
f 1239 1251 1240
f 1241 1242 1243
f 1237 1243 1250
f 1238 1250 1249
f 1237 1241 1243
f 1237 1250 1238
f 1242 1245 1243
f 1247 1248 1250
f 1242 1244 1245
f 1243 1245 1247
f 1244 1327 1245
f 1236 1327 1244
f 1245 1327 1324
f 1246 1249 1248
f 1245 1324 1247
f 1247 1325 1248
f 1243 1247 1250
f 1246 1251 1249
f 1248 1249 1250
f 1239 1249 1251
f 1145 1267 1270
f 1265 1272 1270
f 1253 1261 1257
f 1252 1253 1257
f 1253 1254 1261
f 1219 1269 1256
f 1265 1269 1272
f 1254 1278 1255
f 1254 1255 1262
f 1255 1256 1263
f 1255 1279 1256
f 356 1142 1153
f 356 1340 1142
f 1145 1340 1267
f 1142 1340 1145
f 1265 1270 1267
f 1257 1261 1258
f 1258 1261 1259
f 1259 1261 1262
f 1254 1262 1261
f 1259 1262 1260
f 1260 1262 1263
f 1260 1263 1264
f 1264 1269 1265
f 1263 1269 1264
f 1264 1268 1266
f 1265 1267 1268
f 352 1268 1267
f 354 1266 1268
f 273 1258 1259
f 274 1259 1260
f 274 1260 1266
f 1260 1264 1266
f 1264 1265 1268
f 1255 1263 1262
f 1256 1269 1263
f 1164 1270 1271
f 1163 1210 1209
f 1164 1271 1210
f 1270 1272 1271
f 1219 1272 1269
f 1219 1256 1220
f 1220 1256 1279
f 1279 1280 1298
f 237 1273 1252
f 247 1275 1273
f 1273 1275 1276
f 1273 1276 1274
f 1274 1281 1277
f 1277 1282 1278
f 1274 1276 1281
f 1252 1273 1274
f 1252 1274 1253
f 1253 1274 1277
f 1253 1277 1254
f 1254 1277 1278
f 1255 1278 1279
f 1238 1281 1276
f 1237 1276 1275
f 1238 1239 1281
f 1239 1282 1281
f 1240 1280 1282
f 1277 1281 1282
f 1278 1282 1280
f 1278 1280 1279
f 1239 1240 1282
f 760 1283 1287
f 1283 1294 1295
f 1283 1284 1287
f 1283 1295 1284
f 1284 1296 1285
f 788 1287 1291
f 1287 1288 1291
f 1288 1300 1291
f 1284 1288 1287
f 1285 1289 1288
f 1284 1285 1288
f 1285 1286 1289
f 1286 1290 1289
f 1290 1299 1292
f 1286 1299 1290
f 1288 1289 1300
f 1289 1290 1301
f 1290 1292 1307
f 1289 1301 1300
f 1290 1307 1301
f 1292 1293 1307
f 1246 1304 1293
f 1212 1295 1294
f 1213 1296 1295
f 1284 1295 1296
f 1285 1296 1297
f 1286 1297 1298
f 1214 1297 1296
f 1220 1298 1297
f 1285 1297 1286
f 1286 1298 1299
f 1240 1292 1299
f 1251 1293 1292
f 1300 1303 1302
f 1291 1300 1302
f 1300 1301 1303
f 1301 1307 1305
f 1293 1306 1307
f 1301 1305 1303
f 1305 1307 1306
f 1293 1304 1306
f 805 1302 1303
f 806 1303 1305
f 1305 1306 1308
f 1304 1309 1306
f 1304 1326 1310
f 805 1303 806
f 806 1305 1308
f 1306 1309 1308
f 1304 1310 1309
f 809 1308 1309
f 811 1309 1310
f 810 811 1310
f 1246 1326 1304
f 1310 1326 1322
f 777 1315 1311
f 776 1317 1315
f 1236 1312 1327
f 1236 1311 1312
f 1312 1313 1327
f 1311 1319 1312
f 1311 1315 1319
f 1313 1314 1324
f 1314 1322 1325
f 1312 1320 1313
f 1315 1318 1319
f 1315 1317 1318
f 1316 1319 1318
f 1316 1328 1320
f 1317 1331 1318
f 1313 1320 1321
f 1314 1321 1323
f 1312 1319 1320
f 1316 1320 1319
f 1314 1323 1322
f 1313 1321 1314
f 1320 1328 1321
f 1321 1329 1323
f 1321 1328 1329
f 1246 1293 1251
f 1248 1325 1326
f 1247 1324 1325
f 1246 1248 1326
f 1322 1326 1325
f 1313 1324 1327
f 1314 1325 1324
f 810 1310 1322
f 868 1323 1329
f 810 1322 1323
f 810 1323 868
f 877 1329 1334
f 1328 1334 1329
f 1317 1330 1331
f 1318 1331 1333
f 1316 1318 1333
f 1316 1332 1328
f 1316 1333 1332
f 832 1331 1330
f 833 1333 1331
f 1332 1333 1336
f 1332 1335 1334
f 832 833 1331
f 1328 1332 1334
f 833 1336 1333
f 1332 1336 1335
f 1337 1338 2508
f 303 1338 1337
f 304 1339 1338
f 305 2511 1339
f 304 305 1339
f 305 306 2511
f 347 356 1153
f 352 1267 1340
f 1179 2642 1184
f 1179 1186 2637
f 1181 4641 3482
f 1180 2639 1181
f 1182 1184 2640
f 1182 2641 1183
f 1180 1183 2638
f 1185 2645 1186
f 1185 1187 2644
f 1187 1188 2646
f 1188 1189 2647
f 1189 5916 2648
f 1343 1692 1693
f 1341 1689 1691
f 1341 1691 1342
f 1342 1691 1692
f 1341 1342 2200
f 1342 1343 2201
f 1693 1694 2204
f 1342 1692 1343
f 1343 1693 2204
f 1694 2205 2204
f 1341 2200 1715
f 1344 1715 2200
f 1344 1345 1715
f 1345 1349 1346
f 1344 1348 1345
f 1344 1347 1348
f 1346 1350 1720
f 1351 1721 1720
f 1345 1348 1349
f 1346 1349 1350
f 1350 1351 1720
f 275 283 1355
f 283 1356 1355
f 275 1355 1454
f 1353 1357 1356
f 1352 1353 1356
f 1353 1354 1357
f 1354 1411 1358
f 1355 1356 1357
f 1357 1358 1457
f 1355 1357 1457
f 1358 1458 1457
f 1358 1359 1458
f 1354 1358 1357
f 1358 1411 1359
f 1359 1412 1360
f 1359 1360 1459
f 1361 1363 1374
f 279 1361 1403
f 279 1363 1361
f 280 1362 1363
f 291 1379 1362
f 279 280 1363
f 1361 1374 1404
f 1365 1383 1381
f 1374 1381 1404
f 1364 1365 1375
f 1364 1376 1366
f 1369 1371 2445
f 1370 2446 1371
f 1370 1372 2447
f 1371 2446 2445
f 1366 1367 1370
f 1367 1368 1372
f 1364 1369 1365
f 1364 1366 1371
f 1364 1371 1369
f 1366 1370 1371
f 1367 1372 1370
f 1368 1373 1372
f 1365 1369 1383
f 1388 2445 1874
f 1369 2445 1397
f 1388 1397 2445
f 1365 1374 1375
f 1362 1375 1363
f 1362 1379 1376
f 1362 1376 1375
f 1376 1379 1377
f 1363 1375 1374
f 1364 1375 1376
f 1366 1376 1377
f 1367 1377 1378
f 1377 1380 1378
f 1365 1381 1374
f 1377 1379 1380
f 292 1380 1379
f 1366 1377 1367
f 1367 1378 1368
f 1368 1378 2450
f 1378 1380 2508
f 1369 1397 1383
f 1383 1398 1384
f 1384 1399 1385
f 1381 1384 1382
f 1382 1385 1422
f 1386 1423 1422
f 1381 1383 1384
f 1382 1384 1385
f 1385 1400 1386
f 1385 1386 1422
f 1386 1387 1423
f 1388 1389 1397
f 1389 1390 1398
f 1388 1874 1393
f 1393 2477 2476
f 1392 1393 2476
f 1392 2478 1394
f 1394 2479 1395
f 1392 2476 2478
f 1394 2478 2479
f 1388 1392 1389
f 1389 1394 1390
f 1388 1393 1392
f 1389 1392 1394
f 1390 1394 1395
f 1391 1395 1396
f 1390 1395 1391
f 1391 1396 1402
f 1395 2480 1396
f 1395 2479 2480
f 1384 1398 1399
f 1383 1397 1398
f 1385 1399 1400
f 1389 1398 1397
f 1390 1399 1398
f 1386 1400 1401
f 1390 1391 1399
f 1391 1400 1399
f 1391 1402 1400
f 1400 1402 1401
f 1386 1401 1387
f 1387 1401 2519
f 1401 1402 2482
f 1401 2482 2519
f 281 1356 283
f 281 1403 1352
f 1361 1406 1403
f 1361 1404 1406
f 1404 1405 1406
f 1352 1403 1406
f 1352 1406 1407
f 1353 1407 1408
f 1354 1408 1409
f 1405 1407 1406
f 1405 1420 1407
f 1408 1420 1421
f 1407 1420 1408
f 1408 1421 1409
f 1409 1425 1410
f 281 1352 1356
f 1352 1407 1353
f 1353 1408 1354
f 1354 1409 1411
f 1409 1410 1411
f 1410 1412 1411
f 1359 1411 1412
f 1360 1412 1413
f 1410 1414 1412
f 1412 1414 1413
f 1337 2508 1380
f 306 1506 2512
f 306 313 1517
f 1410 1430 1414
f 1413 1414 1415
f 1413 1415 1510
f 1415 1417 1510
f 1417 1511 1510
f 1419 2514 1518
f 1417 1432 1433
f 1416 1418 1433
f 1506 1518 2512
f 1414 1431 1415
f 1415 1432 1417
f 1416 1419 1418
f 1417 1433 1418
f 1418 1512 1511
f 1419 1518 1512
f 1417 1418 1511
f 1418 1419 1512
f 1382 1405 1404
f 1405 1422 1420
f 1409 1421 1425
f 1381 1382 1404
f 1382 1422 1405
f 1420 1422 1423
f 1421 1423 1424
f 1420 1423 1421
f 1421 1424 1425
f 1387 1424 1423
f 1410 1425 1430
f 1387 1426 1424
f 1424 1428 1425
f 1424 1426 1428
f 1425 1428 1430
f 1387 2519 1426
f 1426 2523 1428
f 1428 2523 1429
f 1427 1429 2525
f 1428 1429 1430
f 1429 1431 1430
f 1414 1430 1431
f 1415 1431 1432
f 1427 1431 1429
f 1427 1432 1431
f 1432 2526 1433
f 1433 2526 2527
f 1427 2526 1432
f 1416 1433 2527
f 1442 1645 1644
f 1434 1645 1443
f 1434 1444 1435
f 1436 1643 1437
f 1436 1437 1439
f 1436 1440 1442
f 1438 1560 1439
f 1439 1560 1562
f 1440 1441 1442
f 1437 1438 1439
f 1436 1439 1440
f 1440 1558 1441
f 1439 1562 1440
f 1440 1562 1558
f 1441 1558 1559
f 1441 1559 1445
f 1436 1442 1644
f 1434 1443 1444
f 1442 1443 1645
f 1441 1443 1442
f 1443 1445 1444
f 1441 1445 1443
f 1435 1444 1446
f 1444 1445 1592
f 1444 1592 1446
f 1435 1446 1448
f 1446 1447 1448
f 1446 1592 1593
f 1446 1593 1447
f 1447 1594 1449
f 1447 1737 1448
f 1447 1449 1737
f 1449 1450 1738
f 1449 1738 1737
f 1449 1595 1450
f 392 1452 1464
f 1452 1455 1453
f 277 1454 1452
f 1452 1454 1455
f 1453 1455 1461
f 1456 1461 1462
f 1453 1461 1456
f 1456 1462 1474
f 1355 1457 1454
f 1455 1457 1458
f 1359 1459 1458
f 1454 1457 1455
f 1455 1458 1461
f 1458 1459 1461
f 1459 1462 1461
f 1459 1460 1462
f 1460 1463 1462
f 1360 1460 1459
f 1462 1463 1474
f 1463 1475 1474
f 1463 1502 1475
f 391 1464 1468
f 1464 1465 1468
f 1452 1453 1464
f 1453 1456 1465
f 1453 1465 1464
f 1456 1474 1466
f 1467 1474 1475
f 1456 1466 1465
f 1466 1474 1467
f 1467 1475 1472
f 1465 1466 1469
f 1465 1469 1468
f 1466 1470 1469
f 1468 1469 1478
f 1469 1470 1479
f 1466 1467 1470
f 1467 1472 1471
f 1467 1471 1470
f 1471 1472 1473
f 1472 1494 1473
f 1472 1475 1499
f 418 1476 1477
f 1469 1479 1478
f 1478 1479 1483
f 1479 1480 1484
f 1470 1471 1480
f 1470 1480 1479
f 1471 1481 1480
f 1471 1473 1481
f 1473 1482 1481
f 1479 1484 1483
f 1480 1485 1484
f 1480 1481 1485
f 1481 1482 1486
f 1481 1486 1485
f 1482 1487 1486
f 1476 1483 1484
f 1477 1484 1485
f 1485 1486 1488
f 1486 1487 1489
f 1473 1522 1482
f 1482 1529 1487
f 1476 1484 1477
f 1477 1485 1488
f 1486 1489 1488
f 1487 1490 1489
f 419 1477 1488
f 430 1488 1489
f 1489 1490 1491
f 419 1488 430
f 430 1489 1491
f 1490 1492 1491
f 1487 1532 1490
f 1490 1533 1492
f 1492 1534 2999
f 1360 1507 1460
f 1460 1493 1463
f 1463 1493 1502
f 1460 1507 1493
f 1360 1413 1507
f 1493 1514 1502
f 1500 1502 1514
f 1472 1499 1494
f 452 1527 1525
f 1494 1503 1495
f 1497 1498 1519
f 1496 1504 1505
f 1498 1505 1519
f 1495 1504 1496
f 1496 1505 1498
f 1475 1502 1499
f 1499 1502 1500
f 1499 1500 1503
f 1500 1501 1503
f 1501 1520 1504
f 1501 1504 1503
f 1504 1520 1505
f 1494 1499 1503
f 1495 1503 1504
f 313 1521 1517
f 311 1519 1521
f 311 1521 313
f 306 1517 1506
f 1413 1510 1507
f 1507 1510 1508
f 1493 1507 1508
f 1508 1510 1511
f 1509 1511 1512
f 1512 1518 1513
f 1508 1511 1509
f 1509 1512 1513
f 1506 1513 1518
f 1493 1508 1514
f 1509 1513 1515
f 1509 1515 1514
f 1513 1516 1515
f 1517 1521 1520
f 1500 1514 1515
f 1501 1515 1516
f 1516 1517 1520
f 1506 1516 1513
f 1506 1517 1516
f 1508 1509 1514
f 450 1497 1519
f 455 1525 1497
f 1501 1516 1520
f 1500 1515 1501
f 1505 1520 1521
f 1505 1521 1519
f 1473 1494 1522
f 1482 1522 1529
f 1487 1529 1532
f 1494 1495 1522
f 1495 1496 1523
f 1495 1523 1522
f 1496 1524 1523
f 1522 1523 1529
f 1523 1524 1530
f 1524 1526 1531
f 1498 1526 1524
f 1497 1525 1526
f 1496 1498 1524
f 1497 1526 1498
f 1525 1528 1526
f 1530 1535 1532
f 1528 1536 1531
f 1531 1536 1535
f 1528 1537 1536
f 1527 1537 1528
f 1527 1541 1537
f 1523 1530 1529
f 1524 1531 1530
f 1529 1530 1532
f 1530 1531 1535
f 1526 1528 1531
f 1525 1527 1528
f 1490 1532 1533
f 1532 1535 1533
f 1492 1533 1534
f 1533 1538 1534
f 1534 1543 3086
f 1535 1536 1538
f 1536 1537 1539
f 1537 1541 1540
f 1537 1540 1539
f 1540 1541 1542
f 1533 1535 1538
f 1536 1539 1538
f 1538 1539 1543
f 1534 1538 1543
f 1539 1544 1543
f 486 1540 1542
f 1539 1540 1544
f 486 1544 1540
f 485 486 1542
f 1545 1561 1546
f 1545 1553 1563
f 1546 1554 1552
f 1545 1546 1552
f 1545 1552 1553
f 1549 1556 1569
f 1548 1557 1549
f 1548 1555 1557
f 1547 1555 1550
f 1547 1551 1566
f 1548 1550 1555
f 1547 1550 1551
f 1552 1554 1557
f 1552 1555 1553
f 1547 1567 1553
f 1552 1557 1555
f 1554 1556 1557
f 1547 1553 1555
f 1547 1566 1567
f 1546 1781 1554
f 1549 1557 1556
f 1554 1799 1556
f 1560 1563 1562
f 1545 1563 1560
f 1558 1562 1564
f 1558 1564 1565
f 1562 1563 1564
f 1558 1565 1559
f 1438 1561 1560
f 1545 1560 1561
f 1564 1568 1565
f 1563 1567 1564
f 1553 1567 1563
f 1564 1567 1568
f 1445 1559 1591
f 1559 1565 1590
f 1565 1568 1604
f 1551 1615 1566
f 1566 1615 1603
f 1566 1568 1567
f 1566 1603 1568
f 1568 1603 1604
f 1549 1569 1570
f 1548 1549 1571
f 1549 1570 1571
f 1548 1571 1572
f 1569 1577 1570
f 1550 1573 1551
f 1548 1572 1550
f 1550 1572 1573
f 1570 1577 1579
f 1570 1574 1571
f 1571 1575 1572
f 1571 1574 1575
f 1570 1579 1574
f 1577 1578 1579
f 1572 1576 1573
f 1572 1575 1576
f 1556 1803 1569
f 1569 1810 1577
f 1574 1579 1583
f 1579 1582 1583
f 1574 1584 1575
f 1575 1584 1585
f 1574 1583 1584
f 1578 1580 1582
f 1575 1585 1576
f 1584 1589 1585
f 1578 1582 1579
f 1582 1587 1586
f 1583 1586 1588
f 1584 1588 1589
f 1580 1587 1582
f 1582 1586 1583
f 1583 1588 1584
f 1586 4134 1588
f 1580 1581 1587
f 1588 4135 1589
f 1578 1811 4443
f 1577 1811 1578
f 1577 1810 1811
f 1578 4443 1580
f 1551 1573 1616
f 1573 1576 1621
f 1551 1616 1615
f 1573 1621 1616
f 1576 1585 1629
f 1585 1589 1635
f 1576 1629 1621
f 1585 1635 1629
f 1589 4209 1635
f 1559 1590 1591
f 1445 1591 1592
f 1565 1604 1590
f 1591 1599 1592
f 1593 1599 1600
f 1592 1599 1593
f 1447 1593 1594
f 1449 1594 1595
f 1450 1595 1596
f 1593 1600 1594
f 1594 1601 1595
f 1594 1600 1601
f 1595 1602 1596
f 1591 1597 1599
f 1598 1600 1599
f 1590 1597 1591
f 1597 1598 1599
f 1598 1610 1600
f 1600 1610 1601
f 1601 1611 1602
f 1601 1610 1611
f 1595 1601 1602
f 1603 1615 1617
f 1603 1617 1606
f 1606 1618 1607
f 1606 1617 1618
f 1590 1604 1605
f 1590 1605 1597
f 1604 1606 1605
f 1605 1607 1612
f 1603 1606 1604
f 1605 1606 1607
f 1607 1608 1612
f 1608 1609 1613
f 1607 1619 1608
f 1608 1620 1609
f 1597 1605 1612
f 1597 1612 1598
f 1598 1613 1610
f 1598 1612 1613
f 1610 1614 1611
f 1610 1613 1614
f 1608 1613 1612
f 1609 1614 1613
f 1611 1614 1851
f 1450 1596 1451
f 1615 1623 1617
f 1615 1616 1623
f 1607 1618 1619
f 1617 1623 1625
f 1617 1625 1618
f 1618 1626 1619
f 1619 1627 1620
f 1618 1625 1626
f 1619 1626 1627
f 1616 1622 1623
f 1623 1624 1625
f 1616 1621 1622
f 1622 1624 1623
f 1625 1628 1626
f 1624 1628 1625
f 1626 1634 1627
f 1626 1628 1634
f 1608 1619 1620
f 1609 1861 1614
f 1620 1627 1866
f 1609 1620 1862
f 1621 1629 1630
f 1621 1630 1622
f 1622 1631 1624
f 1622 1630 1631
f 1624 1631 1632
f 1629 1636 1630
f 1630 1637 1631
f 1628 1632 1633
f 1624 1632 1628
f 1628 1633 1634
f 1629 1635 1636
f 1630 1636 1637
f 1631 1638 1632
f 1631 1637 1638
f 1635 4210 1636
f 1636 4231 1637
f 1637 4232 1638
f 1632 1639 1633
f 1632 1638 1639
f 1638 4233 1639
f 1627 1634 4456
f 1620 1866 1862
f 1633 4460 1634
f 1627 4456 1866
f 1640 1641 1670
f 1640 1669 1642
f 1642 1669 1646
f 1642 1643 1644
f 1436 1644 1643
f 1640 1642 1644
f 1640 1645 1641
f 1640 1644 1645
f 1434 1641 1645
f 1434 1723 1641
f 1434 1435 1723
f 1642 1648 1643
f 1652 1656 1673
f 1646 1669 1656
f 1437 1643 1647
f 1437 1776 1438
f 1643 1648 1647
f 1648 1661 1649
f 1649 1662 1650
f 1646 1661 1648
f 1437 1647 1776
f 1647 1648 1649
f 1647 1649 1792
f 1649 1650 1792
f 1650 1793 1792
f 1651 1794 1793
f 1650 1651 1793
f 1651 1663 1794
f 1642 1646 1648
f 1652 1704 1653
f 1653 1706 1654
f 1652 1653 1656
f 1653 1654 1657
f 1654 1655 1658
f 1653 1657 1656
f 1654 1658 1657
f 1646 1656 1657
f 1657 1658 1661
f 1646 1657 1661
f 1658 1659 1662
f 1659 1660 1664
f 1655 1659 1658
f 1659 1746 1660
f 1655 1746 1659
f 1649 1661 1662
f 1650 1662 1664
f 1651 1664 1665
f 1650 1664 1651
f 1651 1665 1663
f 1658 1662 1661
f 1659 1664 1662
f 1660 1665 1664
f 1663 1665 1747
f 1666 1668 1687
f 1666 1676 1668
f 1667 1668 1677
f 1667 1679 1685
f 1666 1687 1701
f 1674 1675 1676
f 1673 1674 1678
f 1669 1670 1673
f 1670 1671 1674
f 1671 1675 1674
f 1672 1681 1675
f 1681 1725 1682
f 1671 1672 1675
f 1672 1725 1681
f 1670 1674 1673
f 1666 1678 1676
f 1668 1676 1677
f 1674 1676 1678
f 1675 1677 1676
f 1675 1681 1677
f 1677 1681 1679
f 1679 1681 1682
f 1667 1677 1679
f 1679 1680 1685
f 1679 1682 1680
f 1652 1673 1678
f 1652 1678 1705
f 1666 1705 1678
f 1667 1688 1668
f 1667 1685 1690
f 1667 1690 1688
f 1683 1690 1685
f 1683 1685 1686
f 1680 1686 1685
f 1683 1686 1684
f 1684 1686 2557
f 1688 1691 1689
f 1690 1692 1691
f 1688 1690 1691
f 1687 1688 1689
f 1683 1692 1690
f 1683 1684 1693
f 1687 1689 1696
f 1341 1697 1689
f 1668 1688 1687
f 1683 1693 1692
f 1684 1694 1693
f 1684 2556 1694
f 1680 1695 1686
f 1680 1682 1728
f 1686 1695 2557
f 1680 1728 1695
f 1687 1696 1701
f 1696 1697 1698
f 1696 1698 1710
f 1699 1711 1710
f 1698 1699 1710
f 1699 1700 1711
f 1700 1719 1712
f 1666 1701 1705
f 1701 1710 1702
f 1702 1711 1703
f 1652 1705 1704
f 1702 1704 1705
f 1703 1706 1704
f 1706 1708 1707
f 1701 1702 1705
f 1702 1703 1704
f 1703 1708 1706
f 1707 1708 1709
f 1707 1709 1745
f 1696 1710 1701
f 1702 1710 1711
f 1703 1711 1712
f 1708 1712 1713
f 1703 1712 1708
f 1708 1713 1709
f 1709 1713 1765
f 1700 1712 1711
f 1712 1719 1713
f 1341 1715 1697
f 1689 1697 1696
f 1697 1715 1714
f 1698 1714 1716
f 1699 1716 1717
f 1345 1714 1715
f 1346 1716 1714
f 1345 1346 1714
f 1346 1720 1716
f 1716 1720 1717
f 1717 1721 1718
f 1697 1714 1698
f 1698 1716 1699
f 1699 1717 1700
f 1700 1718 1719
f 1700 1717 1718
f 1717 1720 1721
f 1718 2588 1719
f 1718 1721 2599
f 1713 1719 1722
f 1713 1722 1765
f 1719 2588 1722
f 1765 2592 1766
f 1722 2592 1765
f 1641 1723 1671
f 1640 1670 1669
f 1641 1671 1670
f 1671 1723 1672
f 1672 1723 1724
f 1672 1724 1725
f 1435 1724 1723
f 1435 1448 1724
f 1724 1727 1725
f 1682 1725 1726
f 1448 1727 1724
f 1656 1669 1673
f 1682 1726 1728
f 1725 1727 1726
f 1726 1727 1740
f 1733 1740 1741
f 1726 1740 1733
f 1734 1741 1742
f 1726 1733 1728
f 1728 1733 1729
f 1729 1734 1730
f 1695 1728 1729
f 1729 1730 2558
f 1695 1729 2558
f 1730 2611 2558
f 1731 2612 2611
f 1732 2613 2612
f 1730 1731 2611
f 1731 1732 2612
f 1729 1733 1734
f 1730 1734 1735
f 1733 1741 1734
f 1734 1742 1735
f 1735 1743 1736
f 1731 1735 1736
f 1730 1735 1731
f 1731 1736 1732
f 1769 2562 2613
f 1732 1772 2613
f 1769 2613 1772
f 1764 2562 1769
f 1448 1737 1727
f 1737 1738 1740
f 1727 1737 1740
f 1738 1741 1740
f 1739 1742 1741
f 1735 1742 1743
f 1738 1739 1741
f 1739 1744 1742
f 1742 1744 1743
f 1736 1743 1826
f 1450 1739 1738
f 1451 1744 1739
f 1450 1451 1739
f 1743 1744 1827
f 1732 1736 1775
f 1732 1775 1772
f 1736 1826 1775
f 1653 1704 1706
f 1654 1706 1707
f 1654 1707 1655
f 1655 1707 1745
f 1655 1745 1746
f 1660 1746 1770
f 1709 1753 1745
f 1745 1754 1746
f 1746 1754 1770
f 1660 1748 1665
f 1663 1747 1846
f 1665 1748 1747
f 1660 1770 1748
f 1747 1748 1749
f 1749 1773 1750
f 1747 1749 1750
f 1750 1773 1752
f 1709 1765 1753
f 1745 1753 1754
f 1754 1755 1770
f 1754 1757 1755
f 1755 1758 1756
f 1753 1757 1754
f 1755 1756 1771
f 1756 1763 1767
f 1763 1764 1768
f 1762 2566 1764
f 1753 1765 1766
f 1753 1766 1757
f 1757 1760 1758
f 1757 1766 1760
f 1758 1760 1761
f 1758 1761 1759
f 1759 2614 1762
f 1759 1761 2614
f 1756 1759 1763
f 1759 1762 1763
f 1762 1764 1763
f 1755 1757 1758
f 1756 1758 1759
f 1760 1766 2594
f 1748 1770 1771
f 1748 1771 1749
f 1749 1767 1773
f 1749 1771 1767
f 1767 1768 1773
f 1768 1774 1773
f 1769 1772 1774
f 1764 1769 1768
f 1768 1769 1774
f 1755 1771 1770
f 1756 1767 1771
f 1763 1768 1767
f 1751 1774 1772
f 1752 1773 1774
f 1751 1752 1774
f 1751 1772 1775
f 1546 1561 1782
f 1561 1778 1782
f 1776 1777 1778
f 1777 1779 1778
f 1779 1780 1784
f 1777 1780 1779
f 1780 1796 1784
f 1784 1796 1785
f 1546 1782 1781
f 1554 1781 1799
f 1778 1779 1782
f 1779 1784 1783
f 1784 1785 1786
f 1785 1798 1790
f 1779 1783 1782
f 1783 1784 1786
f 1785 1790 1786
f 1790 1798 1791
f 1781 1782 1783
f 1783 1786 1787
f 1781 1783 1787
f 1786 1788 1787
f 1788 1790 1789
f 1786 1790 1788
f 1789 1790 1791
f 1789 1791 1809
f 1438 1778 1561
f 1438 1776 1778
f 1647 1792 1776
f 1777 1792 1793
f 1776 1792 1777
f 1780 1793 1794
f 1777 1793 1780
f 1780 1794 1796
f 1795 1797 1796
f 1794 1795 1796
f 1663 1795 1794
f 1785 1796 1797
f 1785 1797 1798
f 1797 1832 1798
f 1663 1846 1795
f 1795 1823 1797
f 1797 1823 1832
f 1791 1798 1831
f 1791 1835 1809
f 1798 1832 1831
f 1791 1831 1835
f 1556 1799 1803
f 1781 1787 1799
f 1787 1800 1799
f 1788 1801 1800
f 1569 1803 1810
f 1800 1804 1803
f 1799 1800 1803
f 1800 1801 1804
f 1801 1802 1805
f 1801 1805 1804
f 1802 1808 1806
f 1803 1804 1810
f 1802 1806 1805
f 1806 1808 1807
f 1787 1788 1800
f 1788 1789 1801
f 1789 1809 1802
f 1789 1802 1801
f 1802 1809 1808
f 1810 1813 1811
f 1811 1813 1812
f 1811 1812 4443
f 1804 1805 1813
f 1805 1806 1814
f 1804 1813 1810
f 1805 1814 1813
f 1806 1815 1814
f 1806 1807 1815
f 1807 1816 1815
f 1812 1814 1817
f 1812 1817 4444
f 1812 1813 1814
f 1814 1815 1817
f 1815 1818 1817
f 1815 1816 1818
f 1816 1819 1818
f 1807 1808 1857
f 1807 1857 1820
f 1808 1809 1852
f 1809 1835 1852
f 1808 1852 1857
f 1807 1820 1816
f 1816 1821 1819
f 1816 1820 1821
f 1820 1858 1821
f 1819 1821 1822
f 1821 1867 1822
f 1451 1845 1744
f 1596 1602 1839
f 1451 1596 1843
f 1451 1843 1845
f 1795 1846 1823
f 1828 1833 1832
f 1823 1828 1832
f 1744 1845 1827
f 1823 1846 1847
f 1824 1828 1847
f 1824 1825 1829
f 1775 1826 1825
f 1825 1826 1830
f 1823 1847 1828
f 1825 1830 1829
f 1824 1829 1828
f 1829 1830 1834
f 1829 1834 1833
f 1830 1844 1834
f 1827 1844 1830
f 1827 1845 1844
f 1828 1829 1833
f 1826 1827 1830
f 1602 1611 1855
f 1596 1839 1843
f 1602 1855 1839
f 1831 1832 1833
f 1833 1834 1842
f 1831 1833 1842
f 1834 1844 1837
f 1834 1837 1842
f 1837 1844 1838
f 1831 1842 1835
f 1835 1842 1836
f 1836 1842 1837
f 1838 1843 1841
f 1837 1838 1840
f 1836 1837 1840
f 1838 1841 1840
f 1839 1841 1843
f 1838 1845 1843
f 1838 1844 1845
f 1743 1827 1826
f 1747 1750 1846
f 1750 1847 1846
f 1750 1752 1847
f 1751 1824 1752
f 1752 1824 1847
f 1751 1825 1824
f 1751 1775 1825
f 1611 1851 1855
f 1614 1861 1851
f 1609 1862 1861
f 1820 1857 1848
f 1848 1849 1858
f 1849 1850 1859
f 1850 1860 1859
f 1849 1856 1850
f 1850 1855 1851
f 1850 1851 1860
f 1851 1861 1860
f 1836 1853 1852
f 1840 1854 1853
f 1835 1836 1852
f 1836 1840 1853
f 1852 1853 1857
f 1848 1853 1854
f 1849 1854 1856
f 1840 1841 1854
f 1839 1855 1856
f 1841 1856 1854
f 1839 1856 1841
f 1850 1856 1855
f 1848 1857 1853
f 1848 1854 1849
f 1820 1848 1858
f 1849 1859 1858
f 1821 1858 1867
f 1859 1869 1867
f 1861 1862 1868
f 1859 1860 1869
f 1860 1861 1868
f 1860 1868 1869
f 1858 1859 1867
f 1864 1868 1865
f 1862 1866 1865
f 1863 1867 1869
f 1864 1869 1868
f 1862 1865 1868
f 1822 1867 1863
f 1863 1869 1864
f 1870 1874 2446
f 1870 2447 1871
f 1871 2448 1872
f 1871 1872 1877
f 1872 1873 1878
f 1870 1875 1874
f 1393 1874 1875
f 1875 1876 1888
f 1876 1877 1887
f 1877 1878 1889
f 1876 1887 1888
f 1870 1876 1875
f 1870 1871 1876
f 1871 1877 1876
f 1872 1878 1877
f 1873 1879 1878
f 1875 1888 2477
f 1882 1892 1885
f 1886 1892 1893
f 1880 1884 1883
f 1880 1883 1881
f 1880 1882 1884
f 1882 1885 1884
f 1884 1885 1930
f 1883 1884 1931
f 1885 1892 1886
f 1886 1893 1934
f 1881 1888 1887
f 1880 1887 1889
f 1877 1889 1887
f 1878 1890 1889
f 1879 1891 1890
f 1880 1881 1887
f 1880 1889 1882
f 1882 1889 1890
f 1890 1891 1892
f 1882 1890 1892
f 1878 1879 1890
f 1879 2460 1891
f 1891 1893 1892
f 1891 2532 1893
f 1888 1896 2477
f 1881 1896 1888
f 1881 1898 1896
f 1894 2476 2477
f 1894 1896 1899
f 1894 1900 1895
f 1894 2477 1896
f 1894 1895 2476
f 1895 1897 2478
f 1895 1901 1897
f 1898 1911 1912
f 1898 1912 1899
f 1899 1913 1900
f 1900 1914 1901
f 1899 1912 1913
f 1900 1913 1914
f 1901 1914 1915
f 1896 1898 1899
f 1894 1899 1900
f 1895 1900 1901
f 1897 1901 1902
f 1897 1902 2481
f 1901 1915 1902
f 1883 1931 1911
f 1903 1911 1931
f 1903 1904 1911
f 1903 1951 1907
f 1903 1907 1906
f 1904 1906 1908
f 1904 1908 1905
f 1903 1906 1904
f 1905 1909 1916
f 1910 1917 1916
f 1905 1908 1909
f 1909 1910 1916
f 1906 1907 1953
f 1906 1979 1908
f 1908 1980 1909
f 1909 1981 1910
f 1881 1883 1898
f 1883 1911 1898
f 1905 1913 1912
f 1904 1912 1911
f 1913 1916 1914
f 1914 1917 1915
f 1904 1905 1912
f 1905 1916 1913
f 1914 1916 1917
f 1902 1915 2492
f 1910 1954 1917
f 1915 1917 2544
f 1915 2544 2492
f 1918 1921 1952
f 1919 1922 1920
f 1919 1956 1923
f 1918 1920 1921
f 1919 1923 1922
f 1923 1956 1924
f 1924 1957 1925
f 1920 1922 1921
f 1928 1929 2006
f 1921 1922 1928
f 1922 1923 1929
f 1922 1929 1928
f 1923 1924 1926
f 1924 1925 1927
f 1923 1926 1929
f 1924 1927 1926
f 1925 2010 1927
f 1921 1928 1984
f 1928 1967 1984
f 1928 2006 1967
f 1967 2006 1970
f 1884 1930 1931
f 1930 1936 1951
f 1930 1932 1936
f 1930 1951 1931
f 1932 1933 1937
f 1933 1935 1938
f 1885 1886 1932
f 1885 1932 1930
f 1886 1934 1933
f 1886 1933 1932
f 1933 1934 1935
f 1932 1937 1936
f 1933 1938 1937
f 1935 1939 1938
f 1938 1939 1956
f 1935 1944 1939
f 1893 2536 1934
f 1934 1940 1935
f 1893 2532 2536
f 1934 2536 1940
f 1935 1940 1944
f 1940 2536 2538
f 1940 2538 1941
f 1940 1941 1944
f 1941 1942 1945
f 1942 2542 1946
f 1947 2542 2543
f 1939 1943 1957
f 1939 1944 1943
f 1941 1945 1944
f 1942 1946 1945
f 1946 2542 1947
f 1947 2543 1948
f 1943 1944 1945
f 1945 1946 1949
f 1946 1947 1950
f 1943 1945 1949
f 1946 1950 1949
f 1947 1964 1950
f 1947 1948 1964
f 1943 1949 1959
f 1903 1931 1951
f 1907 1951 1918
f 1918 1951 1936
f 1920 1936 1937
f 1918 1936 1920
f 1919 1937 1938
f 1919 1920 1937
f 1919 1938 1956
f 1907 1918 1952
f 1907 1952 1953
f 1906 1953 1979
f 1908 1979 1980
f 1921 1984 1952
f 1917 1954 2544
f 1963 2548 2553
f 1954 1989 1955
f 1955 1990 2551
f 1965 2552 1991
f 1939 1957 1956
f 1924 1956 1957
f 1925 1957 1959
f 1925 2034 2010
f 1943 1959 1957
f 1925 1959 2034
f 1948 1958 1964
f 1958 2548 1963
f 1949 1960 1959
f 1949 1950 1960
f 1959 1960 2034
f 1950 1962 1960
f 1961 1962 1964
f 1960 1962 2035
f 1961 2036 1962
f 1961 1963 2038
f 1958 1961 1964
f 1950 1964 1962
f 1958 1963 1961
f 1963 2553 2037
f 1965 2037 2553
f 1965 2041 2037
f 1965 1996 2041
f 1967 1968 1984
f 1966 1982 1968
f 1967 1969 1968
f 1966 1968 1971
f 1966 1972 1987
f 1967 1970 1969
f 1968 1969 1971
f 1966 1971 1972
f 1972 1973 1987
f 1974 2100 1976
f 1969 1970 1974
f 1969 1976 1971
f 1971 1977 1972
f 1970 1975 1974
f 1969 1974 1976
f 1971 1976 1977
f 1972 1977 1978
f 1972 1978 1973
f 1976 2101 1977
f 1977 2102 1978
f 1952 1984 1982
f 1953 1982 1983
f 1952 1982 1953
f 1953 1983 1979
f 1979 1985 1980
f 1980 1986 1981
f 1979 1983 1985
f 1980 1985 1986
f 1909 1980 1981
f 1966 1983 1982
f 1983 1987 1985
f 1985 1992 1986
f 1968 1982 1984
f 1966 1987 1983
f 1985 1987 1992
f 1981 1986 1993
f 1910 1981 1988
f 1910 1988 1954
f 1981 1993 1988
f 1954 1988 1989
f 1988 1994 1989
f 1955 1989 1990
f 1990 1991 2551
f 1973 1992 1987
f 1973 2003 1992
f 1986 1992 1998
f 1992 2003 1998
f 1973 1978 2118
f 1973 2118 2003
f 1986 1998 1993
f 1993 1999 1994
f 1993 1998 1999
f 1994 1999 2000
f 1988 1993 1994
f 1989 1997 1990
f 1989 1994 1997
f 1990 1997 1995
f 1991 1995 1996
f 1990 1995 1991
f 1965 1991 1996
f 1995 2001 1996
f 1994 2000 1997
f 1995 1997 2002
f 1999 2005 2000
f 2000 2125 2002
f 2001 2002 2124
f 2002 2125 2124
f 1998 2004 1999
f 1998 2003 2004
f 1999 2004 2005
f 2000 2005 2125
f 1997 2000 2002
f 1995 2002 2001
f 1926 2007 1929
f 1929 2007 2006
f 1926 2008 2007
f 2007 2008 2012
f 2006 2007 2013
f 1927 2010 2009
f 1926 1927 2008
f 1927 2009 2008
f 2009 2010 2011
f 2008 2009 2014
f 2009 2011 2015
f 2009 2015 2014
f 2011 2016 2015
f 2007 2012 2013
f 2008 2014 2012
f 2012 2022 2013
f 2014 2015 2019
f 2012 2014 2023
f 2011 2029 2016
f 1970 2006 2013
f 1970 2013 1975
f 1975 2013 2022
f 2017 2023 2018
f 2017 2053 2104
f 2017 2018 2053
f 2018 2025 2052
f 2018 2052 2053
f 2025 2054 2052
f 2012 2023 2022
f 2014 2019 2023
f 2015 2020 2019
f 2015 2016 2020
f 2016 2021 2020
f 2020 2021 2024
f 2016 2042 2021
f 2021 2047 2026
f 2017 2022 2023
f 2018 2023 2019
f 2019 2020 2025
f 2017 2099 2022
f 2018 2019 2025
f 2020 2024 2025
f 2021 2026 2024
f 2024 2054 2025
f 2024 2026 2060
f 2010 2027 2011
f 2010 2034 2027
f 2027 2035 2028
f 2011 2027 2029
f 2027 2028 2029
f 2028 2039 2030
f 2028 2030 2029
f 2030 2039 2031
f 2031 2040 2032
f 1960 2035 2034
f 1962 2036 2035
f 1961 2038 2036
f 1963 2037 2038
f 2027 2034 2035
f 2028 2035 2036
f 2036 2038 2039
f 2037 2040 2038
f 2028 2036 2039
f 2038 2040 2039
f 2037 2041 2040
f 2031 2039 2040
f 2032 2040 2041
f 2032 2041 2033
f 1996 2033 2041
f 1996 2001 2033
f 2001 2124 2045
f 2001 2045 2033
f 2016 2029 2042
f 2021 2042 2047
f 2029 2030 2042
f 2030 2043 2042
f 2030 2031 2043
f 2031 2032 2044
f 2032 2033 2046
f 2031 2044 2043
f 2032 2046 2044
f 2033 2045 2046
f 2042 2043 2047
f 2043 2044 2048
f 2045 2051 2046
f 2044 2046 2050
f 2043 2048 2047
f 2044 2050 2048
f 2046 2051 2050
f 2045 2124 2049
f 2049 2127 2077
f 2026 2047 2073
f 2047 2048 2073
f 2048 2074 2073
f 2045 2049 2051
f 2048 2050 2074
f 2050 2051 2075
f 2049 2076 2051
f 2050 2075 2074
f 2049 2077 2076
f 2051 2076 2075
f 2077 2129 2078
f 2052 2055 2053
f 2052 2054 2058
f 2052 2058 2055
f 2054 2060 2056
f 2054 2056 2058
f 2056 2060 2057
f 2057 2062 2064
f 2055 2058 2059
f 2056 2063 2058
f 2058 2063 2059
f 2056 2057 2065
f 2056 2065 2063
f 2057 2064 2065
f 2062 2066 2064
f 2024 2060 2054
f 2026 2061 2060
f 2057 2060 2061
f 2061 2080 2062
f 2026 2073 2061
f 2061 2073 2080
f 2057 2061 2062
f 2062 2083 2066
f 2062 2080 2083
f 2063 2065 2067
f 2059 2063 2068
f 2064 2069 2065
f 2063 2067 2068
f 2065 2069 2067
f 2064 2066 2070
f 2064 2070 2069
f 2066 2071 2070
f 2067 2157 2068
f 2067 2069 2158
f 2069 2070 2072
f 2070 2071 6693
f 2067 2158 2157
f 2069 2072 2158
f 2070 6693 2072
f 2071 6694 6693
f 2066 2089 2071
f 2066 2083 2089
f 2071 2093 6694
f 2071 2089 2093
f 2093 6695 6694
f 2073 2074 2080
f 2074 2075 2081
f 2074 2081 2080
f 2075 2082 2081
f 2075 2076 2082
f 2076 2077 2079
f 2076 2079 2082
f 2077 2078 2079
f 2080 2081 2083
f 2081 2082 2084
f 2079 2087 2082
f 2079 2086 2087
f 2081 2084 2083
f 2082 2087 2084
f 2085 2092 2086
f 2078 2086 2079
f 2078 2085 2086
f 2083 2084 2089
f 2084 2087 2091
f 2086 2090 2087
f 2085 2088 2092
f 2084 2091 2089
f 2087 2090 2091
f 2086 2092 2090
f 2089 2091 2093
f 2090 2095 2091
f 2088 2097 2092
f 2090 2092 2096
f 2088 2094 2097
f 2091 2095 2093
f 2090 2096 2095
f 2092 2097 2096
f 2093 2095 6695
f 2095 6696 6695
f 2095 2096 6696
f 2096 2097 6738
f 2094 6739 2097
f 2097 6739 6738
f 2096 6738 6696
f 1975 2022 2099
f 1974 1975 2098
f 1975 2099 2098
f 1974 2098 2100
f 1976 2100 2101
f 2098 2099 2103
f 2098 2105 2100
f 2100 2106 2101
f 2101 2107 2102
f 1977 2101 2102
f 2017 2104 2099
f 2098 2103 2105
f 2099 2104 2103
f 2100 2105 2106
f 2101 2106 2107
f 2105 2114 2106
f 2103 2104 2113
f 2103 2112 2105
f 2106 2114 2115
f 2106 2115 2107
f 2102 2107 2132
f 2053 2111 2104
f 2053 2055 2111
f 2055 2110 2111
f 2109 2113 2111
f 2108 2113 2109
f 2109 2111 2110
f 2109 2110 2147
f 2108 2109 2146
f 2108 2148 2116
f 2110 2145 2147
f 2109 2147 2146
f 2108 2146 2148
f 2104 2111 2113
f 2103 2113 2112
f 2105 2112 2114
f 2112 2116 2114
f 2108 2112 2113
f 2114 2117 2115
f 2108 2116 2112
f 2114 2116 2117
f 2107 2115 2131
f 2116 2156 2117
f 2116 2148 2156
f 2117 2156 2171
f 2115 2117 2138
f 2117 2171 2138
f 1978 2102 2120
f 1978 2120 2118
f 2003 2118 2119
f 2118 2121 2119
f 2119 2122 2128
f 2118 2120 2121
f 2122 2123 2128
f 2119 2121 2122
f 2121 2134 2122
f 2122 2135 2123
f 2123 2130 2129
f 2102 2132 2120
f 2120 2132 2133
f 2120 2133 2121
f 2121 2133 2134
f 2122 2134 2135
f 2003 2119 2004
f 2004 2128 2005
f 2004 2119 2128
f 2005 2126 2125
f 2005 2128 2126
f 2124 2125 2127
f 2125 2126 2127
f 2123 2126 2128
f 2049 2124 2127
f 2126 2129 2127
f 2123 2129 2126
f 2077 2127 2129
f 2078 2129 2130
f 2123 2135 2130
f 2085 2130 2141
f 2107 2131 2132
f 2115 2138 2131
f 2132 2136 2133
f 2133 2137 2134
f 2134 2140 2135
f 2131 2136 2132
f 2133 2136 2137
f 2134 2137 2140
f 2130 2135 2141
f 2135 2140 2141
f 2131 2138 2139
f 2139 2173 2142
f 2138 2172 2139
f 2140 2144 2141
f 2131 2139 2136
f 2136 2142 2137
f 2137 2142 2143
f 2136 2139 2142
f 2137 2143 2140
f 2140 2143 2144
f 2055 2059 2110
f 2059 2145 2110
f 2059 2068 2145
f 2068 2150 2145
f 2146 2147 2151
f 2146 2152 2148
f 2148 2153 2156
f 2145 2150 2149
f 2145 2149 2147
f 2148 2152 2153
f 2147 2149 2151
f 2146 2151 2152
f 2149 2161 2151
f 2151 2154 2152
f 2152 2155 2153
f 2149 2150 2159
f 2150 2160 2159
f 2149 2159 2161
f 2151 2161 2154
f 2152 2154 2155
f 2153 2176 2156
f 2156 2176 2171
f 2153 2155 2181
f 2153 2181 2176
f 2068 2157 2150
f 2157 6697 2160
f 2150 2157 2160
f 2159 2163 2161
f 2159 2160 2166
f 2154 2161 2164
f 2159 2166 2163
f 2160 2162 2166
f 2160 6697 2162
f 2154 2165 2155
f 2161 2163 2164
f 2154 2164 2165
f 2163 2169 2164
f 2163 2166 2168
f 2162 2167 2166
f 2164 2170 2165
f 2164 2169 2170
f 2162 6717 2167
f 2163 2168 2169
f 2166 2167 2168
f 2155 2165 2186
f 2155 2186 2181
f 2165 2170 2191
f 2165 2191 2186
f 2170 6762 2191
f 2078 2130 2085
f 2088 2141 2144
f 2085 2141 2088
f 2088 2144 2094
f 2094 2144 2175
f 2138 2171 2172
f 2139 2172 2173
f 2171 2179 2172
f 2172 2180 2173
f 2171 2176 2179
f 2172 2179 2180
f 2173 2178 2174
f 2142 2174 2143
f 2143 2175 2144
f 2143 2174 2175
f 2142 2173 2174
f 2174 2177 2175
f 2176 2182 2179
f 2173 2180 2178
f 2174 2178 2177
f 2176 2181 2182
f 2177 2178 2185
f 2179 2183 2180
f 2178 2180 2184
f 2180 2183 2184
f 2179 2182 2183
f 2178 2184 2185
f 2094 2175 6740
f 2094 6740 6739
f 2177 6743 6740
f 2175 2177 6740
f 2177 2185 6743
f 2183 2189 2184
f 2184 2190 2185
f 2184 2189 2190
f 2185 2190 6747
f 2181 2187 2182
f 2182 2188 2183
f 2181 2186 2187
f 2182 2187 2188
f 2183 2188 2189
f 2186 2192 2187
f 2187 2192 2195
f 2186 2191 2192
f 2187 2195 2188
f 2188 2193 2189
f 2188 2195 2193
f 2189 2194 2190
f 2191 6763 2192
f 2192 6764 2195
f 2189 2193 2194
f 2227 2233 2232
f 2232 2236 2288
f 2236 2283 2288
f 2196 2202 2206
f 2197 2206 2207
f 2207 2208 2210
f 2196 2206 2197
f 2197 2207 2210
f 2208 2211 2210
f 1343 2203 2201
f 2198 2203 2204
f 1342 2201 2200
f 2201 2203 2206
f 2200 2201 2202
f 2201 2206 2202
f 2203 2207 2206
f 2198 2207 2203
f 2198 2199 2208
f 1343 2204 2203
f 2198 2204 2205
f 2198 2205 2199
f 2198 2208 2207
f 2199 2209 2208
f 2208 2209 2211
f 2199 2205 2573
f 2199 2570 2209
f 2196 2197 2223
f 2197 2210 2224
f 2210 2225 2224
f 2210 2211 2225
f 2211 2212 2226
f 2209 2212 2211
f 2211 2226 2225
f 2212 2213 2226
f 2209 2580 2212
f 2209 2570 2580
f 2212 2214 2213
f 2213 2214 2258
f 2212 2580 2214
f 2214 2580 2581
f 2214 2581 2255
f 2196 2223 2218
f 2217 2218 2223
f 2215 2218 2217
f 2217 2291 2292
f 2215 2217 2292
f 1344 2200 2202
f 1347 2202 2196
f 1344 2202 1347
f 1347 2196 2218
f 1347 2219 1348
f 1348 2220 1349
f 1347 2218 2219
f 1348 2219 2220
f 1349 2220 2221
f 1350 2221 2222
f 2215 2219 2218
f 2216 2220 2219
f 2220 2285 2221
f 2221 2286 2222
f 1349 2221 1350
f 1350 2222 1351
f 1351 2222 2602
f 2215 2216 2219
f 2216 2285 2220
f 2221 2285 2286
f 2222 2286 2617
f 2222 2617 2602
f 2224 2225 2227
f 2223 2224 2228
f 2217 2223 2228
f 2197 2224 2223
f 2224 2227 2228
f 2225 2229 2227
f 2225 2226 2229
f 2213 2230 2226
f 2226 2230 2229
f 2229 2230 2234
f 2227 2232 2228
f 2227 2229 2233
f 2213 2231 2230
f 2228 2232 2291
f 2213 2258 2231
f 2217 2228 2291
f 2232 2288 2291
f 2229 2234 2233
f 2232 2233 2236
f 2234 2241 2240
f 2233 2234 2240
f 2234 2235 2241
f 2235 2257 2242
f 2233 2240 2236
f 2237 2238 2240
f 2235 2242 2241
f 2239 2242 2257
f 2237 2240 2241
f 2236 2240 2238
f 2241 2242 2244
f 2237 2241 2244
f 2239 2248 2242
f 2242 2248 2244
f 2239 2249 2248
f 2236 2238 2283
f 2238 2303 2283
f 2238 2245 2303
f 2243 2252 2357
f 2237 2245 2238
f 2237 2244 2247
f 2237 2247 2245
f 2244 2248 2246
f 2248 2249 2250
f 2244 2246 2247
f 2246 2248 2250
f 2249 2251 2250
f 2246 2252 2247
f 2246 2253 2252
f 2246 2250 2253
f 2250 2251 2254
f 2250 2254 2253
f 2251 2363 2254
f 2249 2270 2251
f 2251 2376 2363
f 2243 2308 2245
f 2243 2245 2247
f 2243 2247 2252
f 2243 2357 2315
f 2214 2255 2258
f 2255 2259 2258
f 2255 2256 2259
f 2256 2615 2260
f 2230 2231 2235
f 2230 2235 2234
f 2231 2257 2235
f 2231 2263 2257
f 2239 2257 2275
f 2257 2263 2275
f 2231 2258 2263
f 2258 2259 2263
f 2261 2615 2616
f 2261 2616 2262
f 2259 2260 2264
f 2260 2261 2265
f 2261 2262 2267
f 2256 2260 2259
f 2260 2615 2261
f 2262 2607 2266
f 2266 2609 2279
f 2259 2264 2263
f 2264 2276 2275
f 2263 2264 2275
f 2264 2265 2276
f 2265 2267 2277
f 2266 2278 2267
f 2265 2277 2276
f 2267 2278 2277
f 2266 2279 2278
f 2260 2265 2264
f 2261 2267 2265
f 2262 2266 2267
f 2279 2609 2621
f 2274 2332 2340
f 2279 2621 2282
f 2282 2621 2332
f 2239 2268 2249
f 2249 2268 2270
f 2239 2275 2268
f 2251 2270 2376
f 2268 2269 2270
f 2269 2280 2271
f 2269 2271 2270
f 2271 2280 2272
f 2272 2281 2273
f 2270 2271 2376
f 2271 2272 2377
f 2272 2273 2378
f 2273 2274 2379
f 2350 2390 2380
f 2268 2275 2276
f 2269 2276 2277
f 2277 2278 2280
f 2268 2276 2269
f 2278 2279 2281
f 2269 2277 2280
f 2278 2281 2280
f 2279 2282 2281
f 2272 2280 2281
f 2273 2281 2282
f 2273 2282 2274
f 2274 2282 2332
f 2274 2340 2380
f 2283 2304 2296
f 2296 2305 2297
f 2215 2284 2216
f 2215 2292 2284
f 2216 2284 2293
f 2216 2293 2285
f 2285 2294 2286
f 2285 2293 2294
f 2287 2292 2291
f 2287 2291 2288
f 2287 2289 2292
f 2284 2289 2290
f 2284 2292 2289
f 2284 2290 2293
f 2293 2295 2294
f 2290 2295 2293
f 2287 2288 2296
f 2287 2297 2289
f 2283 2296 2288
f 2287 2296 2297
f 2289 2297 2298
f 2289 2298 2290
f 2290 2299 2295
f 2290 2298 2299
f 2297 2306 2298
f 2298 2307 2299
f 2294 2295 2329
f 2295 2299 2327
f 2286 2294 2300
f 2286 2300 2617
f 2294 2329 2300
f 2295 2327 2329
f 2300 2301 2617
f 2300 2329 2330
f 2301 2331 2302
f 2300 2330 2301
f 2283 2303 2304
f 2296 2304 2305
f 2297 2305 2306
f 2303 2311 2304
f 2304 2309 2305
f 2304 2311 2309
f 2305 2309 2310
f 2305 2310 2306
f 2306 2312 2307
f 2306 2310 2312
f 2245 2308 2303
f 2308 2317 2311
f 2309 2311 2316
f 2308 2315 2317
f 2311 2317 2316
f 2309 2316 2318
f 2303 2308 2311
f 2309 2318 2310
f 2310 2321 2312
f 2310 2318 2321
f 2313 2322 2414
f 2313 2314 2323
f 2243 2315 2308
f 2315 2323 2317
f 2315 2322 2323
f 2312 2321 2345
f 2315 2357 2322
f 2316 2317 2319
f 2316 2320 2318
f 2318 2324 2321
f 2317 2323 2319
f 2316 2319 2320
f 2318 2320 2324
f 2321 2324 2348
f 2313 2323 2322
f 2314 2319 2323
f 2319 2325 2320
f 2320 2326 2324
f 2314 2325 2319
f 2320 2325 2326
f 2324 2326 2426
f 2298 2306 2307
f 2299 2307 2335
f 2299 2335 2327
f 2307 2312 2341
f 2307 2341 2335
f 2327 2328 2329
f 2328 2330 2329
f 2302 2333 2620
f 2332 2621 2620
f 2332 2620 2333
f 2301 2330 2331
f 2302 2331 2333
f 2331 2339 2333
f 2330 2334 2331
f 2328 2334 2330
f 2331 2334 2339
f 2332 2333 2340
f 2339 2350 2340
f 2327 2335 2336
f 2327 2336 2328
f 2328 2337 2334
f 2334 2338 2339
f 2335 2342 2336
f 2334 2337 2338
f 2328 2336 2337
f 2338 2350 2339
f 2333 2339 2340
f 2312 2345 2341
f 2335 2341 2342
f 2341 2346 2342
f 2341 2345 2346
f 2342 2346 2347
f 2342 2347 2351
f 2343 2351 2347
f 2343 2344 2352
f 2343 2430 2344
f 2321 2348 2345
f 2324 2426 2348
f 2345 2349 2346
f 2345 2348 2349
f 2346 2349 2428
f 2346 2428 2347
f 2343 2347 2429
f 2347 2428 2429
f 2343 2429 2430
f 2340 2350 2380
f 2336 2351 2337
f 2337 2352 2338
f 2338 2352 2353
f 2336 2342 2351
f 2337 2351 2352
f 2338 2353 2350
f 2344 2353 2352
f 2343 2352 2351
f 2350 2353 2390
f 2252 2253 2354
f 2252 2354 2357
f 2253 2355 2354
f 2254 2356 2355
f 2354 2358 2357
f 2354 2355 2359
f 2322 2357 2358
f 2354 2359 2358
f 2356 2364 2361
f 2355 2356 2360
f 2355 2360 2359
f 2356 2361 2360
f 2359 2360 2365
f 2361 2364 2362
f 2358 2359 2366
f 2253 2254 2355
f 2254 2363 2356
f 2356 2363 2364
f 2363 2381 2364
f 2362 2364 2383
f 2364 2381 2383
f 2365 2370 2366
f 2360 2361 2367
f 2361 2368 2367
f 2361 2362 2368
f 2362 2369 2368
f 2359 2365 2366
f 2360 2367 2365
f 2367 2368 2372
f 2365 2367 2371
f 2365 2371 2370
f 2370 2371 2400
f 2371 2372 2401
f 2372 2373 2402
f 2367 2372 2371
f 2368 2369 2373
f 2368 2373 2372
f 2369 2374 2373
f 2373 2374 2403
f 2362 2391 2369
f 2362 2383 2391
f 2369 2375 2374
f 2369 2391 2375
f 2374 2375 2405
f 2375 2398 2405
f 2363 2376 2381
f 2376 2377 2381
f 2377 2382 2381
f 2271 2377 2376
f 2272 2378 2377
f 2273 2379 2378
f 2274 2380 2379
f 2377 2378 2382
f 2378 2379 2388
f 2379 2380 2389
f 2379 2389 2388
f 2378 2388 2382
f 2380 2390 2389
f 2353 2386 2390
f 2381 2382 2383
f 2382 2388 2384
f 2385 2388 2389
f 2382 2384 2383
f 2384 2388 2385
f 2385 2389 2387
f 2387 2389 2390
f 2386 2387 2390
f 2344 2395 2386
f 2383 2384 2391
f 2384 2392 2391
f 2384 2385 2392
f 2385 2387 2393
f 2386 2394 2387
f 2385 2393 2392
f 2386 2395 2394
f 2387 2394 2393
f 2375 2391 2392
f 2393 2394 2399
f 2394 2395 2396
f 2392 2393 2398
f 2375 2392 2398
f 2394 2396 2399
f 2393 2399 2398
f 2395 2397 2396
f 2396 2397 2412
f 2398 2399 2406
f 2396 2411 2399
f 2397 2410 2412
f 2371 2401 2400
f 2372 2402 2401
f 2373 2403 2402
f 2374 2404 2403
f 2374 2405 2404
f 2404 2405 2407
f 2398 2406 2405
f 2405 2406 2407
f 2406 2411 2408
f 2406 2408 2407
f 2408 2411 2409
f 2399 2411 2406
f 2396 2412 2411
f 2409 2411 2412
f 2410 2413 2412
f 2409 2412 2413
f 2410 2444 2413
f 2322 2358 2414
f 2358 2366 2414
f 2366 2415 2414
f 2313 2417 2314
f 2314 2418 2325
f 2313 2414 2416
f 2314 2417 2418
f 2325 2418 2419
f 2414 2415 2416
f 2313 2416 2417
f 2415 2422 2416
f 2416 2420 2417
f 2416 2422 2420
f 2417 2420 2421
f 2417 2421 2418
f 2418 2424 2419
f 2418 2421 2424
f 2415 2423 2422
f 2325 2419 2326
f 2326 2419 2435
f 2326 2435 2426
f 2419 2424 2439
f 2419 2439 2435
f 2366 2370 2415
f 2370 2423 2415
f 2370 2400 2423
f 2400 2425 2423
f 2420 2422 2425
f 2422 2423 2425
f 2420 2425 2421
f 2421 2425 2424
f 2425 2444 2442
f 2424 2425 2439
f 2425 2440 2439
f 2425 2441 2440
f 2425 2442 2443
f 2425 2443 2441
f 2344 2386 2353
f 2344 2430 2395
f 2397 2430 2438
f 2348 2426 2427
f 2426 2436 2427
f 2428 2432 2429
f 2429 2438 2430
f 2348 2427 2349
f 2349 2431 2428
f 2429 2432 2438
f 2349 2427 2431
f 2428 2431 2432
f 2427 2437 2431
f 2431 2433 2432
f 2427 2436 2437
f 2431 2437 2433
f 2432 2433 2434
f 2426 2435 2436
f 2435 2440 2436
f 2436 2441 2437
f 2433 2437 2443
f 2432 2434 2438
f 2395 2430 2397
f 2397 2438 2410
f 2410 2438 2434
f 2410 2434 2444
f 2435 2439 2440
f 2436 2440 2441
f 2437 2441 2443
f 2433 2442 2434
f 2433 2443 2442
f 2434 2442 2444
f 2400 2401 2425
f 2401 2402 2425
f 2402 2403 2425
f 2403 2404 2425
f 2404 2407 2425
f 2407 2408 2425
f 2408 2409 2425
f 2409 2413 2425
f 2413 2444 2425
f 1870 2446 2447
f 1874 2445 2446
f 1370 2447 2446
f 1372 2448 2447
f 1372 1373 2448
f 1373 2449 2448
f 1871 2447 2448
f 1872 2448 2449
f 1872 2449 1873
f 1373 2451 2449
f 1873 2449 2466
f 2449 2451 2466
f 1368 2452 1373
f 1378 2508 2450
f 1368 2450 2452
f 1373 2452 2451
f 2450 2515 2452
f 2452 2515 2453
f 2453 2515 2516
f 2453 2516 2454
f 2451 2452 2453
f 2454 2517 2455
f 2451 2453 2465
f 2454 2471 2465
f 2453 2454 2465
f 2454 2455 2471
f 2455 2456 2472
f 2470 2473 2528
f 1873 2457 1879
f 1873 2466 2457
f 2457 2467 2458
f 2457 2458 2460
f 1879 2457 2460
f 1891 2460 2532
f 2460 2461 2532
f 2458 2459 2461
f 2459 2475 2462
f 2463 2475 2474
f 2458 2461 2460
f 2459 2462 2461
f 2462 2475 2463
f 2463 2474 2464
f 2465 2467 2466
f 2451 2465 2466
f 2465 2471 2467
f 2468 2471 2472
f 2457 2466 2467
f 2458 2467 2468
f 2459 2468 2469
f 2469 2470 2475
f 2467 2471 2468
f 2468 2472 2469
f 2469 2473 2470
f 2455 2472 2471
f 2456 2473 2472
f 2469 2472 2473
f 2458 2468 2459
f 2459 2469 2475
f 2464 2474 2531
f 2470 2529 2474
f 2470 2474 2475
f 2464 2489 2537
f 1393 1875 2477
f 1895 2478 2476
f 1897 2479 2478
f 2479 2481 2480
f 1897 2481 2479
f 1396 2480 2490
f 2480 2481 2491
f 1902 2494 2481
f 2480 2491 2490
f 1396 2483 1402
f 1402 2483 2482
f 1396 2490 2483
f 2474 2529 2531
f 2482 2483 2486
f 2482 2486 2485
f 2484 2485 2487
f 2485 2486 2487
f 2484 2488 2530
f 2483 2501 2486
f 2486 2502 2487
f 2487 2503 2488
f 2489 2531 2530
f 2484 2487 2488
f 2488 2489 2530
f 2483 2490 2501
f 2486 2501 2502
f 2500 2541 2537
f 2500 2507 2541
f 1902 2492 2494
f 2481 2494 2491
f 2491 2494 2495
f 2491 2495 2506
f 2497 2504 2506
f 2492 2545 2493
f 2493 2495 2494
f 2495 2499 2497
f 2495 2497 2506
f 2496 2504 2497
f 2496 2498 2505
f 2496 2550 2549
f 2496 2497 2550
f 2496 2549 2498
f 2492 2493 2494
f 2493 2499 2495
f 2497 2499 2550
f 2489 2500 2537
f 2487 2502 2503
f 2464 2531 2489
f 2488 2500 2489
f 2488 2503 2500
f 2490 2506 2501
f 2490 2491 2506
f 2501 2506 2504
f 2501 2504 2502
f 2502 2504 2505
f 2503 2505 2507
f 2502 2505 2503
f 2500 2503 2507
f 2498 2507 2505
f 2496 2505 2504
f 1338 2509 2508
f 2450 2508 2509
f 2450 2509 2515
f 2509 2510 2515
f 2510 2513 2516
f 2513 2514 2517
f 1416 2456 2518
f 1338 1339 2509
f 1339 2511 2510
f 2511 2512 2513
f 306 2512 2511
f 1339 2510 2509
f 2510 2511 2513
f 2512 2514 2513
f 1419 2518 2514
f 2510 2516 2515
f 2454 2516 2517
f 2455 2517 2518
f 2513 2517 2516
f 2514 2518 2517
f 2455 2518 2456
f 2473 2527 2528
f 1416 2527 2456
f 2456 2527 2473
f 2470 2528 2529
f 1518 2514 2512
f 1416 2518 1419
f 1426 2520 2523
f 2521 2522 2525
f 2522 2529 2524
f 1426 2519 2520
f 2520 2521 2523
f 2485 2520 2519
f 2482 2485 2519
f 2484 2520 2485
f 2521 2530 2522
f 2484 2521 2520
f 1429 2523 2525
f 2521 2525 2523
f 2526 2528 2527
f 1427 2524 2526
f 1427 2525 2524
f 2524 2528 2526
f 2522 2524 2525
f 2524 2529 2528
f 2522 2530 2531
f 2484 2530 2521
f 2522 2531 2529
f 2461 2533 2532
f 2462 2534 2533
f 2532 2533 2536
f 2533 2538 2536
f 2533 2534 2538
f 2534 2535 2539
f 2535 2537 2540
f 2534 2539 2538
f 2535 2540 2539
f 2537 2541 2540
f 2461 2462 2533
f 2462 2463 2534
f 2463 2535 2534
f 2464 2537 2535
f 2463 2464 2535
f 1941 2538 2539
f 1941 2539 1942
f 1942 2540 2542
f 1942 2539 2540
f 2540 2541 2542
f 2541 2543 2542
f 1948 2498 2549
f 2507 2543 2541
f 2498 2543 2507
f 1948 2543 2498
f 1948 2549 1958
f 2492 2544 2545
f 2499 2547 2550
f 2493 2546 2499
f 2493 2545 2546
f 2499 2546 2547
f 1955 2545 2544
f 2545 2551 2546
f 1955 2551 2545
f 1954 1955 2544
f 2546 2552 2547
f 2547 2548 2550
f 2547 2553 2548
f 2548 2549 2550
f 1958 2549 2548
f 2546 2551 2552
f 2547 2552 2553
f 1991 2552 2551
f 1965 2553 2552
f 1179 2637 2642
f 1186 2645 2637
f 1180 2638 2639
f 1181 2639 4641
f 1184 2642 2640
f 1182 2640 2641
f 1183 2641 2638
f 1189 2648 2647
f 2648 5916 7159
f 1185 2644 2645
f 1187 2646 2644
f 1188 2647 2646
f 1694 2554 2205
f 1694 2556 2554
f 2205 2554 2573
f 2199 2573 2570
f 2554 2555 2573
f 2555 2574 2573
f 2555 2567 2574
f 2567 2568 2575
f 1684 2557 2556
f 2556 2557 2559
f 2556 2559 2563
f 2560 2564 2563
f 2557 2558 2559
f 1695 2558 2557
f 2558 2611 2559
f 2559 2611 2560
f 2560 2612 2561
f 2560 2611 2612
f 2561 2612 2613
f 2561 2613 2562
f 2559 2560 2563
f 2560 2561 2564
f 2561 2565 2564
f 2562 2566 2565
f 2561 2562 2565
f 1762 2569 2566
f 2554 2556 2563
f 2555 2563 2564
f 2554 2563 2555
f 2555 2564 2567
f 2565 2568 2567
f 2564 2565 2567
f 2565 2566 2568
f 2566 2569 2568
f 2568 2569 2576
f 2569 2614 2577
f 2570 2574 2571
f 2570 2571 2580
f 2570 2573 2574
f 2571 2574 2575
f 2572 2575 2576
f 2567 2575 2574
f 2568 2576 2575
f 2569 2577 2576
f 2571 2575 2572
f 2576 2577 2578
f 2572 2576 2578
f 2577 2579 2578
f 2571 2581 2580
f 2571 2572 2581
f 2572 2582 2581
f 2578 2583 2582
f 2572 2578 2582
f 2578 2579 2583
f 2579 2584 2583
f 2255 2581 2582
f 2256 2582 2583
f 2583 2584 2615
f 2255 2582 2256
f 2256 2583 2615
f 2584 2616 2615
f 1351 2585 1721
f 1718 2599 2588
f 1721 2585 2599
f 1351 2602 2585
f 2585 2586 2599
f 2586 2600 2599
f 2585 2603 2586
f 2586 2587 2600
f 2587 2606 2601
f 2596 2606 2605
f 1762 2614 2569
f 2577 2614 2595
f 2577 2595 2579
f 2579 2595 2597
f 1722 2588 2589
f 2588 2599 2600
f 2588 2600 2589
f 2589 2601 2590
f 1722 2589 2592
f 2590 2594 2592
f 1766 2592 2594
f 1760 2594 2593
f 1761 2593 2595
f 2591 2593 2594
f 2593 2597 2595
f 2591 2597 2593
f 2589 2590 2592
f 2590 2591 2594
f 2589 2600 2601
f 2590 2596 2591
f 2590 2601 2596
f 2591 2598 2597
f 2591 2596 2598
f 2596 2605 2598
f 2587 2601 2600
f 2596 2601 2606
f 2579 2597 2584
f 2584 2597 2598
f 2598 2605 2616
f 2262 2616 2605
f 2584 2598 2616
f 2602 2618 2603
f 2602 2617 2618
f 2603 2619 2604
f 2603 2618 2619
f 2604 2619 2610
f 2604 2610 2608
f 2607 2608 2609
f 2586 2604 2587
f 2606 2608 2607
f 2585 2602 2603
f 2586 2603 2604
f 2587 2604 2608
f 2587 2608 2606
f 2605 2606 2607
f 2262 2605 2607
f 2266 2607 2609
f 2608 2610 2609
f 2609 2610 2621
f 1764 2566 2562
f 1761 2595 2614
f 1760 2593 1761
f 2301 2618 2617
f 2301 2302 2618
f 2302 2619 2618
f 2610 2619 2620
f 2302 2620 2619
f 2610 2620 2621
f 2623 2627 2624
f 2623 2650 2626
f 2622 2651 2624
f 2623 2624 2650
f 2623 2626 2625
f 2625 2626 2627
f 2623 2625 2627
f 2629 2630 2653
f 2629 2633 2630
f 2630 2631 2654
f 2629 2643 2633
f 2631 2632 2654
f 2630 2633 2631
f 2631 2633 2632
f 2622 2624 2643
f 2622 2643 2635
f 2634 2643 2636
f 2634 2635 2643
f 2628 2636 2643
f 2637 2643 2642
f 2640 2642 2643
f 2624 2627 2643
f 2627 2641 2640
f 2627 4641 2639
f 2627 2638 2641
f 2627 2639 2638
f 2627 2640 2643
f 2628 2643 2629
f 2643 2644 2646
f 2643 2646 2647
f 2637 2645 2643
f 2643 2645 2644
f 2633 2648 7159
f 2633 2643 2647
f 2633 2647 2648
f 2655 4588 2656
f 2622 2649 2651
f 2655 2657 4588
f 2650 2651 4588
f 2649 4588 2651
f 2649 2656 4588
f 2626 2650 4588
f 2626 4588 2627
f 2627 4588 4641
f 2624 2651 2650
f 2657 7152 4588
f 2628 2629 2652
f 2653 2654 7152
f 2652 7152 2657
f 2652 2653 7152
f 2629 2653 2652
f 2630 2654 2653
f 2632 7152 2654
f 2632 2633 7152
f 2633 7159 7152
f 2634 2656 2635
f 2636 2657 2655
f 2634 2655 2656
f 2634 2636 2655
f 2622 2635 2649
f 2635 2656 2649
f 2628 2657 2636
f 2628 2652 2657
f 4588 7152 9427
f 2658 2659 2664
f 2658 2663 2665
f 2658 2665 2660
f 2659 2661 2668
f 57 2660 2665
f 2661 2662 2666
f 2661 2666 2668
f 2658 2664 2663
f 2659 2668 2664
f 2663 2667 2665
f 2664 2668 2673
f 39 2665 2678
f 2665 2667 2666
f 2666 2667 2668
f 2667 2673 2668
f 2662 2679 2666
f 37 2678 2680
f 2662 2669 2683
f 2663 2664 2671
f 2663 2670 2667
f 2663 2671 2670
f 2664 2673 2671
f 2667 2670 2672
f 2670 2671 2675
f 2670 2674 2672
f 2667 2672 2673
f 2665 2666 2678
f 2671 2673 2677
f 2672 2677 2673
f 2666 2679 2678
f 2672 2674 2676
f 2672 2676 2677
f 2662 2683 2679
f 47 2680 2688
f 2669 2690 2683
f 2670 2675 2674
f 2671 2677 2675
f 2674 2675 2685
f 2675 2677 2679
f 2676 2678 2677
f 2677 2678 2679
f 2674 2684 2676
f 2675 2679 2685
f 2674 2685 2684
f 2676 2684 2678
f 2678 2684 2680
f 2679 2682 2685
f 2679 2683 2682
f 2680 2684 2681
f 2680 2681 2688
f 2681 2684 2688
f 2684 2689 2688
f 2684 2685 2687
f 2682 2695 2685
f 2684 2686 2689
f 2685 2695 2687
f 2684 2687 2686
f 2688 2689 2691
f 2682 2683 2693
f 2686 2691 2689
f 2682 2693 2695
f 2686 2692 2691
f 2692 2694 2693
f 2686 2694 2692
f 2686 2687 3266
f 2686 3265 2694
f 2693 2694 2695
f 2687 2695 3268
f 2683 3274 2693
f 2694 3268 2695
f 2692 2693 3273
f 2694 3267 3268
f 2683 2690 3279
f 2669 3482 2690
f 2696 2700 2697
f 2696 2783 2701
f 2699 2783 2784
f 2697 2703 2698
f 2697 2700 2703
f 2696 2701 2700
f 2698 2703 2714
f 2699 2784 2702
f 2699 2701 2783
f 2700 2701 2704
f 2699 2707 2709
f 2699 2709 2701
f 2699 2702 2707
f 2700 2705 2703
f 2700 2704 2705
f 2701 2709 2704
f 2702 2708 2707
f 2706 2709 2707
f 2704 2711 2705
f 2704 2709 2710
f 2704 2710 2711
f 2707 2708 2896
f 2708 2897 2896
f 2706 2710 2709
f 2706 2707 2896
f 2703 2705 2719
f 2705 2711 2724
f 2710 2902 2711
f 2698 2714 2712
f 2712 2715 2713
f 2712 2714 2715
f 2703 2719 2714
f 2713 2716 2863
f 2713 2715 2716
f 2716 2717 2863
f 2717 2718 2864
f 2714 2720 2715
f 2715 2721 2716
f 2716 2722 2717
f 2714 2719 2720
f 2715 2720 2721
f 2719 2725 2720
f 2716 2721 2722
f 2717 2723 2718
f 2720 2726 2721
f 2717 2722 2723
f 2705 2724 2719
f 2711 2902 2729
f 2711 2729 2724
f 2724 2730 2725
f 2724 2729 2730
f 2725 3291 2726
f 2725 2730 3291
f 2719 2724 2725
f 2720 2725 2726
f 2721 2726 2727
f 2721 2727 2722
f 2722 2728 2723
f 2722 2727 2728
f 2726 3292 2727
f 2729 2902 3295
f 2729 3294 2730
f 2733 2741 2740
f 2731 2741 2736
f 2731 2736 2737
f 2733 2736 2741
f 2731 2737 2732
f 2734 2739 2735
f 2733 2740 2734
f 2733 2746 2736
f 2733 2745 2746
f 2734 2735 2744
f 2733 2734 2745
f 2735 2747 2744
f 2734 2744 2745
f 2736 2738 2737
f 2736 2746 2738
f 125 2739 2740
f 124 2755 125
f 131 2740 2741
f 132 2741 2731
f 130 2731 2732
f 2734 2740 2739
f 125 2768 2739
f 2735 2739 2773
f 2742 2746 2745
f 2744 2748 2745
f 2744 2747 2753
f 2744 2753 2748
f 2742 2745 2748
f 2747 2754 2753
f 2738 2746 2743
f 2742 2743 2746
f 2748 2753 2749
f 2749 2753 2750
f 2750 2754 2778
f 2742 2748 2751
f 2748 2749 2751
f 2742 2752 2743
f 2742 2751 2752
f 2751 2855 2752
f 2750 2753 2754
f 2735 2785 2747
f 2735 2773 2785
f 2747 2787 2754
f 2747 2785 2787
f 124 2756 2755
f 125 2755 2768
f 2755 2764 2768
f 2764 2765 2769
f 142 143 2756
f 143 2757 2756
f 143 2758 2757
f 2755 2756 2757
f 2758 2759 2761
f 2759 2760 2762
f 2757 2758 2761
f 2759 2762 2761
f 2760 2763 2762
f 2757 2761 2764
f 2761 2762 2765
f 2755 2757 2764
f 2761 2765 2764
f 2762 2763 2766
f 2762 2766 2765
f 2763 2767 2766
f 2739 2768 2773
f 2764 2769 2768
f 2765 2770 2769
f 2766 2771 2770
f 2768 2769 2773
f 2769 2770 2774
f 2770 2771 2775
f 2771 2772 2776
f 2769 2774 2773
f 2770 2775 2774
f 2771 2776 2775
f 2773 2774 2785
f 2774 2775 2786
f 2774 2786 2785
f 2772 2777 2776
f 2775 2776 2788
f 2776 2777 2789
f 2765 2766 2770
f 2766 2767 2771
f 2767 2772 2771
f 2750 2779 2780
f 2751 2781 2855
f 2749 2780 2781
f 2750 2778 2779
f 2749 2750 2780
f 2749 2781 2751
f 2696 2780 2779
f 2697 2781 2780
f 2778 2782 2779
f 2779 2782 2783
f 2696 2779 2783
f 2782 2784 2783
f 2778 2856 2782
f 2754 2794 2778
f 2754 2787 2794
f 2778 2794 2856
f 2785 2786 2787
f 2786 2788 2791
f 2786 2791 2787
f 2788 2792 2791
f 2789 2793 2792
f 2775 2788 2786
f 2776 2789 2788
f 2777 2790 2789
f 2788 2789 2792
f 2789 2790 2793
f 2787 2791 2794
f 2791 2792 2795
f 2792 2793 2875
f 2791 2795 2794
f 2792 2875 2795
f 2732 2737 2797
f 2737 2738 2802
f 2732 2797 2796
f 2737 2802 2797
f 2738 2811 2802
f 2738 2743 2811
f 2743 2752 2812
f 2752 2855 2821
f 2743 2812 2811
f 2752 2821 2812
f 2796 2798 2807
f 2799 2808 2807
f 2796 2797 2798
f 2798 2799 2807
f 2799 2800 2808
f 2797 2802 2803
f 2798 2803 2804
f 2797 2803 2798
f 2798 2804 2799
f 2802 2815 2803
f 2802 2811 2815
f 2803 2815 2816
f 2803 2816 2804
f 2799 2805 2800
f 2800 2806 2801
f 2799 2804 2805
f 2800 2805 2806
f 2804 2817 2805
f 2805 2818 2806
f 2800 2809 2808
f 2801 2810 2809
f 2800 2801 2809
f 210 216 2844
f 216 2810 2846
f 2801 2847 2810
f 2811 2813 2815
f 2811 2812 2813
f 2814 2816 2815
f 2813 2814 2815
f 2814 2819 2816
f 2817 2819 2820
f 2804 2816 2817
f 2805 2817 2818
f 2816 2819 2817
f 2817 2820 2818
f 2812 2821 2822
f 2813 2822 2823
f 2812 2822 2813
f 2813 2823 2814
f 2814 2824 2819
f 2814 2823 2824
f 2819 2825 2820
f 2713 2822 2821
f 2822 2863 2823
f 2819 2824 2825
f 2823 2864 2824
f 2801 2806 2886
f 2806 2818 2889
f 2801 2886 2847
f 2818 2820 2866
f 2806 2889 2886
f 2760 2826 2763
f 2763 2827 2767
f 2763 2826 2827
f 2826 2829 2827
f 2767 2827 2837
f 2772 2843 2777
f 2777 2849 2790
f 2777 2843 2849
f 2790 2849 2884
f 2767 2837 2772
f 2772 2837 2843
f 210 2844 2839
f 211 2839 2834
f 216 2846 2844
f 2839 2845 2840
f 228 2828 2829
f 2828 2831 2833
f 2830 2832 2831
f 2830 2834 2832
f 2828 2833 2835
f 2828 2835 2829
f 2827 2829 2835
f 2831 2832 2833
f 231 2829 2826
f 2827 2835 2837
f 2833 2836 2835
f 2832 2838 2833
f 2832 2834 2840
f 2833 2838 2836
f 2832 2840 2838
f 2835 2836 2837
f 2836 2838 2841
f 2838 2840 2842
f 2834 2839 2840
f 2810 2847 2846
f 2838 2842 2841
f 2841 2849 2843
f 2841 2842 2848
f 2841 2848 2849
f 2840 2845 2842
f 2839 2844 2845
f 2844 2846 2850
f 2842 2845 2851
f 2844 2850 2845
f 2842 2851 2848
f 2845 2850 2851
f 2847 2887 2854
f 2848 2884 2849
f 2848 2852 2884
f 2848 2851 2852
f 2850 2853 2851
f 2846 2847 2854
f 2846 2854 2850
f 2851 2853 2852
f 2850 2854 2853
f 2836 2843 2837
f 2836 2841 2843
f 2698 2855 2781
f 2696 2697 2780
f 2697 2698 2781
f 2698 2712 2855
f 2712 2821 2855
f 2782 2858 2784
f 2702 2784 2928
f 2702 2933 2708
f 2702 2928 2933
f 2782 2856 2858
f 2856 2857 2858
f 2784 2858 2928
f 2857 2878 2859
f 2857 2859 2858
f 2859 2878 2860
f 2860 2879 2861
f 2861 2880 2862
f 2858 2859 2928
f 2859 2860 2929
f 2860 2861 2930
f 2861 2862 2931
f 2862 2867 2932
f 2712 2713 2821
f 2713 2863 2822
f 2823 2863 2864
f 2824 2865 2825
f 2824 2864 2865
f 2717 2864 2863
f 2718 2865 2864
f 2820 2825 2868
f 2825 2865 3300
f 2718 3299 2865
f 2818 2866 2889
f 2820 2868 2866
f 2825 3300 2868
f 2867 2873 2932
f 2865 3299 3300
f 2866 2871 2893
f 2869 2870 2892
f 2869 2893 2871
f 2866 2868 2871
f 2869 2872 2870
f 2868 3301 2871
f 2869 2871 3302
f 2870 2872 2873
f 2867 2870 2873
f 2869 3302 2872
f 2872 3423 2873
f 2790 2874 2793
f 2790 2884 2874
f 2793 2874 2876
f 2793 2876 2875
f 2874 2877 2876
f 2874 2884 2881
f 2874 2881 2877
f 2877 2881 2885
f 2794 2795 2856
f 2795 2875 2857
f 2795 2857 2856
f 2875 2876 2878
f 2876 2877 2879
f 2857 2875 2878
f 2876 2879 2878
f 2877 2880 2879
f 2860 2878 2879
f 2861 2879 2880
f 2877 2885 2880
f 2862 2880 2894
f 2853 2883 2882
f 2854 2887 2883
f 2881 2882 2885
f 2882 2883 2890
f 2852 2881 2884
f 2852 2853 2882
f 2852 2882 2881
f 2853 2854 2883
f 2882 2890 2885
f 2847 2886 2887
f 2886 2889 2888
f 2886 2888 2887
f 2883 2887 2891
f 2887 2888 2891
f 2888 2892 2891
f 2888 2889 2893
f 2883 2891 2890
f 2885 2890 2894
f 2890 2891 2895
f 2890 2895 2894
f 2888 2893 2892
f 2891 2892 2895
f 2866 2893 2889
f 2880 2885 2894
f 2862 2894 2867
f 2867 2894 2895
f 2870 2895 2892
f 2867 2895 2870
f 2869 2892 2893
f 2690 3364 3280
f 2896 2897 2898
f 2706 2896 2900
f 2706 2901 2710
f 2706 2900 2901
f 2896 2898 2900
f 2710 2901 2902
f 2897 2899 2898
f 2900 2905 2901
f 2898 2903 2900
f 2901 2904 2902
f 2901 2905 2904
f 2898 2906 2903
f 2898 2899 2906
f 2899 2907 2906
f 2900 2903 2905
f 2906 2907 2922
f 2903 2906 2909
f 2903 2910 2905
f 2903 2909 2910
f 2906 2922 2909
f 2899 2943 2907
f 2690 3330 3351
f 2907 2923 2922
f 2908 2913 3308
f 2908 3308 3305
f 2902 2904 3295
f 2904 2905 2908
f 2905 2910 2908
f 2904 2908 3305
f 2904 3305 3295
f 2909 2922 2912
f 2908 2910 2913
f 2909 2911 2910
f 2914 2922 2923
f 2909 2912 2911
f 2912 2922 2914
f 2914 2923 2915
f 2910 2911 2913
f 2911 2920 2913
f 2690 3333 3331
f 2690 3335 3333
f 2690 3331 3330
f 2911 2912 2919
f 2914 2916 2921
f 2912 2921 2919
f 2912 2914 2921
f 2914 2915 2916
f 2915 2917 2916
f 2913 2920 3312
f 2911 2919 2920
f 2916 2924 2921
f 2916 2917 2926
f 2919 2921 2925
f 2918 2920 2919
f 2921 2924 2925
f 2918 2919 2925
f 2907 2945 2923
f 2915 2923 2958
f 2690 3351 3352
f 2690 3352 3353
f 2690 3353 3354
f 2690 3354 3357
f 2690 3359 3358
f 2690 3357 3359
f 2690 3358 3361
f 2690 3361 3362
f 2690 3362 3363
f 2690 3363 3364
f 2918 2925 3348
f 2924 3346 2925
f 2924 2926 3347
f 2926 2927 3349
f 2924 3347 3346
f 2926 3349 3347
f 2927 3350 3349
f 2916 2926 2924
f 2917 2927 2926
f 2915 3452 2917
f 2917 3454 2927
f 2915 2958 3452
f 2917 3452 3454
f 2708 2935 2897
f 2708 2933 2935
f 2897 2946 2899
f 2897 2935 2946
f 2859 2929 2928
f 2860 2930 2929
f 2928 2929 2933
f 2861 2931 2930
f 2862 2932 2931
f 2929 2930 2934
f 2930 2931 2939
f 2929 2934 2933
f 2930 2939 2934
f 2931 2932 2940
f 2931 2940 2939
f 2932 2941 2940
f 2933 2934 2935
f 2934 2939 2936
f 2937 2939 2940
f 2934 2936 2935
f 2936 2939 2937
f 2937 2940 2938
f 2938 2941 2942
f 2938 2940 2941
f 2899 2946 2943
f 2935 2936 2946
f 2936 2947 2946
f 2936 2937 2947
f 2873 2941 2932
f 2941 3423 2942
f 2942 3423 3418
f 2873 3423 2941
f 2942 3418 2950
f 2950 3418 3425
f 2907 2943 2945
f 2923 2945 2958
f 2943 2944 2945
f 2944 2951 2954
f 2951 2952 2955
f 2944 2954 2945
f 2951 2955 2954
f 2952 2956 2955
f 2953 2957 2956
f 2937 2948 2947
f 2937 2938 2948
f 2938 2942 2949
f 2938 2949 2948
f 2942 2950 2949
f 2943 2946 2947
f 2944 2947 2948
f 2948 2949 2951
f 2949 2950 2952
f 2943 2947 2944
f 2944 2948 2951
f 2949 2952 2951
f 2950 2953 2952
f 2950 3425 2953
f 2952 2953 2956
f 2953 3436 2957
f 2945 2954 2958
f 2954 2959 2958
f 2954 2955 2959
f 2955 2956 2961
f 2956 2957 2960
f 2957 3451 2960
f 2955 2961 2959
f 2958 2959 3452
f 2959 2961 3453
f 2956 2960 2961
f 2959 3453 3452
f 2962 3114 3165
f 2962 3128 3114
f 2962 3165 2966
f 2962 2963 3128
f 2963 2964 3129
f 2962 2967 2963
f 2963 2968 2964
f 2964 2969 2965
f 2962 2966 2967
f 2963 2967 2968
f 2964 2968 2969
f 2965 3184 3133
f 2965 2969 3184
f 2971 2974 2977
f 2971 2972 2975
f 2972 2973 2976
f 416 2976 2973
f 2970 2977 2974
f 2971 2975 2974
f 2972 2976 2975
f 2970 2982 2977
f 2971 2977 2978
f 2977 2982 2980
f 2971 2979 2972
f 2977 2980 2978
f 2980 2982 2987
f 2971 2978 2979
f 2972 2981 2973
f 2972 2979 2981
f 416 2973 3060
f 2973 2981 3066
f 2984 2992 2991
f 2983 2985 2989
f 2984 2991 2986
f 2985 2986 2990
f 2983 3019 2985
f 2985 3018 2986
f 2984 2986 3025
f 2984 3071 2992
f 2984 3025 3074
f 2980 2987 2989
f 2978 2980 2990
f 2978 2991 2979
f 2978 2990 2991
f 2987 2988 2989
f 2980 2989 2990
f 2979 2992 2981
f 2979 2991 2992
f 2986 2991 2990
f 2982 3013 2987
f 2983 2989 2988
f 2985 2990 2989
f 2983 2988 2993
f 2987 3039 2988
f 2981 2992 3078
f 2994 2995 2996
f 407 3000 2970
f 407 2996 3000
f 2970 3007 2982
f 2970 3000 3007
f 1491 2998 2997
f 1492 2999 2998
f 2995 2997 3001
f 2995 3001 2996
f 2997 3002 3001
f 2998 3003 3002
f 2997 2998 3002
f 2998 2999 3003
f 3000 3001 3005
f 2996 3001 3000
f 3001 3002 3005
f 2999 3004 3003
f 3002 3003 3006
f 3002 3006 3005
f 3003 3004 3009
f 3003 3009 3006
f 3004 3010 3009
f 2999 3086 3004
f 3004 3087 3010
f 2982 3007 3013
f 2987 3013 3039
f 3000 3005 3007
f 3005 3006 3008
f 3006 3009 3011
f 3005 3008 3007
f 3006 3011 3008
f 3009 3010 3012
f 3009 3012 3011
f 3010 3016 3012
f 3007 3008 3013
f 3008 3011 3014
f 3011 3012 3015
f 3008 3014 3013
f 3011 3015 3014
f 3012 3016 3017
f 3012 3017 3015
f 3016 3047 3017
f 3010 3103 3016
f 3016 3098 3047
f 2983 2993 3021
f 2993 3020 3021
f 2983 3021 3019
f 2985 3019 3018
f 2986 3018 3025
f 3020 3023 3021
f 3019 3021 3022
f 3018 3019 3026
f 3019 3022 3026
f 3021 3023 3022
f 3020 3024 3023
f 3023 3024 3029
f 3018 3027 3025
f 3018 3026 3027
f 3022 3030 3026
f 3022 3031 3030
f 3026 3032 3027
f 3026 3030 3032
f 3022 3023 3031
f 2988 3042 2993
f 2993 3050 3020
f 3020 3055 3024
f 3023 3029 3031
f 3030 3031 3033
f 3028 3035 3029
f 3029 3037 3031
f 3031 3037 3033
f 3029 3035 3037
f 3030 3034 3032
f 3030 3033 3034
f 3024 3028 3029
f 3028 3036 3035
f 3035 3038 3037
f 3033 3037 3115
f 3033 3114 3034
f 3035 3036 3210
f 3035 3210 3038
f 3036 3209 3210
f 3037 3038 3115
f 3033 3115 3114
f 3028 3234 3036
f 3020 3050 3055
f 3024 3211 3028
f 3024 3055 3211
f 3028 3211 3234
f 2988 3039 3042
f 3014 3040 3039
f 3039 3040 3042
f 2993 3042 3050
f 3040 3041 3043
f 3040 3043 3042
f 3041 3048 3044
f 3045 3048 3049
f 3041 3044 3043
f 3044 3048 3045
f 3042 3043 3050
f 3043 3044 3051
f 3045 3049 3046
f 3044 3045 3052
f 3046 3049 3138
f 3013 3014 3039
f 3014 3015 3040
f 3015 3017 3041
f 3015 3041 3040
f 3017 3047 3048
f 3017 3048 3041
f 3047 3049 3048
f 3047 3106 3049
f 3043 3051 3050
f 3050 3051 3055
f 3044 3052 3051
f 3045 3053 3052
f 3045 3046 3053
f 3046 3054 3053
f 3051 3052 3056
f 3052 3053 3057
f 3053 3054 3058
f 3051 3056 3055
f 3055 3056 3211
f 3056 3057 3212
f 3057 3058 3213
f 3056 3212 3211
f 3057 3213 3212
f 3058 3059 3232
f 3058 3232 3213
f 3052 3057 3056
f 3053 3058 3057
f 3054 3059 3058
f 416 3060 466
f 2973 3066 3060
f 2981 3078 3066
f 466 3060 3061
f 467 3061 3062
f 3060 3067 3061
f 3061 3068 3062
f 3062 3069 3064
f 3064 3070 3065
f 466 3061 467
f 467 3062 468
f 468 3064 469
f 468 3062 3064
f 469 3065 3063
f 469 3064 3065
f 3060 3066 3067
f 3061 3067 3068
f 3066 3079 3067
f 3067 3080 3068
f 3066 3078 3079
f 3067 3079 3080
f 3062 3068 3069
f 3064 3069 3070
f 3068 3080 3081
f 3069 3081 3082
f 3068 3081 3069
f 3069 3082 3070
f 2992 3071 3078
f 2984 3074 3071
f 3071 3072 3078
f 3072 3073 3079
f 3071 3075 3072
f 3072 3076 3073
f 3071 3074 3075
f 3072 3075 3076
f 3073 3077 3083
f 3073 3076 3077
f 3083 3085 3084
f 3077 3085 3083
f 3074 3112 3075
f 3075 3116 3076
f 3076 3117 3077
f 3072 3079 3078
f 3073 3080 3079
f 3080 3083 3081
f 3073 3083 3080
f 3081 3083 3084
f 3081 3084 3082
f 3065 3070 3141
f 3070 3082 3143
f 3077 3118 3085
f 3082 3084 3148
f 470 3063 3102
f 3063 3065 3107
f 470 3102 3093
f 1534 3086 2999
f 3086 3090 3087
f 3004 3086 3087
f 3010 3087 3103
f 484 3093 3097
f 1544 3088 3090
f 1543 3090 3086
f 485 3091 3089
f 486 3089 3088
f 3089 3095 3096
f 3088 3094 3090
f 3088 3089 3096
f 3089 3091 3095
f 3091 3097 3095
f 3095 3105 3096
f 3087 3090 3094
f 3088 3096 3094
f 3087 3094 3103
f 3094 3096 3104
f 3094 3104 3103
f 3092 3105 3095
f 3096 3105 3104
f 3092 3095 3097
f 3092 3097 3093
f 3063 3107 3102
f 3065 3141 3107
f 3070 3143 3141
f 3016 3103 3098
f 3047 3098 3106
f 3099 3104 3105
f 3098 3104 3099
f 3099 3105 3101
f 3092 3093 3100
f 3093 3102 3100
f 3092 3101 3105
f 3092 3100 3101
f 3100 3102 3108
f 3098 3103 3104
f 3098 3099 3106
f 3099 3101 3109
f 3099 3109 3106
f 3106 3109 3138
f 3100 3108 3110
f 3102 3107 3108
f 3100 3110 3101
f 3101 3110 3109
f 3109 3110 3139
f 3107 3134 3108
f 3108 3140 3110
f 3107 3141 3134
f 3027 3113 3111
f 3025 3027 3111
f 3025 3111 3074
f 3027 3032 3113
f 3111 3113 3119
f 3074 3111 3112
f 3075 3112 3116
f 3111 3119 3112
f 3032 3122 3113
f 3032 3034 3122
f 3034 3114 3128
f 3034 3128 3122
f 3112 3119 3120
f 3076 3116 3117
f 3077 3117 3118
f 3112 3120 3116
f 3116 3121 3117
f 3116 3120 3121
f 3117 3127 3118
f 3117 3121 3127
f 3113 3123 3119
f 3119 3124 3120
f 3120 3125 3121
f 3121 3126 3127
f 3113 3122 3123
f 3119 3123 3124
f 3120 3124 3125
f 3121 3125 3126
f 3084 3085 3150
f 3085 3118 3158
f 3118 3127 3160
f 3085 3158 3150
f 3122 3129 3123
f 3122 3128 3129
f 3123 3130 3124
f 3123 3129 3130
f 3124 3130 3131
f 3125 3131 3132
f 3124 3131 3125
f 3125 3132 3126
f 2963 3129 3128
f 2964 3130 3129
f 2965 3131 3130
f 3126 3227 3127
f 3131 3133 3132
f 2964 2965 3130
f 2965 3133 3131
f 3126 3132 3610
f 3132 3133 3613
f 3118 3160 3158
f 3126 3610 3227
f 3127 3227 3160
f 3046 3135 3054
f 3046 3138 3135
f 3135 3138 3139
f 3136 3139 3140
f 3134 3144 3140
f 3135 3139 3136
f 3136 3140 3144
f 3054 3135 3137
f 3135 3136 3137
f 3049 3106 3138
f 3109 3139 3138
f 3110 3140 3139
f 3108 3134 3140
f 3054 3137 3059
f 3059 3233 3232
f 3059 3151 3233
f 3059 3137 3151
f 3151 3154 3233
f 3082 3148 3143
f 3084 3150 3148
f 3134 3141 3142
f 3141 3143 3142
f 3134 3142 3144
f 3142 3143 3146
f 3142 3146 3147
f 3143 3148 3146
f 3136 3144 3145
f 3142 3147 3144
f 3136 3145 3137
f 3144 3147 3145
f 3146 3148 3149
f 3151 3152 3154
f 3148 3150 3149
f 3149 3155 3153
f 3152 3153 3156
f 3149 3150 3157
f 3150 3158 3157
f 3149 3157 3155
f 3137 3145 3151
f 3146 3153 3147
f 3145 3147 3152
f 3145 3152 3151
f 3147 3153 3152
f 3146 3149 3153
f 3152 3156 3154
f 3153 3155 3156
f 3154 3156 3241
f 3155 3242 3156
f 3156 3242 3241
f 3157 3158 3161
f 3155 3157 3159
f 3155 3159 3242
f 3157 3161 3159
f 3158 3160 3161
f 3160 3228 3161
f 3038 3164 3115
f 3114 3115 3165
f 3038 3162 3164
f 3115 3164 3165
f 3162 3210 3163
f 3162 3167 3164
f 3164 3168 3165
f 3162 3163 3169
f 3163 3166 3170
f 3163 3170 3169
f 3166 3171 3170
f 3162 3169 3167
f 3164 3167 3168
f 3170 3171 3172
f 3167 3169 3176
f 3169 3170 3177
f 2966 3165 3168
f 3167 3178 3168
f 3167 3176 3178
f 3168 3178 3183
f 3169 3177 3176
f 3170 3172 3177
f 3171 3173 3172
f 3175 3178 3176
f 3174 3176 3177
f 3172 3179 3181
f 3174 3177 3181
f 3174 3175 3176
f 3172 3181 3177
f 3172 3173 3179
f 3179 3191 3181
f 3174 3192 3175
f 3174 3181 3190
f 3179 3180 3182
f 3179 3182 3191
f 3181 3191 3190
f 3180 3193 3182
f 3173 3180 3179
f 2966 3168 3183
f 3178 3189 3183
f 3183 3517 3185
f 2966 3185 2967
f 2967 3186 2968
f 2966 3183 3185
f 2967 3185 3186
f 2968 3186 3187
f 2969 3187 3188
f 2968 3187 2969
f 2969 3188 3184
f 3185 3518 3186
f 3186 3519 3187
f 3183 3189 3517
f 3185 3517 3518
f 3175 3189 3178
f 3175 3192 3520
f 3174 3190 3192
f 3190 3191 3204
f 3190 3205 3192
f 3175 3520 3189
f 3192 3533 3520
f 3192 3205 3533
f 3195 3204 3206
f 3194 3205 3204
f 3195 3206 3196
f 3196 3202 3197
f 3194 3204 3195
f 3194 3526 3205
f 3194 3195 3200
f 3195 3196 3201
f 3197 3198 3207
f 3196 3197 3199
f 3197 3207 3199
f 3198 3208 3207
f 3195 3201 3200
f 3196 3199 3201
f 3182 3206 3191
f 3182 3193 3202
f 3191 3206 3204
f 3182 3202 3206
f 3193 3203 3202
f 3190 3204 3205
f 3196 3206 3202
f 3197 3202 3203
f 3180 3256 3193
f 3197 3203 3198
f 3193 3261 3203
f 3198 3203 3632
f 3199 3207 3545
f 3199 3541 3201
f 3207 3208 3543
f 3198 3637 3208
f 3038 3210 3162
f 3163 3210 3209
f 3036 3214 3209
f 3036 3234 3214
f 3211 3212 3234
f 3212 3213 3235
f 3212 3235 3234
f 3163 3209 3166
f 3166 3209 3217
f 3209 3214 3217
f 3214 3234 3235
f 3214 3235 3215
f 3221 3240 3244
f 3166 3222 3171
f 3171 3246 3173
f 3173 3249 3180
f 3171 3222 3246
f 3173 3246 3249
f 3166 3217 3222
f 3214 3215 3217
f 3215 3216 3218
f 3216 3239 3219
f 3215 3218 3217
f 3216 3219 3218
f 3220 3239 3240
f 3219 3239 3220
f 3220 3240 3221
f 3217 3218 3222
f 3218 3219 3223
f 3219 3220 3224
f 3220 3221 3225
f 3222 3223 3246
f 3223 3247 3246
f 3218 3223 3222
f 3219 3224 3223
f 3220 3225 3224
f 3221 3226 3225
f 3223 3224 3247
f 3224 3225 3248
f 3225 3226 3254
f 3224 3248 3247
f 3133 3184 3615
f 3221 3244 3229
f 3132 3613 3610
f 3160 3227 3228
f 3230 3243 3245
f 3227 3611 3228
f 3227 3610 3611
f 3228 3611 3231
f 3228 3231 3245
f 3229 3244 3243
f 3229 3243 3230
f 3230 3245 3231
f 3229 3230 3617
f 3221 3229 3226
f 3225 3254 3248
f 3226 3255 3254
f 3226 3617 3255
f 3226 3229 3617
f 3253 3255 3620
f 3255 3617 3620
f 3213 3236 3235
f 3232 3237 3236
f 3213 3232 3236
f 3232 3233 3237
f 3233 3238 3237
f 3215 3235 3236
f 3216 3236 3237
f 3215 3236 3216
f 3237 3238 3239
f 3216 3237 3239
f 3238 3240 3239
f 3154 3238 3233
f 3238 3241 3240
f 3154 3241 3238
f 3240 3241 3244
f 3241 3242 3244
f 3159 3161 3245
f 3159 3243 3242
f 3159 3245 3243
f 3242 3243 3244
f 3161 3228 3245
f 3180 3249 3256
f 3193 3256 3261
f 3203 3261 3632
f 3256 3257 3261
f 3246 3247 3249
f 3247 3248 3250
f 3248 3254 3251
f 3252 3254 3255
f 3247 3250 3249
f 3248 3251 3250
f 3251 3254 3252
f 3252 3255 3253
f 3249 3250 3256
f 3250 3251 3257
f 3250 3257 3256
f 3251 3258 3257
f 3251 3252 3258
f 3253 3623 3260
f 3252 3259 3258
f 3253 3260 3259
f 3252 3253 3259
f 3257 3258 3262
f 3258 3259 3264
f 3259 3260 3263
f 3260 3642 3263
f 3257 3262 3261
f 3258 3264 3262
f 3261 3262 3632
f 3262 3264 3633
f 3259 3263 3264
f 2686 3266 3265
f 2687 3268 3266
f 2694 3265 3267
f 3266 3268 3272
f 3267 3272 3268
f 2693 3274 3273
f 2683 3279 3274
f 3265 3266 3270
f 3265 3269 3267
f 3265 3270 3269
f 3267 3269 3271
f 3266 3272 3270
f 3269 3270 3276
f 2688 2691 3747
f 2691 2692 3745
f 2690 3280 3279
f 3267 3271 3272
f 3270 3272 3274
f 3271 3273 3272
f 3272 3273 3274
f 2692 3273 3281
f 3271 3277 3273
f 3269 3275 3271
f 3270 3274 3276
f 3269 3276 3275
f 3274 3279 3278
f 3271 3275 3277
f 3274 3278 3276
f 3273 3277 3281
f 3275 3281 3277
f 3276 3278 3282
f 3275 3276 3286
f 3276 3282 3284
f 3278 3279 3282
f 3275 3285 3281
f 3276 3284 3286
f 3280 3364 3365
f 3280 3365 3366
f 3280 3366 3368
f 3280 3368 3369
f 2692 3281 3745
f 3281 3285 3283
f 3281 3283 3282
f 3282 3283 3284
f 3283 3288 3284
f 3279 3746 3282
f 2691 3745 3747
f 2688 3747 3752
f 3279 3280 3758
f 3275 3286 3285
f 3283 3285 3289
f 3285 3286 3290
f 3284 3288 3286
f 3285 3290 3289
f 3286 3288 3290
f 3283 3289 3287
f 3281 3282 3745
f 3283 3287 3288
f 3287 3289 3748
f 3288 3744 3290
f 3289 3290 3749
f 2726 3291 3292
f 2727 3292 3293
f 2727 3293 2728
f 2730 3296 3291
f 3291 3297 3292
f 3292 3298 3293
f 2729 3295 3294
f 2730 3294 3296
f 3294 3295 3306
f 3294 3317 3296
f 3291 3296 3297
f 3292 3297 3298
f 3296 3318 3297
f 47 2688 8959
f 2690 3482 3483
f 2690 3483 3484
f 2690 3484 3485
f 2690 3485 3486
f 2690 3486 3487
f 2690 3487 3488
f 2718 2723 3419
f 2723 2728 3427
f 2728 3293 3417
f 2718 3419 3299
f 2723 3427 3419
f 2868 3300 3301
f 3301 3303 3302
f 3300 3304 3301
f 2871 3301 3302
f 2872 3302 3424
f 2872 3424 3423
f 3302 3303 3424
f 3301 3304 3303
f 3299 3304 3300
f 3305 3307 3306
f 3305 3308 3307
f 3306 3309 3317
f 3306 3307 3309
f 2913 3312 3308
f 2690 3488 3335
f 3309 3310 3317
f 3310 3311 3318
f 3308 3312 3313
f 3307 3313 3314
f 3307 3308 3313
f 3307 3314 3309
f 3309 3315 3310
f 3310 3316 3311
f 3309 3314 3315
f 3312 3321 3313
f 3310 3315 3316
f 3313 3322 3314
f 3313 3321 3322
f 3314 3322 3328
f 3314 3328 3315
f 3315 3329 3316
f 3315 3328 3329
f 3295 3305 3306
f 3294 3306 3317
f 3296 3317 3318
f 3297 3319 3298
f 3297 3318 3319
f 3310 3318 3317
f 3293 3298 3437
f 3311 3319 3318
f 3298 3319 3440
f 3311 3442 3319
f 2920 3320 3312
f 2918 3348 3324
f 2918 3320 2920
f 3320 3323 3321
f 3320 3324 3323
f 3312 3320 3321
f 2918 3324 3320
f 3324 3348 3330
f 3321 3325 3322
f 3323 3324 3332
f 3321 3323 3325
f 3322 3325 3326
f 3326 3327 3328
f 3323 3336 3325
f 3325 3337 3326
f 3326 3340 3327
f 3322 3326 3328
f 3327 3329 3328
f 3324 3330 3331
f 3324 3331 3332
f 3323 3332 3336
f 3331 3333 3332
f 3332 3333 3335
f 3332 3335 3334
f 3332 3334 3336
f 3334 3338 3336
f 3336 3338 3339
f 3336 3339 3337
f 3325 3336 3337
f 3326 3337 3340
f 3337 3339 3341
f 3337 3342 3340
f 3337 3341 3342
f 3340 3342 3343
f 3340 3343 3344
f 3327 3340 3385
f 3311 3316 3449
f 3316 3329 3476
f 3311 3449 3442
f 3327 3382 3329
f 3316 3476 3449
f 3329 3382 3476
f 2925 3346 3348
f 3346 3347 3353
f 3346 3352 3348
f 3348 3352 3351
f 3347 3354 3353
f 3347 3356 3354
f 3349 3355 3356
f 3347 3349 3356
f 3349 3350 3355
f 3350 3360 3355
f 3346 3353 3352
f 3354 3356 3357
f 3355 3358 3356
f 3356 3359 3357
f 3356 3358 3359
f 3355 3361 3358
f 3355 3362 3361
f 3355 3360 3362
f 3360 3363 3362
f 3330 3348 3351
f 2927 3462 3350
f 2927 3454 3462
f 3360 3364 3363
f 3360 3365 3364
f 3350 3367 3360
f 3360 3372 3365
f 3365 3679 3366
f 3350 3462 3367
f 3360 3367 3372
f 3366 3679 3368
f 3368 3679 3369
f 3369 3678 3370
f 3365 3372 3679
f 3367 3371 3372
f 3371 3473 3373
f 3375 3473 3474
f 3371 3373 3372
f 3374 3475 3376
f 3372 3373 3679
f 3373 3473 3375
f 3374 3375 3474
f 3373 3375 3680
f 3374 3682 3375
f 3374 3376 3681
f 3376 3384 3683
f 3376 3683 3681
f 3334 3335 3488
f 3334 3488 3338
f 3338 3488 3339
f 3339 3488 3341
f 3341 3488 3342
f 3342 3488 3343
f 3343 3488 3344
f 3344 3488 3345
f 3345 3488 3377
f 3377 3488 3378
f 3378 3488 3379
f 3340 3344 3388
f 3344 3345 3388
f 3345 3377 3401
f 3377 3378 3401
f 3378 3379 3402
f 3379 3380 3402
f 3378 3402 3401
f 3327 3385 3382
f 3340 3388 3385
f 3382 3386 3478
f 3387 3479 3478
f 3382 3385 3386
f 3386 3387 3478
f 3383 3479 3387
f 3383 3384 3480
f 3345 3401 3388
f 3385 3389 3386
f 3385 3388 3389
f 3383 3387 3392
f 3383 3391 3384
f 3386 3390 3387
f 3386 3389 3390
f 3383 3392 3391
f 3387 3390 3392
f 3388 3408 3389
f 3389 3406 3390
f 3376 3481 3384
f 3384 3391 3683
f 3391 3692 3683
f 3391 3392 3409
f 3390 3407 3392
f 3392 3407 3409
f 3409 3410 3697
f 3391 3409 3692
f 3380 3381 3411
f 3388 3401 3408
f 3381 3393 3411
f 3380 3411 3402
f 3393 3394 3501
f 3394 3395 3501
f 3396 3397 3398
f 3396 3399 3397
f 3396 3398 3399
f 3398 3494 3399
f 3395 3397 3507
f 3393 3501 3411
f 3399 3494 3400
f 3401 3403 3408
f 3404 3406 3408
f 3401 3402 3403
f 3403 3404 3408
f 3404 3405 3406
f 3405 3410 3407
f 3389 3408 3406
f 3390 3406 3407
f 3407 3410 3409
f 3405 3407 3406
f 3405 3415 3410
f 3410 3415 3699
f 3402 3411 3412
f 3403 3412 3413
f 3402 3412 3403
f 3403 3413 3404
f 3404 3414 3405
f 3404 3413 3414
f 3411 3514 3412
f 3411 3501 3514
f 3405 3414 3415
f 3412 3515 3413
f 3413 3516 3414
f 3414 3416 3415
f 3412 3514 3515
f 3413 3515 3516
f 3414 3516 3416
f 2728 3417 3427
f 3293 3437 3417
f 3298 3440 3437
f 3417 3438 3431
f 3417 3437 3438
f 3418 3424 3421
f 3299 3420 3304
f 3299 3419 3420
f 3303 3422 3421
f 3304 3420 3422
f 3418 3421 3425
f 3419 3428 3420
f 3421 3422 3426
f 3420 3429 3422
f 3418 3423 3424
f 3303 3421 3424
f 3303 3304 3422
f 3421 3426 3425
f 3422 3429 3426
f 3419 3427 3428
f 3420 3428 3429
f 3427 3431 3428
f 3428 3432 3429
f 3425 3426 3436
f 3426 3429 3430
f 3426 3430 3436
f 3428 3431 3432
f 3429 3432 3430
f 3417 3431 3427
f 3431 3433 3432
f 2957 3436 3434
f 2957 3434 3451
f 3430 3435 3434
f 3431 3438 3433
f 3432 3433 3435
f 3434 3435 3443
f 3434 3443 3451
f 2953 3425 3436
f 3430 3434 3436
f 3430 3432 3435
f 3319 3442 3440
f 3437 3441 3438
f 3437 3440 3441
f 3433 3444 3435
f 3433 3438 3439
f 3435 3444 3443
f 3433 3439 3444
f 3438 3441 3439
f 3440 3445 3441
f 3443 3444 3446
f 3439 3441 3448
f 3439 3447 3444
f 3439 3448 3447
f 3440 3442 3445
f 3441 3445 3448
f 3444 3447 3446
f 3446 3447 3467
f 3442 3450 3445
f 3445 3469 3448
f 3448 3469 3468
f 3442 3449 3450
f 3445 3450 3469
f 3447 3448 3468
f 2960 3455 2961
f 2960 3451 3456
f 3443 3457 3451
f 3452 3453 3454
f 3453 3455 3459
f 3455 3456 3460
f 3453 3459 3454
f 3455 3460 3459
f 3457 3458 3461
f 3456 3461 3460
f 2961 3455 3453
f 2960 3456 3455
f 3451 3457 3456
f 3456 3457 3461
f 3443 3446 3457
f 3446 3458 3457
f 3454 3459 3462
f 3459 3463 3462
f 3460 3464 3463
f 3459 3460 3463
f 3460 3461 3464
f 3458 3465 3461
f 3461 3465 3464
f 3458 3466 3465
f 3367 3462 3463
f 3371 3463 3464
f 3464 3465 3473
f 3465 3466 3474
f 3367 3463 3371
f 3371 3464 3473
f 3446 3467 3458
f 3458 3467 3466
f 3466 3467 3471
f 3447 3468 3467
f 3467 3468 3471
f 3449 3476 3477
f 3450 3470 3469
f 3449 3477 3450
f 3468 3469 3472
f 3469 3470 3472
f 3450 3477 3470
f 3471 3472 3481
f 3468 3472 3471
f 3471 3481 3475
f 3465 3474 3473
f 3466 3475 3474
f 3466 3471 3475
f 3374 3474 3475
f 3376 3475 3481
f 3476 3478 3477
f 3470 3477 3479
f 3470 3480 3472
f 3382 3478 3476
f 3477 3478 3479
f 3470 3479 3480
f 3472 3480 3481
f 3383 3480 3479
f 3384 3481 3480
f 3488 3489 3497
f 3489 3490 3497
f 3490 3491 3497
f 3491 3492 3512
f 3492 3493 3512
f 3493 7844 3512
f 3379 3488 3380
f 3380 3488 3381
f 3381 3488 3393
f 3393 3488 3394
f 3394 3488 3395
f 3395 3488 3397
f 3397 3488 3398
f 3398 3488 3494
f 3488 3495 3494
f 3488 3497 3495
f 3491 3512 3497
f 3512 7844 3791
f 3395 3507 3501
f 3400 3494 3496
f 3494 3495 3496
f 3397 3399 3507
f 3399 3400 3507
f 3400 3500 3498
f 3400 3496 3500
f 3495 3497 3496
f 3496 3513 3500
f 3496 3497 3513
f 3498 3500 3499
f 3400 3498 3507
f 3499 3500 3502
f 3498 3499 3507
f 3499 3502 3507
f 3501 3508 3514
f 3511 3515 3514
f 3502 3503 3507
f 3503 3504 3508
f 3509 3510 3516
f 3501 3507 3508
f 3508 3511 3514
f 3500 3771 3502
f 3502 3771 3503
f 3504 3771 3505
f 3503 3771 3504
f 3505 3771 3506
f 3500 3513 3771
f 3503 3508 3507
f 3504 3505 3508
f 3505 3511 3508
f 3509 3515 3511
f 3505 3506 3511
f 3506 3766 3509
f 3506 3509 3511
f 3509 3766 3510
f 3497 3512 3513
f 3416 3516 3510
f 3509 3516 3515
f 3791 7844 3793
f 3793 7844 3794
f 3794 7844 3795
f 3795 7844 3797
f 3797 7844 3798
f 3798 7844 3804
f 3804 7844 3805
f 3187 3525 3188
f 3517 3522 3518
f 3518 3523 3519
f 3189 3521 3517
f 3189 3520 3521
f 3517 3521 3522
f 3518 3522 3523
f 3519 3524 3525
f 3519 3523 3524
f 3186 3518 3519
f 3187 3519 3525
f 3527 3534 3533
f 3205 3526 3533
f 3527 3528 3534
f 3526 3527 3533
f 3526 3531 3527
f 3527 3532 3528
f 3528 3539 3529
f 3528 3532 3539
f 3529 3540 3538
f 3530 3560 3531
f 3526 3530 3531
f 3527 3531 3532
f 3529 3539 3540
f 3520 3534 3521
f 3521 3535 3522
f 3520 3533 3534
f 3522 3536 3523
f 3521 3534 3535
f 3522 3535 3536
f 3523 3537 3524
f 3523 3536 3537
f 3528 3535 3534
f 3529 3536 3535
f 3528 3529 3535
f 3529 3538 3536
f 3536 3538 3537
f 3524 3643 3525
f 3524 3537 3646
f 3531 3559 3532
f 3532 3561 3539
f 3539 3562 3540
f 3537 3538 3651
f 3570 3876 3572
f 3572 3876 3867
f 3194 3200 3530
f 3194 3530 3526
f 3200 3201 3542
f 3200 3542 3558
f 3200 3558 3530
f 3542 3555 3558
f 3541 3545 3546
f 3541 3550 3542
f 3545 3547 3546
f 3541 3546 3550
f 3201 3541 3542
f 3199 3545 3541
f 3207 3543 3545
f 3208 3544 3543
f 3543 3547 3545
f 3543 3544 3548
f 3543 3548 3547
f 3544 3549 3548
f 3542 3550 3555
f 3546 3552 3551
f 3547 3548 3553
f 3546 3547 3552
f 3546 3551 3550
f 3548 3549 3554
f 3547 3553 3552
f 3548 3554 3553
f 3549 3873 3554
f 3551 3552 3876
f 3552 3553 3875
f 3208 3943 3544
f 3208 3637 3943
f 3544 3947 3549
f 3544 3943 3947
f 3556 3560 3558
f 3555 3556 3558
f 3556 3557 3560
f 3530 3558 3560
f 3531 3560 3559
f 3532 3559 3561
f 3539 3561 3562
f 3557 3559 3560
f 3559 3563 3561
f 3561 3564 3562
f 3557 3563 3559
f 3561 3563 3564
f 3550 3565 3555
f 3555 3566 3556
f 3556 3567 3557
f 3557 3568 3563
f 3563 3569 3564
f 3555 3565 3566
f 3556 3566 3567
f 3557 3567 3568
f 3566 3595 3567
f 3567 3596 3568
f 3563 3568 3569
f 3568 3597 3569
f 3565 3571 3566
f 3565 3570 3571
f 3566 3571 3595
f 3567 3595 3596
f 3538 3540 3661
f 3540 3562 3665
f 3562 3564 3671
f 3540 3665 3661
f 3550 3551 3565
f 3551 3570 3565
f 3552 3875 3876
f 3551 3876 3570
f 3570 3574 3571
f 3571 3574 3573
f 3570 3572 3574
f 3573 3575 3595
f 3573 3574 3578
f 3573 3579 3575
f 3572 3577 3574
f 3572 3576 3577
f 3572 3867 3576
f 3576 3870 3581
f 3575 3580 3598
f 3576 3582 3577
f 3577 3583 3578
f 3574 3577 3578
f 3573 3578 3579
f 3575 3579 3580
f 3578 3588 3579
f 3578 3583 3588
f 3579 3588 3589
f 3579 3589 3580
f 3581 3585 3582
f 3576 3581 3582
f 3577 3582 3583
f 3582 3585 3586
f 3583 3586 3587
f 3581 3584 3585
f 3584 3895 3591
f 3584 3591 3585
f 3585 3592 3586
f 3586 3593 3587
f 3587 3594 3590
f 3585 3591 3592
f 3583 3587 3588
f 3582 3586 3583
f 3588 3590 3589
f 3587 3590 3588
f 3591 3897 3592
f 3586 3592 3593
f 3587 3593 3594
f 3592 3969 3593
f 3593 3970 3594
f 3568 3596 3597
f 3571 3573 3595
f 3575 3596 3595
f 3596 3598 3597
f 3564 3569 3599
f 3562 3671 3665
f 3575 3598 3596
f 3569 3597 3604
f 3597 3598 3607
f 3564 3599 3671
f 3569 3604 3599
f 3599 3601 3671
f 3602 3675 3674
f 3580 3923 3598
f 3580 3589 3996
f 3598 3923 3607
f 3589 3590 4000
f 3580 3996 3923
f 3597 3607 3604
f 3599 3605 3601
f 3600 3601 3606
f 3600 3603 3674
f 3599 3604 3605
f 3601 3605 3606
f 3602 3674 3603
f 3600 3606 3603
f 3605 3609 3606
f 3604 3608 3605
f 3604 3607 3608
f 3605 3608 3609
f 3606 3609 3926
f 3603 3606 3926
f 3607 3923 3924
f 3607 3924 3608
f 3184 3188 3622
f 3188 3525 3627
f 3184 3622 3615
f 3133 3615 3613
f 3610 3614 3611
f 3610 3613 3614
f 3231 3611 3612
f 3231 3612 3618
f 3611 3614 3612
f 3230 3231 3618
f 3230 3618 3617
f 3613 3616 3614
f 3188 3627 3622
f 3525 3643 3627
f 3613 3615 3616
f 3619 3623 3620
f 3619 3621 3624
f 3612 3619 3618
f 3617 3618 3620
f 3612 3614 3621
f 3612 3621 3619
f 3614 3616 3621
f 3618 3619 3620
f 3253 3620 3623
f 3619 3624 3623
f 3615 3626 3616
f 3616 3625 3621
f 3616 3626 3625
f 3615 3622 3626
f 3621 3625 3624
f 3624 3625 3628
f 3623 3624 3631
f 3624 3628 3631
f 3622 3630 3626
f 3622 3627 3630
f 3626 3630 3629
f 3625 3626 3629
f 3625 3629 3628
f 3524 3646 3643
f 3627 3643 3644
f 3627 3644 3630
f 3629 3630 3645
f 3636 3642 3657
f 3636 3657 3649
f 3260 3623 3631
f 3260 3631 3642
f 3631 3657 3642
f 3628 3657 3631
f 3628 3629 3656
f 3198 3632 3637
f 3263 3634 3264
f 3263 3642 3635
f 3262 3633 3632
f 3264 3634 3633
f 3263 3635 3634
f 3635 3642 3636
f 3632 3633 3637
f 3633 3634 3638
f 3634 3635 3641
f 3633 3638 3637
f 3634 3641 3638
f 3635 3639 3641
f 3635 3636 3639
f 3636 3649 3640
f 3637 3638 3943
f 3638 3944 3943
f 3641 3945 3944
f 3636 3640 3639
f 3638 3641 3944
f 3639 3945 3641
f 3639 3640 3946
f 3639 3946 3945
f 3640 3658 3946
f 3537 3651 3646
f 3649 3657 3656
f 3645 3650 3656
f 3643 3647 3644
f 3644 3648 3645
f 3643 3646 3647
f 3644 3647 3648
f 3645 3648 3650
f 3649 3656 3650
f 3648 3655 3650
f 3649 3650 3654
f 3538 3661 3651
f 3646 3652 3647
f 3646 3651 3652
f 3647 3653 3648
f 3651 3661 3662
f 3650 3655 3654
f 3648 3653 3655
f 3647 3652 3653
f 3654 3655 3659
f 3651 3662 3652
f 3652 3663 3653
f 3653 3660 3655
f 3655 3660 3659
f 3652 3662 3663
f 3653 3663 3660
f 3629 3645 3656
f 3630 3644 3645
f 3628 3656 3657
f 3640 3649 3654
f 3658 3659 3951
f 3640 3654 3658
f 3654 3659 3658
f 3659 3664 3951
f 3662 3667 3663
f 3661 3665 3666
f 3661 3666 3662
f 3660 3663 3668
f 3659 3660 3664
f 3662 3666 3667
f 3663 3667 3668
f 3660 3668 3664
f 3665 3672 3666
f 3666 3669 3667
f 3667 3669 3670
f 3668 3670 3673
f 3664 3668 3673
f 3667 3670 3668
f 3664 3673 3956
f 3665 3671 3672
f 3666 3672 3669
f 3601 3672 3671
f 3600 3669 3672
f 3600 3672 3601
f 3669 3674 3670
f 3670 3675 3673
f 3600 3674 3669
f 3670 3674 3675
f 3482 4642 3483
f 3483 4643 3484
f 3484 4644 3485
f 3485 4645 3486
f 3486 4646 3487
f 3487 4649 3488
f 3488 4651 3489
f 3489 4652 3490
f 3490 4653 3491
f 3491 4654 3492
f 3493 9396 7844
f 3492 4655 3493
f 3280 3369 3370
f 3280 3370 3676
f 3280 3676 3677
f 3370 3678 3676
f 3676 3693 3677
f 3676 3678 3693
f 3369 3679 3678
f 3373 3680 3679
f 3375 3682 3680
f 3374 3681 3682
f 3678 3679 3680
f 3680 3682 3689
f 3681 3690 3682
f 3681 3683 3691
f 3678 3680 3689
f 3682 3690 3689
f 3280 3677 3753
f 3677 3693 3684
f 3684 3698 3685
f 3685 3698 3686
f 3684 3693 3698
f 3686 3730 3687
f 3687 3730 3688
f 3686 3698 3730
f 3700 3731 3730
f 3678 3689 3693
f 3689 3690 3694
f 3690 3691 3695
f 3692 3697 3696
f 3683 3692 3691
f 3681 3691 3690
f 3691 3692 3696
f 3693 3694 3698
f 3689 3694 3693
f 3690 3695 3694
f 3691 3696 3695
f 3410 3699 3697
f 3409 3697 3692
f 3694 3695 3700
f 3695 3696 3701
f 3696 3697 3702
f 3694 3700 3698
f 3695 3701 3700
f 3696 3702 3701
f 3697 3699 3702
f 3698 3700 3730
f 3700 3701 3731
f 3701 3702 3742
f 3677 3684 3753
f 3688 3704 3703
f 3688 3705 3704
f 3688 3706 3705
f 3688 3703 3710
f 3703 3704 3710
f 3688 3707 3706
f 3688 3708 3707
f 3688 3709 3708
f 3704 3705 3710
f 3706 3707 3710
f 3705 3706 3710
f 3708 3709 3710
f 3707 3708 3710
f 3688 3711 3709
f 3709 3727 3710
f 3709 3711 3727
f 3711 3712 3732
f 3713 3714 3732
f 3724 3726 3773
f 3714 3715 3732
f 3717 3739 3723
f 3715 3739 3718
f 3716 3725 3774
f 3716 3774 3717
f 3717 3774 3720
f 3717 3720 3739
f 3718 3719 3721
f 3715 3718 3721
f 3715 3721 3741
f 3718 3739 3719
f 3719 3739 3720
f 3719 3720 3721
f 3720 3774 3721
f 3415 3723 3699
f 3699 3722 3702
f 3701 3742 3731
f 3702 3722 3742
f 3699 3723 3722
f 3415 3416 3723
f 3416 3725 3723
f 3416 3726 3724
f 3416 3724 3725
f 3416 3765 3726
f 3724 3774 3725
f 3716 3723 3725
f 3716 3717 3723
f 3711 3729 3727
f 3727 3729 3728
f 3688 3739 3711
f 3711 3732 3729
f 3688 3730 3733
f 3730 3731 3733
f 3688 3733 3737
f 3688 3737 3738
f 3712 3713 3732
f 3688 3738 3740
f 3711 3739 3712
f 3688 3740 3739
f 3731 3742 3737
f 3722 3738 3742
f 3731 3737 3733
f 3737 3742 3738
f 3728 3729 3734
f 3729 3732 3736
f 3729 3736 3734
f 3734 3736 3735
f 3712 3739 3713
f 3713 3739 3714
f 3715 3741 3732
f 3732 3741 3736
f 3714 3739 3715
f 3722 3740 3738
f 3723 3739 3740
f 3722 3723 3740
f 3684 3685 3753
f 3685 3686 3753
f 3686 3687 3753
f 3687 3688 3753
f 3688 3710 3753
f 3710 3727 3753
f 3727 3728 3753
f 3728 3734 3753
f 3734 3735 3753
f 3735 3783 3753
f 3753 3783 3784
f 3287 3744 3288
f 3282 3746 3745
f 3287 3743 3744
f 3279 3758 3746
f 3280 3753 3758
f 3287 3748 3743
f 3290 3744 3749
f 3289 3749 3748
f 3743 3745 3744
f 3744 3746 3749
f 3744 3745 3746
f 3743 3750 3745
f 3745 3750 3747
f 3746 3758 3755
f 3748 3749 3751
f 3743 3748 3750
f 3746 3751 3749
f 3748 3751 3750
f 3746 3755 3751
f 3747 3750 3754
f 3747 3754 3752
f 3750 3752 3754
f 3750 3756 3752
f 3750 3751 3764
f 3751 3755 3760
f 3756 3763 3757
f 3751 3760 3762
f 3755 3758 3760
f 3750 3763 3756
f 3751 3762 3764
f 3750 3764 3763
f 3757 3763 3759
f 3759 3763 3761
f 3759 3761 3760
f 3760 3761 3762
f 3761 3763 3853
f 3763 3764 3854
f 3416 3770 3765
f 3510 3766 3767
f 3510 3767 3768
f 3416 3510 3770
f 3510 3768 3769
f 3767 3772 3768
f 3510 3769 3770
f 3768 3772 3769
f 3769 3772 3770
f 3726 3765 3773
f 3765 3770 3773
f 3506 3771 3766
f 3766 3771 3767
f 3767 3771 3772
f 3770 3772 3773
f 3772 3777 3773
f 3724 3773 3774
f 3721 3774 3781
f 3773 3778 3774
f 3774 3778 3781
f 3513 3775 3771
f 3512 3792 3513
f 3512 3791 3792
f 3513 3792 3775
f 3771 3776 3772
f 3771 3775 3776
f 3772 3776 3777
f 3775 3800 3776
f 3773 3777 3778
f 3778 3787 3781
f 3776 3800 3777
f 3777 3800 3801
f 3777 3801 3778
f 3778 3801 3787
f 3735 3736 3783
f 3736 3782 3783
f 3736 3741 3779
f 3736 3779 3782
f 3779 3789 3782
f 3721 3780 3741
f 3741 3780 3779
f 3721 3781 3780
f 3780 3781 3786
f 3779 3780 3786
f 3782 3784 3783
f 3782 3785 3784
f 3779 3786 3789
f 3789 3803 3790
f 3786 3803 3789
f 3786 3787 3803
f 3781 3787 3786
f 3782 3788 3785
f 3782 3789 3788
f 3788 3789 3790
f 3791 3793 3792
f 3792 3793 3794
f 3792 3794 3795
f 3792 3795 3796
f 3775 3792 3796
f 3775 3796 3800
f 3796 3799 3800
f 3799 3801 3800
f 3799 3806 3801
f 3795 3797 3796
f 3796 3797 3799
f 3797 3798 3799
f 3798 3804 3799
f 3787 3806 3803
f 3790 3803 3802
f 3802 3803 3808
f 3803 3806 3808
f 3805 3807 3806
f 3804 3805 3806
f 3799 3804 3806
f 3806 3807 3808
f 3787 3801 3806
f 3784 3785 8338
f 3785 3788 8338
f 3788 3790 8338
f 2688 3752 8960
f 3805 7844 8338
f 3805 8338 3807
f 3790 3802 8338
f 3802 3808 8338
f 3807 8338 3808
f 3812 4058 4060
f 3811 4058 3812
f 3810 4059 3811
f 3812 4060 3813
f 3813 3818 3814
f 3811 3812 3815
f 3810 3811 3816
f 3812 3813 3814
f 3811 3815 3816
f 3810 3817 4061
f 3812 3814 3815
f 3815 3819 3816
f 3814 3820 3815
f 3814 3818 3821
f 3810 3816 3817
f 3809 3813 4060
f 3813 3833 3818
f 3809 3833 3813
f 3818 3838 3828
f 3818 3833 3838
f 3828 3838 3843
f 3820 3821 3823
f 3821 3829 3823
f 3820 3823 3824
f 3816 3819 3822
f 3814 3821 3820
f 3815 3820 3819
f 3816 3822 3817
f 3819 3820 3824
f 3819 3827 3822
f 3819 3824 3827
f 3823 3829 3825
f 3823 3826 3824
f 3824 8219 3827
f 3825 3829 3831
f 3823 3825 3826
f 3824 3826 8219
f 3821 3828 3829
f 3828 3830 3829
f 3818 3828 3821
f 3828 3843 3830
f 3830 3843 3848
f 3829 3830 3831
f 3830 3832 3831
f 3830 3848 3832
f 3832 3848 8248
f 3809 4033 3833
f 3834 4033 4034
f 3835 4034 4035
f 3833 4033 3834
f 3834 4034 3835
f 3835 4035 3836
f 3833 3834 3838
f 3834 3835 3839
f 3835 3836 3840
f 3836 4036 3837
f 3836 3837 3841
f 3834 3839 3838
f 3835 3840 3839
f 3838 3839 3843
f 3839 3840 3844
f 3836 3841 3840
f 3837 3842 3841
f 3840 3841 3845
f 3841 3842 3846
f 3843 3844 3848
f 3844 3845 3849
f 3844 3849 3848
f 3839 3844 3843
f 3840 3845 3844
f 3845 3846 3850
f 3845 3850 3849
f 3846 3851 3850
f 3841 3846 3845
f 3842 3847 3846
f 3846 3847 3851
f 3848 3849 8248
f 3849 3850 8249
f 3849 8249 8248
f 3847 3852 3851
f 3850 8250 8249
f 3850 3851 8250
f 3851 3852 8251
f 3851 8251 8250
f 3852 8252 8251
f 3753 3784 8338
f 3761 3856 3762
f 3758 3860 3760
f 3762 3856 3764
f 3759 3760 3859
f 3761 3855 3856
f 3761 3853 3855
f 3753 8331 3758
f 3764 3856 3854
f 3763 3854 3853
f 3760 3860 3859
f 3855 3858 3856
f 3758 8331 3860
f 3854 3856 3858
f 3853 3861 3855
f 3853 3854 3862
f 3854 3858 3862
f 3853 3862 3861
f 3756 3757 8427
f 3752 3756 9294
f 3757 3759 8419
f 3855 3857 3858
f 3759 3859 8332
f 3857 3859 3858
f 3858 3859 3860
f 3753 8338 8331
f 3855 3861 3857
f 3858 3860 3862
f 3857 3861 8329
f 3861 3862 8330
f 3857 8327 3859
f 3860 8330 3862
f 3861 8330 8329
f 3857 8329 8327
f 3860 8328 8330
f 3860 8331 8328
f 3867 3876 3875
f 3863 3875 3874
f 3863 3874 3864
f 3864 3877 3865
f 3863 3867 3875
f 3863 3864 3868
f 3863 3870 3867
f 3576 3867 3870
f 3863 3868 3870
f 3864 3865 3869
f 3865 3866 3871
f 3864 3869 3868
f 3865 3871 3869
f 3866 3872 3871
f 3868 3869 3882
f 3869 3871 3883
f 3871 3872 3885
f 3553 3554 3874
f 3554 3873 3877
f 3554 3877 3874
f 3549 3952 3873
f 3549 3947 3952
f 3553 3874 3875
f 3873 3878 3877
f 3864 3874 3877
f 3865 3877 3878
f 3865 3878 3866
f 3873 3879 3878
f 3866 3917 3872
f 3866 3878 3912
f 3873 3952 3879
f 3878 3879 3912
f 3879 3952 3953
f 3879 3953 3881
f 3880 3881 3954
f 3879 3881 3912
f 3581 3870 3884
f 3882 3889 3884
f 3882 3883 3887
f 3882 3887 3889
f 3868 3884 3870
f 3868 3882 3884
f 3869 3883 3882
f 3871 3885 3883
f 3872 3886 3885
f 3581 3884 3584
f 3584 3884 3889
f 3883 3888 3887
f 3885 3890 3888
f 3883 3885 3888
f 3885 3886 3890
f 3886 3891 3890
f 3887 3904 3889
f 3887 3888 3892
f 3888 3890 3893
f 3890 3891 3894
f 3887 3892 3904
f 3888 3893 3892
f 3890 3894 3893
f 3891 3907 3894
f 3896 3958 3898
f 3896 3905 3959
f 3584 3889 3895
f 3895 3904 3896
f 3889 3904 3895
f 3896 3904 3905
f 3591 3895 3898
f 3591 3898 3897
f 3592 3897 3969
f 3895 3896 3898
f 3593 3969 3970
f 3899 3905 3906
f 3899 3959 3905
f 3900 3906 3908
f 3901 3908 3909
f 3899 3906 3900
f 3900 3908 3901
f 3901 3909 3902
f 3899 3900 3972
f 3900 3901 3973
f 3901 3902 3974
f 3902 3903 3975
f 3892 3893 3906
f 3893 3894 3908
f 3892 3905 3904
f 3893 3908 3906
f 3892 3906 3905
f 3894 3907 3909
f 3894 3909 3908
f 3907 3910 3909
f 3891 3930 3907
f 3902 3909 3910
f 3902 3910 3903
f 3907 4037 3910
f 3903 3910 4040
f 3880 3913 3881
f 3880 3911 3914
f 3911 3957 3915
f 3675 3916 3957
f 3915 3957 3916
f 3602 3916 3675
f 3602 3920 3916
f 3872 3922 3886
f 3872 3917 3922
f 3886 3935 3891
f 3886 3922 3935
f 3866 3912 3917
f 3881 3913 3912
f 3880 3914 3913
f 3911 3915 3914
f 3912 3913 3917
f 3913 3914 3918
f 3914 3915 3919
f 3913 3918 3917
f 3917 3918 3922
f 3918 3933 3922
f 3919 3934 3933
f 3915 3921 3919
f 3916 3920 3921
f 3915 3916 3921
f 3914 3919 3918
f 3918 3919 3933
f 3919 3921 3934
f 3920 3931 3921
f 3589 4000 3996
f 3602 3927 3920
f 3603 3926 3927
f 3602 3603 3927
f 3920 3927 3932
f 3608 3925 3609
f 3609 3928 3926
f 3926 3929 3927
f 3608 3924 3925
f 3609 3925 3928
f 3926 3928 3929
f 3929 3995 3939
f 3927 3929 3932
f 3891 3935 3930
f 3907 3930 4037
f 3930 3940 4037
f 3921 3931 3934
f 3920 3932 3931
f 3922 3933 3935
f 3933 3934 3936
f 3931 3937 3934
f 3931 3932 3938
f 3933 3936 3935
f 3934 3937 3936
f 3931 3938 3937
f 3932 3939 3938
f 3929 3939 3932
f 3939 3995 4008
f 3938 3939 3941
f 3930 3935 3936
f 3936 3937 3940
f 3930 3936 3940
f 3937 3938 3942
f 3939 4008 3941
f 3937 3942 3940
f 3938 3941 3942
f 3943 3944 3947
f 3944 3945 3948
f 3658 3950 3946
f 3945 3946 3949
f 3946 3950 3949
f 3658 3951 3950
f 3947 3948 3952
f 3944 3948 3947
f 3945 3949 3948
f 3948 3949 3953
f 3949 3950 3954
f 3950 3951 3955
f 3948 3953 3952
f 3949 3954 3953
f 3950 3955 3954
f 3951 3956 3955
f 3664 3956 3951
f 3881 3953 3954
f 3880 3954 3955
f 3911 3955 3956
f 3911 3956 3957
f 3880 3955 3911
f 3673 3957 3956
f 3673 3675 3957
f 3898 3958 3960
f 3897 3960 3961
f 3896 3959 3958
f 3959 3966 3962
f 3958 3959 3962
f 3958 3963 3960
f 3958 3962 3963
f 3960 3964 3961
f 3899 3966 3959
f 3962 3978 3963
f 3962 3966 3967
f 3960 3963 3964
f 3961 3964 3965
f 3961 3965 3971
f 3962 3967 3978
f 3963 3979 3964
f 3963 3978 3979
f 3964 3979 3980
f 3964 3980 3965
f 3966 3972 3968
f 3966 3968 3967
f 3897 3961 3969
f 3897 3898 3960
f 3969 3971 3970
f 3961 3971 3969
f 3590 3594 3992
f 3594 3970 4010
f 3970 3971 4015
f 3899 3972 3966
f 3900 3973 3972
f 3901 3974 3973
f 3902 3975 3974
f 3903 4020 3975
f 3972 3973 3976
f 3973 3974 3977
f 3974 3975 4021
f 3973 3977 3976
f 3974 4021 3977
f 3968 3976 3983
f 3968 3972 3976
f 3976 3977 3991
f 3976 3991 3983
f 3979 3985 3980
f 3967 3968 3982
f 3967 3982 3981
f 3968 3983 3982
f 3978 3981 3984
f 3982 3983 3987
f 3981 3982 3986
f 3967 3981 3978
f 3978 3984 3979
f 3979 3984 3985
f 3981 3989 3984
f 3984 3990 3985
f 3981 3986 3989
f 3982 3987 3986
f 3984 3989 3990
f 3983 3988 3987
f 3986 3987 4059
f 3986 4056 3989
f 3986 4059 4056
f 3989 4057 3990
f 3987 3988 4058
f 3987 4058 4059
f 3988 4060 4058
f 3965 4077 3971
f 3965 3980 4081
f 3971 4077 4015
f 3980 3985 4084
f 3965 4081 4077
f 3983 3991 3988
f 3988 3991 4028
f 3988 4028 4060
f 3809 4060 4028
f 3590 3992 4000
f 3594 4010 3992
f 3992 3993 4000
f 3923 3997 3924
f 3924 3998 3925
f 3923 3996 3997
f 3924 3997 3998
f 3925 3999 3928
f 3928 3995 3929
f 3925 3998 3999
f 3928 3999 3995
f 3996 4001 3997
f 3997 4002 3998
f 3998 4003 3999
f 3999 4003 4004
f 3995 3999 4004
f 3995 4004 4008
f 3996 4000 4001
f 3997 4001 4002
f 3998 4002 4003
f 3993 4001 4000
f 3994 4002 4001
f 3993 3994 4001
f 4002 4005 4003
f 4003 4006 4004
f 3994 4005 4002
f 4003 4005 4006
f 3910 4037 4040
f 3942 4039 4038
f 4006 4042 4009
f 4004 4009 4008
f 3940 3942 4038
f 3941 4039 3942
f 3941 4008 4007
f 3941 4007 4039
f 4007 4008 4009
f 4004 4006 4009
f 3970 4015 4010
f 3992 4011 3993
f 3993 4012 3994
f 3994 4013 4005
f 3992 4010 4011
f 3993 4011 4012
f 3994 4012 4013
f 4005 4014 4006
f 4005 4013 4014
f 4010 4016 4011
f 4011 4017 4012
f 4012 4018 4013
f 4013 4019 4014
f 4015 4077 4078
f 4016 4078 4079
f 4010 4015 4016
f 4011 4016 4017
f 4012 4017 4018
f 4013 4018 4019
f 4015 4078 4016
f 4016 4079 4017
f 4017 4080 4018
f 4018 4089 4019
f 4017 4079 4080
f 4018 4080 4089
f 4006 4014 4042
f 4014 4019 4049
f 4014 4049 4042
f 4019 4089 4054
f 4054 4089 4111
f 4019 4054 4049
f 3975 4020 4022
f 3975 4022 4021
f 4020 4023 4022
f 3977 4021 4024
f 4021 4022 4025
f 3977 4024 3991
f 4021 4025 4024
f 4022 4026 4025
f 4023 4027 4026
f 4022 4023 4026
f 3903 4045 4020
f 4020 4050 4023
f 4020 4045 4050
f 3991 4024 4028
f 4024 4025 4029
f 4025 4026 4030
f 4026 4027 4031
f 4024 4029 4028
f 4025 4030 4029
f 4026 4031 4030
f 4027 4032 4031
f 3809 4028 4029
f 4029 4030 4033
f 3809 4029 4033
f 4030 4031 4034
f 4030 4034 4033
f 4031 4032 4035
f 4031 4035 4034
f 4032 4036 4035
f 4027 4092 4032
f 4023 4055 4027
f 4023 4050 4055
f 4027 4055 4092
f 3940 4038 4037
f 4037 4038 4040
f 4038 4039 4041
f 4007 4044 4039
f 3903 4040 4045
f 4007 4009 4043
f 4038 4041 4040
f 4039 4044 4041
f 4007 4043 4044
f 4009 4042 4043
f 4040 4041 4045
f 4041 4044 4047
f 4043 4048 4044
f 4042 4046 4043
f 4041 4047 4045
f 4045 4047 4050
f 4048 4052 4051
f 4047 4051 4050
f 4043 4046 4048
f 4042 4049 4046
f 4044 4048 4047
f 4046 4049 4053
f 4047 4048 4051
f 4046 4052 4048
f 4050 4051 4055
f 4051 4052 4108
f 4051 4108 4055
f 4053 4054 4110
f 4052 4053 4109
f 4054 4111 4110
f 4052 4109 4108
f 4053 4110 4109
f 4049 4054 4053
f 4046 4053 4052
f 3989 4056 4057
f 3810 4056 4059
f 3811 4059 4058
f 4056 4061 4057
f 3810 4061 4056
f 3985 3990 4062
f 3990 4057 4065
f 4057 4061 4067
f 3985 4062 4084
f 3980 4084 4081
f 3990 4065 4062
f 3817 8435 4061
f 3817 3822 8438
f 3822 3827 8441
f 4061 8435 4067
f 3817 8438 8435
f 4057 4067 4065
f 4062 4063 4084
f 4063 4064 4085
f 4062 4066 4063
f 4063 4071 4064
f 4062 4065 4066
f 4063 4066 4071
f 4065 4068 4066
f 4066 4074 4071
f 4065 4067 4068
f 4066 4068 4074
f 4064 4072 4069
f 4069 4073 4070
f 4064 4071 4072
f 4069 4072 4073
f 4070 4073 4098
f 4071 4075 4072
f 4072 4076 4073
f 4071 4074 4075
f 4072 4075 4076
f 4073 4076 4103
f 4077 4082 4078
f 4078 4083 4079
f 4079 4087 4080
f 4077 4081 4082
f 4078 4082 4083
f 4079 4083 4087
f 4081 4085 4082
f 4082 4086 4083
f 4081 4084 4085
f 4082 4085 4086
f 4083 4086 4090
f 4083 4090 4087
f 4063 4085 4084
f 4064 4086 4085
f 4080 4088 4089
f 4088 4111 4089
f 4080 4087 4088
f 4088 4115 4111
f 4087 4090 4091
f 4087 4091 4088
f 4069 4090 4086
f 4070 4091 4090
f 4088 4091 4115
f 4091 4097 4115
f 4064 4069 4086
f 4069 4070 4090
f 4070 4097 4091
f 3836 4035 4036
f 4032 4093 4036
f 3837 4104 3842
f 3837 4036 4099
f 4032 4092 4093
f 4036 4093 4099
f 4092 4113 4093
f 4093 4113 4094
f 4094 4112 4095
f 4093 4094 4099
f 3842 8461 3847
f 3847 8467 3852
f 3842 4104 8461
f 4070 4098 4097
f 4096 4097 4101
f 4097 4098 4101
f 3837 4099 4104
f 4094 4100 4099
f 4094 4095 4100
f 4095 4096 4102
f 4095 4102 4100
f 4099 4100 4104
f 4100 4102 4107
f 4096 4101 4102
f 4073 4103 4098
f 4098 4103 4106
f 4104 4107 8461
f 4105 8462 4107
f 4101 4105 4102
f 4098 4106 4101
f 4100 4107 4104
f 4102 4105 4107
f 4101 4106 4105
f 4105 4106 8464
f 4109 4110 4112
f 4111 4115 4114
f 4110 4114 4112
f 4110 4111 4114
f 4055 4108 4092
f 4108 4109 4113
f 4092 4108 4113
f 4109 4112 4113
f 4096 4114 4115
f 4096 4115 4097
f 4094 4113 4112
f 4095 4112 4114
f 4095 4114 4096
f 4116 4911 4118
f 4116 4118 4121
f 4117 4122 4915
f 4116 4120 4117
f 4119 4915 4122
f 4116 4121 4120
f 4117 4120 4122
f 4120 4121 8526
f 4119 4122 8527
f 4120 8524 4122
f 4118 4123 4121
f 4121 4123 8525
f 4118 4949 4124
f 4118 4124 4123
f 4124 4950 4125
f 4125 4954 4128
f 4123 4124 4126
f 4123 4126 8528
f 4124 4125 4126
f 4125 4128 4127
f 4125 4127 4126
f 4127 4128 4130
f 4126 4127 8549
f 4128 4129 4130
f 4129 4957 4131
f 4129 4131 4130
f 4131 4957 4132
f 4133 4151 4138
f 4133 4139 4134
f 4134 4140 4135
f 4136 4151 4152
f 4136 4152 4137
f 4136 4138 4151
f 4133 4138 4139
f 4136 4142 4138
f 4138 4145 4139
f 4134 4139 4140
f 4139 4144 4140
f 4138 4142 4145
f 4136 4141 4142
f 4136 4137 4141
f 4137 4143 4141
f 4141 4146 4142
f 4141 4143 4150
f 4139 4145 4144
f 4144 4145 4148
f 4142 4147 4145
f 4149 4164 4150
f 4146 4166 4147
f 4146 4150 4165
f 4147 4172 4148
f 4147 4166 4172
f 4141 4150 4146
f 4143 4149 4150
f 4142 4146 4147
f 4145 4147 4148
f 4135 4140 4211
f 4140 4144 4214
f 4135 4211 4209
f 4140 4214 4211
f 4144 4148 4219
f 4148 4172 4226
f 4144 4219 4214
f 4148 4226 4219
f 1586 1587 4133
f 1581 4151 1587
f 1587 4151 4133
f 1581 4152 4151
f 1586 4133 4134
f 1588 4134 4135
f 1580 4153 1581
f 1581 4154 4152
f 4137 4152 4159
f 1580 4443 4153
f 1581 4153 4154
f 4153 4448 4154
f 4155 4448 4449
f 4137 4187 4143
f 4143 4192 4149
f 4152 4154 4159
f 4154 4448 4155
f 4155 4449 4156
f 4154 4155 4159
f 4155 4156 4160
f 4156 4157 4161
f 4157 4158 4162
f 4137 4159 4187
f 4155 4160 4159
f 4156 4161 4160
f 4157 4162 4161
f 4159 4160 4187
f 4160 4161 4188
f 4158 4163 4162
f 4161 4162 4189
f 4162 4163 4190
f 1589 4135 4209
f 4158 4234 4163
f 4163 4239 4191
f 4163 4234 4239
f 4191 4239 4274
f 4146 4165 4166
f 4150 4164 4165
f 4149 4167 4164
f 4165 4173 4166
f 4165 4169 4173
f 4164 4167 4168
f 4164 4169 4165
f 4164 4168 4169
f 4167 4170 4168
f 4168 4175 4169
f 4168 4170 4185
f 4167 4199 4170
f 4170 4186 4185
f 4166 4174 4172
f 4166 4173 4174
f 4171 4174 4173
f 4169 4176 4173
f 4168 4185 4175
f 4169 4175 4176
f 4171 4173 4176
f 4172 4174 4253
f 4172 4253 4226
f 4174 4246 4253
f 4171 4246 4174
f 4175 4177 4176
f 4180 4185 4186
f 4175 4179 4177
f 4175 4185 4179
f 4179 4185 4180
f 4180 4186 4181
f 4171 4176 4178
f 4176 4177 4178
f 4180 4181 4338
f 4177 4179 4182
f 4177 4184 4178
f 4179 4180 4183
f 4180 4338 4183
f 4179 4183 4182
f 4177 4182 4184
f 4181 4339 4338
f 4171 4178 4248
f 4178 4184 4261
f 4170 4200 4186
f 4181 4186 4354
f 4149 4196 4167
f 4143 4187 4192
f 4149 4192 4196
f 4167 4196 4199
f 4187 4188 4192
f 4188 4189 4193
f 4188 4193 4192
f 4160 4188 4187
f 4161 4189 4188
f 4162 4190 4189
f 4163 4191 4190
f 4189 4190 4194
f 4190 4191 4195
f 4189 4194 4193
f 4190 4195 4194
f 4193 4197 4196
f 4192 4193 4196
f 4193 4194 4197
f 4194 4195 4202
f 4194 4202 4197
f 4191 4274 4198
f 4195 4198 4203
f 4195 4203 4202
f 4191 4198 4195
f 4198 4274 4271
f 4198 4271 4204
f 4204 4271 4277
f 4170 4199 4200
f 4186 4200 4354
f 4199 4205 4200
f 4201 4205 4206
f 4200 4205 4201
f 4201 4206 4352
f 4207 4353 4352
f 4196 4197 4199
f 4198 4204 4203
f 4197 4202 4205
f 4202 4203 4206
f 4197 4205 4199
f 4202 4206 4205
f 4203 4204 4207
f 4203 4207 4206
f 4204 4208 4207
f 4206 4207 4352
f 4207 4208 4353
f 4208 4356 4353
f 4204 4277 4208
f 4208 4292 4356
f 4209 4212 4210
f 4209 4211 4212
f 4210 4213 4231
f 4210 4212 4213
f 4213 4216 4231
f 4216 4217 4232
f 4211 4215 4212
f 4212 4218 4213
f 4211 4214 4215
f 4212 4215 4218
f 4213 4221 4216
f 4213 4218 4221
f 4216 4222 4217
f 4216 4221 4222
f 4219 4227 4220
f 4214 4220 4215
f 4214 4219 4220
f 4215 4223 4218
f 4215 4220 4223
f 4218 4224 4221
f 4221 4225 4222
f 4218 4223 4224
f 4221 4224 4225
f 4220 4228 4223
f 4219 4226 4227
f 4220 4227 4228
f 4223 4228 4229
f 4224 4229 4230
f 4226 4254 4227
f 4227 4255 4228
f 4228 4256 4229
f 4223 4229 4224
f 4224 4230 4225
f 4229 4257 4230
f 1635 4209 4210
f 1636 4210 4231
f 1637 4231 4232
f 1638 4232 4233
f 4216 4232 4231
f 4217 4233 4232
f 1633 1639 4237
f 1639 4233 4242
f 4217 4244 4233
f 1633 4237 4460
f 1634 4460 4456
f 1639 4242 4237
f 4237 4238 4460
f 4217 4222 4278
f 4222 4225 4281
f 4217 4278 4244
f 4233 4244 4242
f 4234 4235 4239
f 4235 4236 4240
f 4236 4461 4238
f 4237 4241 4238
f 4236 4238 4243
f 4236 4243 4240
f 4238 4241 4243
f 4237 4242 4241
f 4235 4240 4239
f 4240 4275 4274
f 4239 4240 4274
f 4241 4276 4243
f 4241 4242 4245
f 4243 4276 4275
f 4242 4244 4245
f 4241 4245 4276
f 4240 4243 4275
f 4171 4248 4246
f 4246 4249 4247
f 4247 4250 4258
f 4246 4248 4249
f 4247 4249 4250
f 4250 4251 4258
f 4251 4252 4259
f 4226 4253 4254
f 4227 4254 4255
f 4228 4255 4256
f 4247 4254 4253
f 4246 4247 4253
f 4229 4256 4257
f 4254 4258 4255
f 4255 4259 4256
f 4256 4260 4257
f 4247 4258 4254
f 4255 4258 4259
f 4256 4259 4260
f 4251 4259 4258
f 4252 4260 4259
f 4230 4257 4284
f 4257 4260 4296
f 4178 4261 4248
f 4184 4342 4266
f 4184 4266 4261
f 4248 4261 4262
f 4248 4262 4249
f 4249 4262 4263
f 4249 4263 4250
f 4250 4264 4251
f 4251 4265 4252
f 4250 4263 4264
f 4251 4264 4265
f 4261 4267 4262
f 4262 4268 4263
f 4263 4269 4264
f 4266 4374 4267
f 4261 4266 4267
f 4262 4267 4268
f 4263 4268 4269
f 4252 4398 4260
f 4264 4270 4265
f 4267 4375 4268
f 4268 4377 4269
f 4266 4373 4374
f 4267 4374 4375
f 4268 4375 4377
f 4269 4377 4378
f 4264 4269 4270
f 4269 4378 4270
f 4252 4265 4404
f 4265 4270 4405
f 4252 4404 4398
f 4225 4230 4294
f 4222 4281 4278
f 4225 4294 4281
f 4230 4284 4294
f 4245 4279 4273
f 4271 4274 4275
f 4272 4275 4276
f 4245 4273 4276
f 4244 4279 4245
f 4271 4275 4272
f 4272 4276 4273
f 4271 4272 4277
f 4272 4273 4282
f 4272 4282 4277
f 4244 4278 4279
f 4278 4280 4279
f 4273 4279 4283
f 4273 4283 4282
f 4279 4280 4283
f 4278 4281 4280
f 4282 4283 4291
f 4280 4281 4293
f 4280 4290 4283
f 4277 4282 4292
f 4281 4294 4293
f 4257 4296 4284
f 4284 4285 4294
f 4285 4288 4293
f 4287 4288 4289
f 4285 4297 4288
f 4286 4287 4387
f 4287 4289 4387
f 4288 4297 4289
f 4208 4277 4292
f 4286 4356 4292
f 4282 4291 4292
f 4283 4290 4291
f 4280 4293 4290
f 4286 4292 4291
f 4287 4291 4290
f 4286 4291 4287
f 4285 4293 4294
f 4288 4290 4293
f 4287 4290 4288
f 4260 4398 4296
f 4284 4295 4285
f 4284 4296 4295
f 4295 4296 4399
f 4285 4295 4297
f 4298 4301 4299
f 4299 4302 4300
f 4313 4371 4372
f 4298 4371 4312
f 4299 4301 4302
f 4298 4312 4301
f 4312 4371 4313
f 4300 4303 4370
f 4300 4302 4306
f 4304 4307 4383
f 4303 4305 4304
f 4308 4384 4383
f 4304 4305 4307
f 4307 4308 4383
f 4308 4309 4384
f 4300 4306 4303
f 4302 4318 4310
f 4302 4310 4306
f 4303 4306 4305
f 4305 4306 4311
f 4305 4491 4307
f 4307 4492 4308
f 4308 4493 4309
f 4306 4310 4311
f 4305 4311 4491
f 4307 4491 4492
f 4310 4318 4494
f 4310 4495 4311
f 4313 4372 4314
f 4301 4312 4316
f 4301 4318 4302
f 4301 4316 4318
f 4312 4313 4317
f 4313 4315 4317
f 4312 4317 4316
f 4313 4314 4315
f 4314 4319 4315
f 4316 4317 4320
f 4316 4321 4318
f 4315 4322 4317
f 4315 4319 4323
f 4315 4323 4322
f 4317 4322 4320
f 4319 4324 4323
f 4318 4321 4494
f 4316 4320 4321
f 4320 4322 4328
f 4320 4329 4321
f 4322 4323 4326
f 4320 4328 4329
f 4321 4501 4494
f 4321 4329 4501
f 4329 4333 4506
f 4331 4512 4511
f 4323 4324 4327
f 4323 4327 4326
f 4324 4330 4327
f 4326 4331 4328
f 4322 4326 4328
f 4326 4327 4332
f 4327 4330 4334
f 4328 4333 4329
f 4326 4332 4331
f 4328 4331 4333
f 4327 4334 4332
f 4330 4335 4334
f 4331 4511 4333
f 4325 4332 4334
f 4334 4335 4336
f 4331 4332 4512
f 4325 4512 4332
f 4325 4334 4336
f 4335 4337 4336
f 4330 4761 4335
f 4183 4338 4340
f 4338 4339 4343
f 4339 4349 4343
f 4341 4345 4342
f 4182 4183 4341
f 4182 4342 4184
f 4183 4340 4341
f 4182 4341 4342
f 4338 4343 4340
f 4343 4349 4348
f 4340 4343 4346
f 4340 4347 4341
f 4340 4346 4347
f 4343 4348 4346
f 4344 4348 4349
f 4341 4347 4345
f 4345 4347 4370
f 4346 4368 4347
f 4346 4348 4369
f 4181 4360 4339
f 4181 4354 4360
f 4339 4365 4349
f 4339 4360 4365
f 4346 4369 4368
f 4348 4350 4369
f 4344 4350 4348
f 4344 4351 4350
f 4344 4349 4390
f 4349 4365 4390
f 4200 4201 4354
f 4201 4352 4355
f 4352 4353 4357
f 4201 4355 4354
f 4352 4357 4355
f 4353 4356 4358
f 4353 4358 4357
f 4356 4359 4358
f 4286 4359 4356
f 4360 4361 4365
f 4354 4355 4360
f 4355 4357 4361
f 4355 4361 4360
f 4357 4358 4362
f 4358 4359 4363
f 4357 4362 4361
f 4358 4363 4362
f 4359 4364 4363
f 4361 4362 4366
f 4361 4366 4365
f 4362 4367 4366
f 4363 4388 4367
f 4365 4366 4390
f 4362 4363 4367
f 4363 4364 4388
f 4342 4345 4373
f 4345 4370 4376
f 4266 4342 4373
f 4345 4376 4373
f 4303 4376 4370
f 4347 4368 4370
f 4298 4369 4350
f 4350 4351 4371
f 4299 4368 4369
f 4300 4370 4368
f 4298 4299 4369
f 4299 4300 4368
f 4344 4415 4351
f 4351 4372 4371
f 4298 4350 4371
f 4351 4416 4372
f 4344 4390 4415
f 4351 4415 4416
f 4373 4379 4374
f 4374 4380 4375
f 4373 4376 4379
f 4375 4381 4377
f 4377 4382 4378
f 4374 4379 4380
f 4375 4380 4381
f 4377 4381 4382
f 4304 4379 4376
f 4379 4383 4380
f 4380 4384 4381
f 4303 4304 4376
f 4304 4383 4379
f 4381 4385 4382
f 4380 4383 4384
f 4381 4384 4385
f 4309 4385 4384
f 4378 4382 4544
f 4270 4378 4411
f 4265 4405 4404
f 4378 4544 4411
f 4270 4411 4405
f 4382 4385 4546
f 4411 4545 4414
f 4359 4387 4364
f 4286 4387 4359
f 4364 4395 4389
f 4364 4387 4395
f 4289 4395 4387
f 4389 4395 4403
f 4366 4367 4391
f 4367 4388 4392
f 4388 4389 4393
f 4364 4389 4388
f 4366 4391 4390
f 4367 4392 4391
f 4388 4393 4392
f 4390 4391 4415
f 4391 4392 4439
f 4389 4394 4393
f 4392 4393 4440
f 4391 4439 4415
f 4392 4440 4439
f 4393 4394 4441
f 4393 4441 4440
f 4389 4403 4394
f 4394 4442 4441
f 4394 4408 4442
f 4398 4401 4399
f 4398 4404 4401
f 4399 4401 4402
f 4289 4297 4397
f 4289 4397 4395
f 4296 4398 4399
f 4295 4396 4297
f 4297 4396 4397
f 4295 4399 4396
f 4395 4397 4403
f 4396 4400 4397
f 4396 4399 4402
f 4400 4408 4403
f 4400 4402 4409
f 4400 4409 4408
f 4397 4400 4403
f 4396 4402 4400
f 4401 4404 4406
f 4401 4407 4402
f 4401 4406 4407
f 4402 4407 4409
f 4404 4405 4406
f 4394 4403 4408
f 4410 4420 4442
f 4408 4410 4442
f 4406 4412 4407
f 4407 4413 4409
f 4408 4409 4410
f 4409 4413 4410
f 4405 4411 4414
f 4405 4414 4406
f 4407 4412 4413
f 4406 4414 4412
f 4412 4542 4413
f 4412 4414 4543
f 4386 4420 4410
f 4386 4410 4413
f 4386 4413 4542
f 4314 4372 4421
f 4314 4426 4319
f 4314 4421 4426
f 4415 4439 4416
f 4372 4416 4421
f 4417 4439 4440
f 4416 4439 4417
f 4417 4440 4418
f 4418 4441 4419
f 4416 4417 4421
f 4417 4422 4421
f 4417 4418 4422
f 4418 4419 4423
f 4419 4420 4424
f 4418 4423 4422
f 4419 4424 4423
f 4386 4425 4420
f 4420 4425 4424
f 4421 4422 4426
f 4422 4423 4427
f 4423 4424 4428
f 4424 4425 4429
f 4386 4549 4425
f 4425 4549 4430
f 4319 4431 4324
f 4324 4436 4330
f 4319 4426 4431
f 4324 4431 4436
f 4330 4436 4761
f 4426 4427 4431
f 4427 4428 4432
f 4427 4432 4431
f 4422 4427 4426
f 4423 4428 4427
f 4424 4429 4428
f 4425 4430 4429
f 4428 4429 4433
f 4428 4433 4432
f 4429 4434 4433
f 4429 4430 4434
f 4430 4435 4434
f 4430 4551 4435
f 4431 4432 4436
f 4432 4433 4437
f 4433 4434 4438
f 4434 4435 4562
f 4432 4437 4436
f 4433 4438 4437
f 4434 4562 4438
f 4435 4561 4562
f 4418 4440 4441
f 4419 4441 4442
f 4419 4442 4420
f 1812 4444 4443
f 1817 1818 4445
f 1817 4445 4444
f 1818 4446 4445
f 1818 1819 4446
f 1819 4447 4446
f 4153 4443 4444
f 4444 4445 4448
f 4153 4444 4448
f 4445 4446 4449
f 4445 4449 4448
f 4446 4450 4449
f 4446 4447 4450
f 4447 4451 4450
f 4156 4449 4450
f 4157 4450 4451
f 4156 4450 4157
f 4157 4451 4158
f 1819 1822 4447
f 4447 4452 4451
f 1822 4452 4447
f 1822 1863 4452
f 4451 4452 4457
f 4158 4451 4457
f 4158 4457 4234
f 1863 1864 4453
f 1865 1866 4454
f 1864 1865 4455
f 1866 4456 4454
f 1865 4454 4455
f 4454 4456 4461
f 1864 4455 4453
f 1863 4453 4452
f 4453 4458 4457
f 4454 4459 4455
f 4455 4459 4458
f 4454 4461 4459
f 4452 4453 4457
f 4453 4455 4458
f 4234 4457 4458
f 4235 4458 4459
f 4236 4459 4461
f 4456 4460 4461
f 4238 4461 4460
f 4234 4458 4235
f 4235 4459 4236
f 4464 4465 4470
f 4462 4464 4469
f 4465 4466 4471
f 4463 4592 4467
f 4462 4469 4473
f 4462 4473 4463
f 4463 4473 4592
f 4464 4470 4469
f 4465 4471 4470
f 4466 4472 4471
f 4471 4472 4478
f 4469 4475 4473
f 4469 4470 4474
f 4470 4471 4477
f 4471 4478 4477
f 4469 4474 4475
f 4470 4477 4474
f 4473 4596 4592
f 4473 4475 4596
f 4463 4467 4476
f 4468 4589 4476
f 4476 4589 4590
f 4467 4468 4476
f 4462 4463 4476
f 4464 4476 4465
f 4462 4476 4464
f 4465 4476 4466
f 4466 4485 4472
f 4466 4476 4485
f 4476 4489 4488
f 4436 4437 4761
f 4472 4479 4478
f 4474 4477 4481
f 4474 4480 4475
f 4477 4483 4481
f 4478 4482 4483
f 4474 4481 4480
f 4481 4483 4981
f 4477 4478 4483
f 4478 4479 4482
f 4479 4484 4482
f 4482 4982 4483
f 4482 4484 4983
f 4472 4490 4479
f 4472 4485 4490
f 4479 5069 4484
f 4479 4490 5069
f 4476 4486 4485
f 4476 4487 4486
f 4476 4488 4487
f 4485 4486 4490
f 4486 4487 5063
f 4487 4488 5064
f 4488 4489 5065
f 4486 5063 4490
f 4487 5064 5063
f 4308 4492 4493
f 4494 4502 4495
f 4495 4503 4496
f 4495 4502 4503
f 4496 4504 4497
f 4496 4503 4504
f 4497 4504 4505
f 4311 4496 4491
f 4310 4494 4495
f 4491 4497 4492
f 4492 4498 4493
f 4311 4495 4496
f 4491 4496 4497
f 4492 4497 4498
f 4497 4505 4498
f 4501 4507 4502
f 4494 4501 4502
f 4329 4506 4501
f 4333 4499 4506
f 4502 4508 4503
f 4503 4509 4504
f 4504 4510 4505
f 4501 4506 4507
f 4502 4507 4508
f 4503 4508 4509
f 4500 4507 4506
f 4507 4518 4508
f 4508 4519 4509
f 4509 4520 4510
f 4504 4509 4510
f 4499 4500 4506
f 4500 4518 4507
f 4508 4518 4519
f 4333 4511 4499
f 4325 4671 4512
f 4325 4336 4672
f 4511 4512 4513
f 4512 4671 4513
f 4499 4511 4521
f 4511 4513 4521
f 4513 4675 4522
f 4500 4515 4518
f 4516 4519 4518
f 4499 4514 4500
f 4499 4521 4514
f 4500 4514 4515
f 4515 4516 4518
f 4516 4517 4519
f 4515 4526 4516
f 4509 4519 4520
f 4517 4520 4519
f 4505 4510 4569
f 4510 4520 4578
f 4513 4522 4521
f 4514 4521 4524
f 4514 4524 4525
f 4521 4522 4524
f 4514 4525 4515
f 4522 4675 4529
f 4522 4529 4523
f 4515 4525 4526
f 4516 4527 4517
f 4516 4526 4527
f 4522 4523 4524
f 4524 4528 4525
f 4525 4530 4526
f 4523 4528 4524
f 4525 4528 4530
f 4526 4531 4527
f 4526 4530 4531
f 4529 4680 4533
f 4523 4529 4532
f 4517 4527 4587
f 4517 4579 4520
f 4528 4535 4530
f 4530 4536 4531
f 4523 4532 4534
f 4523 4534 4528
f 4529 4533 4532
f 4528 4534 4535
f 4530 4535 4536
f 4532 4539 4534
f 4534 4540 4535
f 4535 4541 4536
f 4532 4533 4538
f 4533 4537 4538
f 4532 4538 4539
f 4534 4539 4540
f 4538 4697 4539
f 4539 4724 4540
f 4535 4540 4541
f 4540 4728 4541
f 4527 4531 4799
f 4517 4587 4579
f 4531 4536 4729
f 4527 4799 4587
f 4531 4729 4799
f 4309 4553 4385
f 4309 4493 4552
f 4309 4552 4553
f 4493 4498 4564
f 4382 4546 4544
f 4411 4544 4545
f 4385 4553 4546
f 4414 4545 4543
f 4544 4547 4545
f 4543 4545 4548
f 4386 4542 4549
f 4542 4543 4550
f 4542 4550 4549
f 4543 4548 4550
f 4544 4546 4547
f 4546 4554 4547
f 4545 4547 4548
f 4412 4543 4542
f 4498 4505 4563
f 4493 4564 4552
f 4549 4550 4551
f 4548 4556 4550
f 4547 4555 4548
f 4550 4556 4551
f 4430 4549 4551
f 4435 4551 4557
f 4553 4559 4554
f 4552 4559 4553
f 4554 4559 4560
f 4546 4553 4554
f 4547 4554 4555
f 4548 4555 4556
f 4551 4556 4557
f 4554 4560 4555
f 4555 4558 4556
f 4555 4560 4558
f 4559 4567 4560
f 4558 4560 4566
f 4557 4558 4573
f 4556 4558 4557
f 4435 4557 4561
f 4561 4771 4562
f 4557 4573 4561
f 4573 4577 4772
f 4561 4573 4772
f 4577 4763 4772
f 4498 4563 4564
f 4505 4569 4563
f 4552 4564 4565
f 4552 4565 4559
f 4559 4565 4567
f 4560 4567 4566
f 4558 4566 4573
f 4564 4574 4565
f 4565 4576 4567
f 4563 4574 4564
f 4565 4574 4576
f 4510 4578 4569
f 4520 4579 4578
f 4563 4570 4574
f 4563 4569 4570
f 4568 4576 4571
f 4570 4571 4574
f 4569 4580 4570
f 4570 4582 4571
f 4568 4583 4572
f 4568 4571 4581
f 4571 4582 4581
f 4568 4581 4583
f 4566 4577 4573
f 4566 4567 4575
f 4567 4576 4575
f 4566 4575 4577
f 4572 4577 4575
f 4572 4763 4577
f 4571 4576 4574
f 4568 4575 4576
f 4568 4572 4575
f 4569 4578 4580
f 4578 4585 4580
f 4580 4584 4582
f 4570 4580 4582
f 4581 4582 4586
f 4581 4786 4583
f 4578 4579 4585
f 4580 4585 4584
f 4582 4584 4586
f 4581 4586 4786
f 4579 4789 4585
f 4579 4587 4789
f 4585 4789 4790
f 4584 4585 4790
f 4584 4788 4586
f 3482 4641 4642
f 3483 4642 4643
f 3484 4643 4644
f 3485 4644 4645
f 3486 4645 4646
f 3487 4646 4649
f 3488 4649 4651
f 3492 4654 4655
f 3493 4655 9396
f 3489 4651 4652
f 3490 4652 4653
f 3491 4653 4654
f 4468 4593 4589
f 4467 4591 4468
f 4589 4594 4590
f 4590 4595 4619
f 4468 4591 4593
f 4589 4593 4594
f 4590 4594 4595
f 4467 4592 4591
f 4591 4592 4598
f 4591 4597 4593
f 4593 4599 4594
f 4594 4600 4595
f 4592 4596 4598
f 4591 4598 4597
f 4593 4597 4599
f 4594 4599 4600
f 4597 4598 4603
f 4597 4604 4599
f 4599 4605 4600
f 4475 4601 4596
f 4475 4480 4601
f 4596 4602 4598
f 4598 4602 4603
f 4596 4601 4602
f 4597 4603 4604
f 4601 4612 4608
f 4601 4608 4602
f 4602 4609 4603
f 4599 4604 4605
f 4480 4612 4601
f 4612 4985 4614
f 4613 4614 4996
f 4614 4995 4996
f 4606 4607 4615
f 4606 4613 4996
f 4603 4610 4604
f 4602 4608 4609
f 4603 4609 4610
f 4604 4611 4605
f 4604 4610 4611
f 4608 4612 4613
f 4608 4615 4609
f 4609 4616 4610
f 4612 4614 4613
f 4608 4613 4615
f 4609 4615 4616
f 4610 4616 4617
f 4610 4617 4611
f 4606 4615 4613
f 4607 4616 4615
f 4616 4618 4617
f 4607 4618 4616
f 4605 4611 5093
f 4611 4617 5095
f 4476 4590 4619
f 4476 4619 4620
f 4595 4625 4619
f 4619 4625 4620
f 4595 4600 4630
f 4476 4622 4489
f 4476 4620 4621
f 4476 4621 4623
f 4476 4623 4624
f 4476 4624 4622
f 4622 4628 5066
f 4622 4624 4628
f 4600 4605 4634
f 4595 4630 4625
f 4600 4634 4630
f 4605 5093 4634
f 4620 4626 4621
f 4621 4627 4623
f 4623 4629 4624
f 4620 4625 4626
f 4621 4626 4627
f 4626 4632 4627
f 4627 4633 4629
f 4625 4631 4626
f 4625 4630 4631
f 4626 4631 4632
f 4629 4633 5076
f 4627 4632 4633
f 4623 4627 4629
f 4624 4629 4628
f 4628 4629 5076
f 4630 5078 4631
f 4632 5077 4633
f 4631 5079 4632
f 4631 5078 5079
f 4630 4634 5078
f 4635 4637 4636
f 4635 4636 4638
f 4636 4637 4662
f 4635 4638 4639
f 4636 4662 4638
f 4635 4639 4640
f 4638 4663 4639
f 4635 4640 4647
f 4635 4642 4641
f 4635 4643 4642
f 4635 4644 4643
f 4635 4645 4644
f 4635 4646 4645
f 4635 4649 4646
f 4635 4651 4649
f 4635 4647 4648
f 4635 4648 4661
f 4635 4661 4651
f 4648 4650 4661
f 4651 4661 4652
f 4652 4661 4653
f 4655 4661 9396
f 4653 4661 4654
f 4654 4661 4655
f 4650 4656 4661
f 4656 4669 4657
f 4656 4657 4661
f 4657 4670 4658
f 4657 4658 4661
f 4658 4670 4660
f 4658 4660 4659
f 4658 4659 4661
f 4659 4660 4661
f 4588 4637 4635
f 4588 4662 4637
f 4588 4635 4641
f 4588 4663 4662
f 4588 4664 4663
f 4588 4665 4664
f 4638 4662 4663
f 4639 4663 4664
f 4639 4664 4640
f 4588 9434 4665
f 4640 4665 4647
f 4640 4664 4665
f 4647 4665 4666
f 4647 4666 4648
f 4648 4666 4667
f 4648 4667 4650
f 4650 4668 4656
f 4650 4667 4668
f 4588 9427 9434
f 4656 4668 4669
f 4665 9434 4666
f 4666 9434 4667
f 4657 4669 4670
f 4669 9434 4670
f 4667 9434 4668
f 4668 9434 4669
f 4660 4670 9434
f 4661 9434 9396
f 4660 9434 4661
f 4336 4337 4673
f 4325 4672 4671
f 4336 4673 4672
f 4337 4674 4673
f 4513 4671 4675
f 4671 4672 4676
f 4672 4673 4677
f 4673 4674 4678
f 4671 4676 4675
f 4672 4677 4676
f 4673 4678 4677
f 4674 4679 4678
f 4676 4677 4681
f 4675 4676 4680
f 4676 4681 4680
f 4677 4678 4682
f 4678 4679 4685
f 4677 4682 4681
f 4678 4685 4682
f 4679 4686 4685
f 4335 4764 4337
f 4337 4768 4674
f 4674 4776 4679
f 4674 4768 4776
f 4529 4675 4680
f 4680 4681 4683
f 4681 4682 4684
f 4682 4685 4687
f 4685 4686 4688
f 4681 4684 4683
f 4682 4687 4684
f 4685 4688 4687
f 4533 4680 4683
f 4683 4684 4690
f 4537 4683 4690
f 4679 4780 4686
f 4686 4689 4688
f 4684 4687 4691
f 4687 4688 4692
f 4684 4691 4690
f 4687 4692 4691
f 4688 4693 4692
f 4688 4689 4693
f 4689 4694 4693
f 4690 4691 4698
f 4691 4692 4699
f 4692 4693 4700
f 4693 4694 4701
f 4689 4726 4694
f 4679 4776 4780
f 4686 4791 4689
f 4686 4780 4791
f 4689 4791 4726
f 4690 4698 4695
f 4537 4695 4696
f 4695 4708 4696
f 4695 4698 4709
f 4691 4699 4698
f 4698 4699 4704
f 4700 4701 4703
f 4699 4700 4702
f 4701 4725 4705
f 4699 4702 4704
f 4700 4703 4702
f 4701 4705 4703
f 4705 4725 4706
f 4698 4704 4709
f 4702 4703 4723
f 4703 4705 4707
f 4705 4706 4737
f 4702 4722 4704
f 4703 4707 4723
f 4705 4737 4707
f 4702 4723 4722
f 4706 4741 4737
f 4696 4710 4697
f 4697 4711 4724
f 4697 4710 4711
f 4711 4712 4724
f 4695 4709 4708
f 4696 4708 4710
f 4708 4709 4719
f 4708 4719 4713
f 4708 4713 4710
f 4710 4714 4711
f 4711 4715 4712
f 4704 4720 4709
f 4709 4720 4719
f 4710 4713 4714
f 4711 4714 4715
f 4714 4814 4715
f 4716 4720 4718
f 4716 4719 4720
f 4713 4719 4717
f 4716 4717 4719
f 4713 4717 4813
f 4713 4813 4714
f 4714 4813 4814
f 4718 4722 4721
f 4704 4722 4720
f 4718 4720 4722
f 4721 4723 4738
f 4721 4722 4723
f 4707 4738 4723
f 4718 4721 4808
f 4721 4743 4808
f 4533 4683 4537
f 4537 4690 4695
f 4537 4696 4538
f 4538 4696 4697
f 4539 4697 4724
f 4540 4724 4728
f 4536 4541 4730
f 4692 4700 4699
f 4693 4701 4700
f 4694 4725 4701
f 4694 4748 4725
f 4706 4725 4751
f 4694 4726 4748
f 4725 4748 4751
f 4726 4727 4748
f 4727 4797 4749
f 4727 4749 4748
f 4750 4797 4798
f 4749 4797 4750
f 4735 4750 4798
f 4735 4796 4736
f 4712 4728 4724
f 4541 4728 4835
f 4712 4840 4728
f 4536 4730 4729
f 4541 4835 4730
f 4729 4731 4804
f 4729 4730 4731
f 4728 4840 4835
f 4731 4733 4804
f 4732 4805 4733
f 4732 4734 4806
f 4730 4836 4731
f 4731 4837 4733
f 4732 4733 4838
f 4732 4839 4734
f 4734 4757 4736
f 4734 4839 4757
f 4757 4839 4758
f 4707 4739 4738
f 4707 4737 4739
f 4737 4741 4740
f 4737 4740 4739
f 4740 4741 4742
f 4721 4738 4743
f 4738 4739 4744
f 4739 4740 4745
f 4738 4744 4743
f 4739 4745 4744
f 4740 4742 4746
f 4740 4746 4745
f 4742 4747 4746
f 4743 4744 4864
f 4744 4745 4865
f 4745 4746 4866
f 4706 4754 4741
f 4706 4751 4754
f 4741 4882 4742
f 4742 4885 4747
f 4741 4754 4882
f 4748 4749 4751
f 4749 4752 4751
f 4749 4750 4752
f 4735 4753 4750
f 4735 4736 4756
f 4750 4753 4752
f 4735 4756 4753
f 4736 4757 4756
f 4751 4752 4754
f 4754 4755 4882
f 4755 4760 4883
f 4756 4757 4759
f 4752 4753 4755
f 4753 4756 4760
f 4752 4755 4754
f 4753 4760 4755
f 4757 4758 4759
f 4756 4759 4760
f 4335 4761 4764
f 4337 4764 4768
f 4761 4762 4764
f 4762 4770 4765
f 4762 4765 4764
f 4765 4770 4766
f 4766 4771 4767
f 4763 4767 4772
f 4764 4765 4768
f 4765 4766 4769
f 4765 4769 4768
f 4766 4767 4774
f 4763 4775 4767
f 4766 4774 4769
f 4767 4775 4774
f 4437 4762 4761
f 4437 4438 4762
f 4438 4562 4770
f 4562 4771 4770
f 4438 4770 4762
f 4561 4772 4771
f 4766 4770 4771
f 4767 4771 4772
f 4572 4773 4763
f 4763 4773 4775
f 4768 4769 4776
f 4769 4774 4777
f 4773 4779 4775
f 4774 4775 4778
f 4775 4779 4778
f 4773 4785 4779
f 4572 4583 4773
f 4583 4786 4785
f 4583 4785 4773
f 4784 4785 4786
f 4776 4777 4780
f 4777 4778 4781
f 4769 4777 4776
f 4774 4778 4777
f 4777 4781 4780
f 4778 4782 4781
f 4779 4783 4782
f 4783 4785 4784
f 4780 4781 4791
f 4781 4782 4792
f 4782 4783 4793
f 4778 4779 4782
f 4779 4785 4783
f 4781 4792 4791
f 4586 4787 4786
f 4784 4786 4787
f 4584 4790 4788
f 4788 4790 4802
f 4587 4800 4789
f 4789 4801 4790
f 4790 4801 4802
f 4787 4788 4803
f 4788 4802 4803
f 4586 4788 4787
f 4787 4803 4795
f 4783 4784 4794
f 4783 4794 4793
f 4784 4795 4794
f 4784 4787 4795
f 4782 4793 4792
f 4726 4791 4792
f 4727 4792 4793
f 4793 4794 4797
f 4794 4795 4798
f 4726 4792 4727
f 4727 4793 4797
f 4795 4803 4796
f 4794 4798 4797
f 4795 4796 4798
f 4735 4798 4796
f 4587 4799 4800
f 4789 4800 4801
f 4799 4804 4800
f 4800 4805 4801
f 4802 4807 4803
f 4801 4806 4802
f 4729 4804 4799
f 4800 4804 4805
f 4801 4805 4806
f 4796 4803 4807
f 4802 4806 4807
f 4733 4805 4804
f 4732 4806 4805
f 4734 4807 4806
f 4736 4796 4807
f 4734 4736 4807
f 4716 4810 4717
f 4717 4811 4813
f 4717 4810 4811
f 4716 4718 4809
f 4716 4809 4810
f 4718 4808 4809
f 4811 4812 4813
f 4808 4815 4809
f 4810 4817 4811
f 4809 4816 4810
f 4812 4814 4813
f 4810 4816 4817
f 4809 4815 4816
f 4808 4820 4815
f 4811 4818 4812
f 4811 4817 4818
f 4815 4823 4816
f 4816 4834 4817
f 4816 4823 4834
f 4817 4821 4818
f 4819 4822 4820
f 4819 4864 4860
f 4743 4820 4808
f 4743 4864 4820
f 4815 4820 4822
f 4815 4822 4823
f 4819 4820 4864
f 4817 4834 4821
f 4812 4818 4917
f 4823 4827 4834
f 4822 4825 4823
f 4819 4824 4822
f 4823 4825 4827
f 4822 4824 4825
f 4819 4826 4824
f 4827 4828 4834
f 4819 4860 4826
f 4826 4870 4833
f 4824 4829 4825
f 4824 4832 4829
f 4825 4829 4830
f 4825 4830 4827
f 4827 4831 4828
f 4824 4826 4832
f 4826 4833 4832
f 4827 4830 4831
f 4832 4833 4901
f 4829 4832 4900
f 4833 4875 4902
f 4821 4834 4828
f 4818 4821 4921
f 4821 4828 4927
f 4712 4715 4841
f 4715 4814 4851
f 4712 4841 4840
f 4812 4850 4814
f 4715 4851 4841
f 4730 4835 4836
f 4731 4836 4837
f 4732 4838 4839
f 4733 4837 4838
f 4835 4843 4836
f 4836 4844 4837
f 4837 4848 4838
f 4838 4849 4839
f 4835 4840 4843
f 4836 4843 4844
f 4837 4844 4848
f 4840 4842 4843
f 4840 4841 4842
f 4842 4845 4843
f 4843 4845 4844
f 4758 4839 4849
f 4838 4848 4849
f 4758 4849 4880
f 4844 4845 4846
f 4846 4847 4848
f 4844 4846 4848
f 4847 4849 4848
f 4847 4880 4849
f 4814 4850 4851
f 4812 4917 4850
f 4818 4921 4917
f 4850 4918 4856
f 4850 4917 4918
f 4856 4919 4857
f 4856 4918 4919
f 4857 4919 4920
f 4858 4920 4924
f 4859 4924 4896
f 4841 4851 4852
f 4841 4852 4842
f 4842 4853 4845
f 4845 4855 4846
f 4842 4852 4853
f 4845 4853 4855
f 4846 4854 4847
f 4846 4855 4854
f 4851 4856 4852
f 4852 4857 4853
f 4854 4855 4859
f 4853 4858 4855
f 4847 4854 4889
f 4854 4859 4899
f 4850 4856 4851
f 4852 4856 4857
f 4853 4857 4858
f 4855 4858 4859
f 4857 4920 4858
f 4858 4924 4859
f 4860 4865 4861
f 4860 4861 4870
f 4861 4866 4862
f 4861 4862 4871
f 4862 4863 4872
f 4863 4869 4873
f 4744 4865 4864
f 4745 4866 4865
f 4746 4867 4866
f 4746 4747 4867
f 4860 4864 4865
f 4861 4865 4866
f 4747 4868 4867
f 4862 4866 4867
f 4863 4867 4868
f 4747 4890 4868
f 4862 4867 4863
f 4863 4868 4869
f 4868 4892 4869
f 4826 4860 4870
f 4861 4871 4870
f 4862 4872 4871
f 4863 4873 4872
f 4869 4874 4873
f 4870 4871 4875
f 4871 4872 4876
f 4871 4876 4875
f 4872 4873 4877
f 4872 4877 4876
f 4873 4878 4877
f 4873 4874 4878
f 4875 4942 4902
f 4833 4870 4875
f 4876 4943 4942
f 4877 4944 4943
f 4875 4876 4942
f 4874 4879 4878
f 4876 4877 4943
f 4877 4878 4944
f 4878 4879 4945
f 4878 4945 4944
f 4879 4951 4945
f 4869 4966 4874
f 4874 4965 4879
f 4874 4966 4965
f 4742 4882 4885
f 4747 4885 4890
f 4868 4890 4892
f 4759 4884 4760
f 4759 4881 4884
f 4758 4880 4881
f 4758 4881 4759
f 4755 4883 4882
f 4760 4884 4883
f 4882 4883 4885
f 4883 4884 4886
f 4881 4887 4884
f 4847 4889 4880
f 4883 4886 4885
f 4884 4887 4886
f 4880 4888 4881
f 4881 4888 4887
f 4880 4889 4888
f 4886 4887 4891
f 4887 4888 4897
f 4888 4889 4898
f 4885 4886 4890
f 4886 4891 4890
f 4869 4892 4966
f 4890 4891 4892
f 4891 4897 4893
f 4895 4897 4898
f 4891 4893 4892
f 4893 4897 4895
f 4892 4893 4966
f 4894 4895 4898
f 4894 4899 4896
f 4893 4967 4966
f 4895 4960 4967
f 4893 4895 4967
f 4894 4960 4895
f 4894 4896 4961
f 4854 4899 4889
f 4888 4898 4897
f 4889 4899 4898
f 4887 4897 4891
f 4894 4898 4899
f 4859 4896 4899
f 4833 4902 4901
f 4900 4901 4905
f 4901 4902 4906
f 4900 4907 4904
f 4902 4910 4906
f 4901 4906 4905
f 4829 4904 4830
f 4830 4903 4831
f 4830 4904 4903
f 4829 4900 4904
f 4832 4901 4900
f 4903 4904 4908
f 4902 4942 4910
f 4905 4906 4913
f 4906 4910 4909
f 4904 4907 4908
f 4900 4905 4907
f 4906 4909 4913
f 4905 4913 4912
f 4905 4912 4907
f 4907 4914 4908
f 4907 4912 4914
f 4910 4946 4911
f 4909 4910 4911
f 4828 4831 4932
f 4831 4903 4937
f 4828 4932 4927
f 4831 4937 4932
f 4117 4913 4909
f 4912 4913 4915
f 4912 4916 4914
f 4116 4117 4909
f 4912 4915 4916
f 4117 4915 4913
f 4903 4908 9436
f 4908 4914 9437
f 4116 4909 4911
f 4118 4911 4949
f 4119 4916 4915
f 4914 4916 9441
f 4903 9436 4937
f 4908 9437 9436
f 4821 4927 4921
f 4917 4922 4918
f 4918 4923 4919
f 4919 4925 4920
f 4917 4921 4922
f 4918 4922 4923
f 4919 4923 4925
f 4920 4926 4924
f 4920 4925 4926
f 4924 4926 4962
f 4927 4933 4928
f 4921 4928 4922
f 4922 4929 4923
f 4921 4927 4928
f 4922 4928 4929
f 4923 4930 4925
f 4923 4929 4930
f 4925 4931 4926
f 4925 4930 4931
f 4927 4932 4933
f 4928 4934 4929
f 4928 4933 4934
f 4932 4937 4938
f 4932 4938 4933
f 4933 4939 4934
f 4929 4934 4935
f 4930 4935 4936
f 4934 4940 4935
f 4935 4941 4936
f 4929 4935 4930
f 4930 4936 4931
f 4933 4938 4939
f 4937 9459 4938
f 4938 9460 4939
f 4937 9436 9459
f 4938 9459 9460
f 4934 4939 4940
f 4935 4940 4941
f 4939 9461 4940
f 4940 9462 4941
f 4939 9460 9461
f 4940 9461 9462
f 4910 4942 4946
f 4942 4943 4946
f 4943 4944 4947
f 4944 4945 4948
f 4943 4947 4946
f 4944 4948 4947
f 4945 4952 4948
f 4911 4946 4949
f 4946 4947 4949
f 4947 4948 4950
f 4948 4952 4954
f 4947 4950 4949
f 4948 4954 4950
f 4945 4951 4952
f 4951 4953 4952
f 4952 4953 4955
f 4952 4955 4954
f 4953 4956 4955
f 4951 4976 4953
f 4879 4969 4951
f 4879 4965 4969
f 4951 4969 4976
f 4124 4949 4950
f 4125 4950 4954
f 4128 4954 4955
f 4129 4955 4956
f 4128 4955 4129
f 4129 4956 4957
f 4953 4958 4956
f 4956 9466 4957
f 4953 4976 4958
f 4956 4958 9466
f 4896 4924 4962
f 4926 4963 4962
f 4896 4962 4961
f 4894 4961 4960
f 4960 4961 4971
f 4961 4962 4964
f 4961 4964 4971
f 4926 4931 4963
f 4931 4972 4963
f 4963 4972 4975
f 4962 4963 4964
f 4963 4975 4964
f 4965 4966 4967
f 4960 4968 4967
f 4965 4967 4968
f 4960 4971 4968
f 4965 4968 4969
f 4968 4971 4970
f 4968 4970 4969
f 4964 4974 4971
f 4970 4971 4974
f 4964 4975 4974
f 4931 4936 4972
f 4936 4973 4972
f 4972 4978 4975
f 4972 4973 4978
f 4936 4941 4973
f 4941 9462 9483
f 4973 9484 4978
f 4941 9483 4973
f 4973 9483 9484
f 4969 4970 4976
f 4970 4974 4977
f 4974 4975 4979
f 4974 4979 4977
f 4970 4977 4976
f 4975 4978 4979
f 4958 4976 4977
f 4959 4977 4979
f 4978 4980 4979
f 4959 4979 4980
f 4978 9484 4980
f 4958 4977 4959
f 4986 4997 4987
f 4481 4981 4985
f 4480 4481 4985
f 4480 4985 4612
f 4483 4982 4981
f 4482 4983 4982
f 4484 4984 4983
f 4981 4982 4986
f 4981 4987 4985
f 4982 4983 4992
f 4983 4984 4993
f 4981 4986 4987
f 4983 4993 4992
f 4982 4992 4986
f 4484 5072 4984
f 4614 4985 4987
f 4986 4992 4988
f 4989 4992 4993
f 4986 4988 4997
f 4988 4992 4989
f 4989 4993 4990
f 4984 4994 4993
f 4990 4993 4994
f 4990 4994 4991
f 4984 5081 4994
f 4614 4987 4995
f 4987 4997 4995
f 4997 4999 5013
f 4995 5013 5010
f 4995 5010 4996
f 4606 4996 5011
f 4606 5012 4607
f 4995 4997 5013
f 4999 5016 5013
f 4988 4999 4997
f 4988 4989 4998
f 4989 4990 5000
f 4990 4991 5001
f 4989 5000 4998
f 4988 4998 4999
f 4990 5001 5000
f 4991 5002 5001
f 4998 5000 5005
f 5000 5001 5006
f 5001 5002 5004
f 4999 5003 5016
f 5003 5005 5026
f 5005 5006 5025
f 5004 5048 5006
f 4998 5003 4999
f 5000 5006 5005
f 4998 5005 5003
f 5001 5004 5006
f 5002 5007 5004
f 4991 4994 5084
f 4991 5092 5002
f 5004 5007 5049
f 5002 5118 5007
f 5002 5092 5118
f 5009 5035 5037
f 5008 5034 5035
f 5008 5035 5009
f 5008 5139 5034
f 5036 5139 5140
f 5009 5041 5141
f 4606 5011 5012
f 4607 5014 4618
f 4996 5010 5011
f 4607 5012 5014
f 5010 5013 5015
f 5010 5017 5011
f 5011 5018 5012
f 5013 5016 5015
f 5010 5015 5017
f 5011 5017 5018
f 5012 5018 5019
f 5012 5019 5014
f 5003 5023 5016
f 5017 5021 5018
f 5018 5024 5019
f 5015 5016 5020
f 5015 5020 5022
f 5016 5023 5020
f 5017 5022 5021
f 5020 5029 5022
f 5020 5023 5028
f 5015 5022 5017
f 5018 5021 5024
f 4617 4618 5100
f 4618 5014 5108
f 5014 5019 5113
f 5003 5026 5023
f 5005 5025 5026
f 5006 5048 5025
f 5023 5026 5027
f 5026 5052 5027
f 5021 5022 5030
f 5021 5031 5024
f 5021 5030 5031
f 5023 5027 5028
f 5020 5028 5029
f 5022 5029 5030
f 5027 5034 5028
f 5028 5036 5029
f 5028 5034 5036
f 5029 5032 5030
f 5030 5033 5031
f 5029 5036 5032
f 5030 5032 5033
f 5024 5031 5165
f 5019 5024 5310
f 5014 5113 5108
f 5019 5310 5113
f 5027 5052 5035
f 5027 5035 5034
f 5035 5052 5037
f 5034 5139 5036
f 5032 5036 5140
f 5032 5164 5033
f 5032 5140 5164
f 5031 5033 5167
f 5024 5165 5310
f 5037 5056 5041
f 5009 5037 5041
f 5038 5056 5057
f 5039 5057 5058
f 5038 5041 5056
f 5038 5057 5039
f 5039 5058 5040
f 5040 5059 5042
f 5041 5043 5141
f 5038 5043 5041
f 5038 5039 5044
f 5039 5040 5045
f 5040 5042 5046
f 5038 5044 5043
f 5039 5045 5044
f 5040 5046 5045
f 5042 5047 5046
f 5004 5049 5048
f 5007 5050 5049
f 5025 5051 5052
f 5048 5053 5051
f 5025 5052 5026
f 5025 5048 5051
f 5048 5049 5053
f 5049 5050 5054
f 5049 5054 5053
f 5050 5055 5054
f 5051 5053 5056
f 5053 5054 5057
f 5037 5052 5051
f 5054 5055 5058
f 5037 5051 5056
f 5053 5057 5056
f 5054 5058 5057
f 5050 5134 5055
f 5055 5059 5058
f 5007 5127 5050
f 5007 5118 5127
f 5050 5127 5134
f 5040 5058 5059
f 5055 5060 5059
f 5042 5059 5203
f 5055 5134 5060
f 5060 5134 5135
f 5059 5060 5203
f 5060 5135 5061
f 5060 5061 5203
f 5061 5062 5204
f 4484 5069 5072
f 4489 4622 5066
f 4490 5063 5069
f 5063 5064 5070
f 5064 5065 5071
f 5065 5066 5067
f 5063 5070 5069
f 5064 5071 5070
f 5066 5068 5067
f 5065 5067 5071
f 4488 5065 5064
f 4489 5066 5065
f 4628 5068 5066
f 4984 5072 5081
f 5072 5073 5081
f 5069 5070 5072
f 5070 5071 5073
f 5070 5073 5072
f 5071 5074 5073
f 5067 5074 5071
f 5067 5068 5075
f 5067 5075 5074
f 5068 5089 5075
f 5073 5074 5082
f 4628 5076 5068
f 5068 5076 5089
f 5076 5080 5089
f 4633 5080 5076
f 4633 5077 5080
f 4632 5079 5077
f 5077 5107 5080
f 5080 5107 5091
f 4994 5081 5084
f 4991 5084 5092
f 5073 5082 5081
f 5081 5082 5084
f 5082 5083 5085
f 5083 5090 5086
f 5087 5090 5091
f 5082 5085 5084
f 5088 5091 5107
f 5087 5091 5088
f 5084 5085 5092
f 5083 5086 5085
f 5086 5090 5087
f 5085 5086 5121
f 5086 5087 5120
f 5087 5088 5122
f 5075 5089 5090
f 5074 5075 5083
f 5075 5090 5083
f 5089 5091 5090
f 5080 5091 5089
f 5074 5083 5082
f 5085 5121 5092
f 5086 5120 5121
f 5087 5122 5120
f 4611 5095 5093
f 4617 5100 5095
f 4634 5093 5094
f 5099 5105 5106
f 5093 5096 5094
f 5094 5097 5106
f 5098 5107 5105
f 5097 5099 5106
f 5098 5105 5099
f 4618 5108 5100
f 5093 5095 5096
f 5094 5096 5097
f 5095 5101 5096
f 5096 5102 5097
f 5097 5103 5099
f 5098 5099 5104
f 5095 5100 5101
f 5096 5101 5102
f 5097 5102 5103
f 5099 5103 5104
f 4634 5094 5078
f 5078 5106 5079
f 5077 5079 5105
f 5078 5094 5106
f 5077 5105 5107
f 5079 5106 5105
f 5088 5107 5098
f 5088 5098 5123
f 5088 5123 5122
f 5098 5104 5123
f 5104 5112 5125
f 5104 5125 5123
f 5100 5108 5109
f 5108 5114 5109
f 5100 5109 5101
f 5101 5110 5102
f 5103 5112 5104
f 5102 5111 5103
f 5101 5109 5110
f 5102 5110 5111
f 5108 5113 5114
f 5109 5115 5110
f 5110 5116 5111
f 5111 5117 5112
f 5103 5111 5112
f 5112 5130 5125
f 5112 5117 5130
f 5109 5114 5115
f 5110 5115 5116
f 5111 5116 5117
f 5113 5311 5114
f 5113 5310 5311
f 5114 5311 5312
f 5114 5312 5115
f 5115 5312 5313
f 5115 5313 5116
f 5116 5314 5117
f 5116 5313 5314
f 5117 5314 5136
f 5092 5121 5118
f 5118 5121 5119
f 5119 5121 5120
f 5120 5122 5124
f 5122 5123 5126
f 5122 5126 5124
f 5123 5125 5126
f 5119 5120 5124
f 5118 5119 5127
f 5119 5128 5127
f 5119 5124 5128
f 5124 5126 5129
f 5125 5131 5126
f 5124 5129 5128
f 5126 5131 5129
f 5125 5130 5131
f 5117 5136 5130
f 5127 5128 5134
f 5128 5129 5135
f 5128 5135 5134
f 5129 5132 5135
f 5129 5131 5132
f 5130 5133 5131
f 5130 5136 5133
f 5131 5133 5132
f 5136 5314 5138
f 5133 5136 5137
f 5061 5135 5132
f 5062 5132 5133
f 5061 5132 5062
f 5062 5133 5137
f 5136 5138 5137
f 5008 5143 5139
f 5139 5144 5140
f 5140 5145 5164
f 5009 5141 5142
f 5008 5009 5142
f 5008 5142 5143
f 5140 5144 5145
f 5141 5150 5142
f 5139 5143 5144
f 5043 5149 5141
f 5143 5147 5144
f 5142 5150 5146
f 5142 5146 5143
f 5143 5146 5147
f 5144 5147 5148
f 5144 5148 5145
f 5146 5154 5147
f 5149 5155 5150
f 5146 5150 5153
f 5149 5152 5155
f 5141 5149 5150
f 5147 5156 5148
f 5150 5155 5153
f 5146 5153 5154
f 5153 5159 5154
f 5153 5155 5158
f 5152 5157 5155
f 5154 5160 5156
f 5155 5157 5158
f 5153 5158 5159
f 5152 5161 5157
f 5147 5154 5156
f 5158 5230 5159
f 5157 5162 5158
f 5154 5159 5160
f 5157 5161 5163
f 5158 5162 5230
f 5159 5230 5231
f 5159 5231 5160
f 5151 5163 5161
f 5157 5163 5162
f 5156 5160 5241
f 5033 5164 5172
f 5145 5177 5164
f 5031 5167 5165
f 5165 5166 5310
f 5033 5172 5167
f 5165 5168 5166
f 5166 5169 5316
f 5165 5167 5168
f 5166 5168 5169
f 5171 5315 5317
f 5170 5317 5316
f 5169 5170 5316
f 5170 5171 5317
f 5145 5148 5244
f 5164 5177 5172
f 5145 5244 5177
f 5148 5156 5248
f 5148 5248 5244
f 5167 5173 5168
f 5167 5172 5173
f 5168 5173 5174
f 5169 5174 5176
f 5168 5174 5169
f 5169 5176 5170
f 5170 5175 5171
f 5170 5176 5175
f 5172 5178 5173
f 5173 5179 5174
f 5175 5176 5181
f 5174 5180 5176
f 5172 5177 5178
f 5177 5245 5178
f 5177 5244 5245
f 5178 5246 5179
f 5179 5247 5180
f 5180 5281 5181
f 5178 5245 5246
f 5180 5247 5281
f 5173 5178 5179
f 5174 5179 5180
f 5176 5180 5181
f 5043 5182 5149
f 5043 5044 5182
f 5044 5045 5183
f 5045 5046 5185
f 5044 5183 5182
f 5045 5185 5183
f 5149 5182 5152
f 5182 5183 5184
f 5183 5185 5188
f 5183 5188 5184
f 5152 5182 5184
f 5046 5047 5186
f 5046 5186 5185
f 5047 5187 5186
f 5185 5186 5189
f 5185 5189 5188
f 5186 5190 5189
f 5187 5191 5190
f 5184 5188 5194
f 5188 5189 5195
f 5186 5187 5190
f 5152 5184 5161
f 5161 5184 5194
f 5151 5161 5194
f 5151 5194 5192
f 5192 5193 5258
f 5193 5199 5259
f 5199 5200 5260
f 5188 5195 5194
f 5189 5196 5195
f 5189 5190 5196
f 5190 5191 5197
f 5190 5197 5196
f 5191 5198 5197
f 5192 5194 5195
f 5193 5195 5196
f 5196 5197 5199
f 5197 5198 5200
f 5191 5293 5198
f 5192 5195 5193
f 5193 5196 5199
f 5197 5200 5199
f 5198 5201 5200
f 5200 5201 5261
f 5198 5287 5201
f 5138 5315 5202
f 5062 5137 5205
f 5137 5138 5206
f 5137 5206 5205
f 5138 5202 5206
f 5171 5202 5315
f 5171 5211 5202
f 5042 5207 5047
f 5047 5212 5187
f 5187 5217 5191
f 5047 5207 5212
f 5042 5203 5207
f 5061 5204 5203
f 5062 5205 5204
f 5203 5204 5207
f 5204 5205 5208
f 5205 5206 5209
f 5207 5208 5212
f 5204 5208 5207
f 5205 5209 5208
f 5206 5210 5209
f 5202 5211 5210
f 5202 5210 5206
f 5209 5210 5214
f 5208 5209 5213
f 5171 5175 5211
f 5175 5181 5215
f 5175 5215 5211
f 5181 5281 5221
f 5181 5221 5215
f 5187 5212 5217
f 5191 5217 5293
f 5208 5213 5212
f 5209 5214 5213
f 5212 5213 5217
f 5213 5214 5218
f 5214 5216 5219
f 5215 5220 5216
f 5210 5211 5216
f 5211 5215 5216
f 5210 5216 5214
f 5216 5220 5219
f 5213 5218 5217
f 5214 5219 5218
f 5215 5221 5220
f 5217 5218 5293
f 5218 5219 5294
f 5218 5294 5293
f 5219 5220 5290
f 5220 5221 5292
f 5162 5163 5224
f 5151 5222 5163
f 5163 5222 5224
f 5151 5223 5222
f 5162 5224 5225
f 5222 5223 5227
f 5223 5257 5227
f 5224 5228 5225
f 5222 5226 5224
f 5225 5229 5232
f 5224 5226 5228
f 5225 5228 5229
f 5222 5227 5226
f 5226 5235 5228
f 5227 5257 5233
f 5226 5227 5234
f 5230 5232 5231
f 5162 5225 5230
f 5225 5232 5230
f 5160 5231 5251
f 5231 5232 5254
f 5233 5238 5234
f 5234 5238 5239
f 5233 5237 5238
f 5227 5233 5234
f 5226 5234 5235
f 5228 5235 5236
f 5228 5236 5229
f 5235 5240 5236
f 5234 5239 5235
f 5237 9735 9734
f 5239 9737 5240
f 5238 9736 5239
f 5237 9734 5238
f 5239 9736 9737
f 5238 9734 9736
f 5235 5239 5240
f 5229 9750 5232
f 5232 9750 5254
f 5229 5236 9753
f 5236 5240 9756
f 5229 9753 9750
f 5156 5241 5248
f 5160 5251 5241
f 5241 5242 5248
f 5244 5249 5245
f 5179 5246 5247
f 5244 5248 5249
f 5245 5249 5250
f 5246 5250 5282
f 5245 5250 5246
f 5246 5282 5247
f 5242 5249 5248
f 5243 5250 5249
f 5250 5284 5282
f 5242 5243 5249
f 5243 5284 5250
f 5231 5254 5251
f 5241 5252 5242
f 5242 5253 5243
f 5241 5251 5252
f 5242 5252 5253
f 5251 5255 5252
f 5251 5254 5255
f 5252 5255 5256
f 5252 5256 5253
f 5254 9751 5255
f 5255 9752 5256
f 5151 5192 5223
f 5223 5258 5257
f 5192 5258 5223
f 5257 5263 5268
f 5257 5258 5263
f 5193 5259 5258
f 5199 5260 5259
f 5200 5261 5260
f 5258 5259 5263
f 5259 5260 5264
f 5260 5261 5265
f 5201 5262 5261
f 5261 5262 5266
f 5259 5264 5263
f 5260 5265 5264
f 5263 5264 5271
f 5264 5265 5272
f 5261 5266 5265
f 5262 5267 5266
f 5265 5266 5273
f 5266 5267 5274
f 5201 5301 5262
f 5262 5306 5267
f 5233 5268 5237
f 5237 5268 5269
f 5268 5271 5269
f 5233 5257 5268
f 5269 5271 5276
f 5263 5271 5268
f 5237 5269 9735
f 5269 5276 5270
f 5269 5270 9735
f 5270 5276 9761
f 5271 5272 5276
f 5272 5273 5277
f 5272 5277 5276
f 5264 5272 5271
f 5265 5273 5272
f 5273 5274 5278
f 5266 5274 5273
f 5267 5275 5274
f 5274 5275 5279
f 5273 5278 5277
f 5277 9762 9761
f 5278 9763 9762
f 5276 5277 9761
f 5277 5278 9762
f 5274 5279 5278
f 5275 5280 5279
f 5278 5279 9763
f 5279 5280 9764
f 5267 9780 5275
f 5267 5306 9780
f 5275 9786 5280
f 5275 9780 9786
f 5285 5300 5295
f 5247 5282 5283
f 5247 5283 5281
f 5281 5283 5291
f 5221 5281 5291
f 5282 5285 5283
f 5282 5284 5285
f 5283 5295 5291
f 5283 5285 5295
f 5198 5293 5287
f 5287 5293 5294
f 5287 5294 5288
f 5286 5295 5304
f 5201 5287 5301
f 5262 5301 5306
f 5288 5290 5289
f 5287 5288 5301
f 5288 5289 5302
f 5286 5303 5289
f 5288 5302 5301
f 5289 5303 5302
f 5219 5290 5294
f 5220 5292 5290
f 5221 5291 5292
f 5286 5292 5291
f 5289 5290 5292
f 5288 5294 5290
f 5286 5289 5292
f 5286 5291 5295
f 5243 5296 5284
f 5284 5297 5285
f 5243 5253 5296
f 5284 5296 5297
f 5285 5297 5300
f 5253 5256 5298
f 5296 5298 5299
f 5253 5298 5296
f 5296 5299 5297
f 5256 9775 5298
f 5298 9776 5299
f 5297 5299 5305
f 5295 5300 5304
f 5297 5305 5300
f 5300 5309 5304
f 5286 5304 5303
f 5302 5303 5307
f 5303 5304 5308
f 5301 5302 5306
f 5303 5308 5307
f 5302 5307 5306
f 5300 5305 5309
f 5299 9779 5305
f 5305 9782 5309
f 5306 5307 9780
f 5308 9783 9781
f 5307 9781 9780
f 5304 5309 5308
f 5307 5308 9781
f 5308 5309 9783
f 5166 5311 5310
f 5312 5317 5313
f 5311 5316 5312
f 5166 5316 5311
f 5312 5316 5317
f 5313 5315 5314
f 5138 5314 5315
f 5313 5317 5315
f 569 571 5321
f 570 5322 572
f 571 5318 5321
f 572 5322 573
f 569 5319 570
f 570 5320 5322
f 569 5321 5323
f 570 5319 5320
f 569 5323 5319
f 5320 5324 5322
f 5319 5323 5325
f 5321 5322 5324
f 5321 5324 5323
f 5323 5324 5325
f 573 5541 574
f 5319 5327 5320
f 5320 5328 5324
f 5320 5327 5328
f 5319 5325 5327
f 5324 5328 5326
f 5324 5326 5325
f 5321 5535 5322
f 573 5322 5539
f 5327 5530 5328
f 5326 5328 5531
f 5325 5532 5327
f 5325 5326 5532
f 5321 5534 5535
f 5326 5531 5533
f 5326 5533 5532
f 5322 5535 5539
f 573 5539 5541
f 634 5332 5333
f 5329 5334 5332
f 5329 5330 5335
f 5329 5335 5334
f 5332 5334 5333
f 5330 5331 5336
f 5330 5336 5335
f 5331 5337 5336
f 714 5333 5338
f 5334 5335 5339
f 5335 5336 5340
f 5333 5334 5338
f 5334 5339 5338
f 5336 5337 5341
f 5335 5340 5339
f 5337 5342 5341
f 5336 5341 5340
f 5338 5339 5346
f 5339 5340 5347
f 5339 5347 5346
f 5340 5343 5347
f 5340 5341 5343
f 5341 5342 5344
f 5341 5344 5343
f 5342 5345 5344
f 5346 5347 5348
f 5343 5349 5347
f 5347 5349 5348
f 5343 5344 5350
f 5344 5345 5351
f 5343 5350 5349
f 5344 5351 5350
f 5345 5367 5351
f 5348 5349 5382
f 5349 5350 5381
f 5350 5351 5383
f 5351 5367 5384
f 671 5352 5331
f 5331 5352 5337
f 5337 5352 5358
f 5337 5358 5342
f 5342 5358 5362
f 670 5353 5352
f 672 5356 5353
f 673 5355 5356
f 669 5354 5355
f 5352 5353 5358
f 5353 5359 5358
f 5355 5361 5356
f 5353 5356 5359
f 5354 5360 5355
f 5354 5357 5360
f 5355 5360 5361
f 5356 5361 5359
f 740 5364 5357
f 5358 5359 5362
f 5359 5361 5366
f 5357 5363 5360
f 5360 5365 5361
f 5357 5364 5363
f 5359 5366 5362
f 5361 5365 5366
f 5360 5363 5365
f 5363 5364 5370
f 574 5541 5916
f 5342 5362 5345
f 5345 5362 5368
f 5345 5368 5367
f 5367 5374 5386
f 5367 5368 5374
f 5374 5389 5386
f 5362 5366 5368
f 5365 5369 5366
f 5363 5372 5365
f 5365 5372 5369
f 5366 5369 5368
f 5363 5370 5372
f 5364 5371 5370
f 5370 5371 5377
f 5369 5372 5373
f 5368 5369 5374
f 5370 5375 5372
f 5371 5376 5377
f 5370 5377 5375
f 5369 5373 5374
f 5372 5375 5373
f 5376 5379 5377
f 5375 5377 5378
f 5373 5389 5374
f 5373 5375 5390
f 5377 5379 5378
f 5373 5390 5389
f 5375 5378 5390
f 5376 5380 5379
f 5349 5381 5382
f 5350 5383 5381
f 5351 5384 5383
f 5381 5446 5382
f 5381 5383 5447
f 5383 5384 5385
f 5381 5447 5446
f 5383 5385 5447
f 5367 5386 5384
f 5384 5386 5387
f 5384 5387 5385
f 5386 5388 5387
f 5386 5389 5388
f 5388 5389 5391
f 5389 5390 5391
f 5378 5392 5390
f 5390 5392 5391
f 5379 5380 5459
f 5378 5379 5460
f 5378 5460 5392
f 714 5338 722
f 722 5338 5346
f 722 5346 5397
f 5348 5399 5397
f 719 722 5396
f 722 5397 5396
f 720 5394 5395
f 721 5393 5394
f 719 5396 5393
f 5393 5401 5394
f 5396 5397 5398
f 5393 5396 5400
f 5394 5402 5395
f 5394 5401 5402
f 5397 5399 5398
f 5396 5398 5400
f 5393 5400 5401
f 5400 5403 5401
f 5398 5404 5400
f 5398 5399 5406
f 5398 5406 5404
f 5400 5404 5403
f 5401 5407 5402
f 5401 5403 5407
f 5346 5348 5397
f 5382 5405 5399
f 5348 5382 5399
f 5382 5446 5405
f 5399 5405 5406
f 5403 5404 5408
f 5403 5409 5407
f 5404 5406 5410
f 5405 5411 5406
f 5405 5412 5411
f 5406 5411 5410
f 5404 5410 5408
f 5403 5408 5409
f 5405 5446 5412
f 5410 5411 5415
f 5408 5413 5409
f 5408 5410 5414
f 5411 5412 5449
f 5411 5449 5415
f 5412 5450 5449
f 5410 5415 5414
f 5408 5414 5413
f 5395 5402 5421
f 5395 5421 5416
f 5402 5407 5426
f 5402 5426 5421
f 741 5371 5364
f 741 749 5371
f 749 5376 5371
f 749 5420 5376
f 5380 5420 5425
f 5416 5422 5417
f 5417 5423 5418
f 750 5419 5420
f 5418 5424 5419
f 5419 5425 5420
f 5419 5424 5425
f 5416 5421 5422
f 5417 5422 5423
f 5418 5423 5424
f 5421 5427 5422
f 5422 5428 5423
f 5421 5426 5427
f 5422 5427 5428
f 5423 5429 5424
f 5424 5430 5425
f 5423 5428 5429
f 5424 5429 5430
f 5426 5432 5427
f 5427 5434 5428
f 5429 5435 5430
f 5428 5433 5429
f 5407 5409 5431
f 5407 5431 5426
f 5376 5420 5380
f 5380 5425 5458
f 5430 5463 5458
f 5425 5430 5458
f 5427 5432 5434
f 5426 5431 5432
f 5428 5434 5433
f 5429 5433 5435
f 5432 5439 5434
f 5433 5434 5440
f 5433 5436 5435
f 5433 5440 5436
f 5430 5435 5463
f 5435 5436 5466
f 5409 5438 5431
f 5409 5413 5438
f 5413 5441 5438
f 5431 5437 5432
f 5431 5438 5437
f 5432 5437 5439
f 5434 5439 5440
f 5437 5438 5443
f 5437 5444 5439
f 5439 5442 5440
f 5436 5440 5445
f 5438 5441 5443
f 5437 5443 5444
f 5439 5444 5442
f 5440 5442 5445
f 5412 5446 5448
f 5385 5468 5447
f 5446 5447 5448
f 5447 5468 5448
f 5448 5472 5450
f 5412 5448 5450
f 5450 5472 5454
f 5414 5415 5453
f 5413 5414 5492
f 5449 5450 5452
f 5415 5449 5451
f 5415 5451 5453
f 5414 5453 5492
f 5449 5452 5451
f 5450 5454 5452
f 5451 5494 5453
f 5452 5454 5455
f 5451 5452 5456
f 5451 5456 5494
f 5452 5455 5456
f 5454 5457 5455
f 5455 5511 5456
f 5455 5457 5508
f 5385 5387 5469
f 5387 5388 5470
f 5385 5469 5468
f 5387 5470 5469
f 5388 5471 5470
f 5388 5391 5471
f 5379 5459 5460
f 5380 5458 5459
f 5459 5462 5460
f 5392 5460 5461
f 5458 5464 5459
f 5458 5463 5464
f 5435 5466 5463
f 5391 5465 5471
f 5391 5392 5465
f 5460 5462 5461
f 5459 5464 5462
f 5392 5461 5465
f 5463 5467 5464
f 5461 5462 5482
f 5461 5483 5465
f 5462 5464 5484
f 5462 5484 5482
f 5461 5482 5483
f 5463 5466 5467
f 5464 5467 5484
f 5436 5445 5488
f 5436 5488 5466
f 5445 5910 5488
f 5445 5498 5910
f 5498 5502 5912
f 5468 5469 5473
f 5469 5470 5474
f 5448 5468 5472
f 5470 5471 5475
f 5468 5473 5472
f 5469 5474 5473
f 5470 5475 5474
f 5471 5476 5475
f 5465 5476 5471
f 5476 5483 5481
f 5472 5473 5478
f 5473 5474 5479
f 5474 5475 5480
f 5475 5476 5477
f 5474 5480 5479
f 5475 5477 5480
f 5476 5481 5477
f 5473 5479 5478
f 5479 5480 5550
f 5478 5479 5551
f 5477 5554 5480
f 5477 5481 5552
f 5454 5472 5478
f 5454 5478 5457
f 5457 5551 5509
f 5457 5478 5551
f 5509 5555 5517
f 5465 5483 5476
f 5481 5483 5485
f 5482 5485 5483
f 5466 5487 5467
f 5482 5484 5489
f 5467 5486 5484
f 5484 5486 5489
f 5482 5489 5485
f 5466 5488 5487
f 5467 5487 5486
f 5486 5487 5909
f 5487 5488 5911
f 5481 5485 5553
f 5485 5491 5553
f 5485 5489 5491
f 5486 5490 5489
f 5486 5909 5490
f 5489 5490 5491
f 5490 5930 5491
f 5498 5912 5910
f 5413 5492 5441
f 5453 5493 5492
f 5492 5493 5495
f 5441 5492 5495
f 5453 5494 5493
f 5493 5494 5510
f 5456 5512 5494
f 5493 5501 5495
f 5493 5510 5501
f 5441 5496 5443
f 5443 5497 5444
f 5442 5444 5499
f 5441 5495 5496
f 5444 5497 5499
f 5443 5496 5497
f 5496 5503 5497
f 5495 5500 5496
f 5442 5498 5445
f 5442 5499 5498
f 5497 5504 5499
f 5498 5499 5502
f 5495 5501 5500
f 5496 5500 5503
f 5501 5510 5520
f 5500 5501 5505
f 5501 5520 5505
f 5499 5504 5502
f 5497 5503 5504
f 5500 5506 5503
f 5503 5507 5504
f 5500 5505 5506
f 5502 5504 5521
f 5503 5506 5507
f 5504 5507 5521
f 5457 5509 5508
f 5455 5508 5511
f 5494 5512 5510
f 5456 5511 5512
f 5510 5512 5515
f 5511 5516 5512
f 5508 5513 5511
f 5508 5509 5514
f 5512 5516 5515
f 5511 5513 5516
f 5510 5515 5520
f 5509 5517 5514
f 5508 5514 5513
f 5515 5516 5518
f 5513 5519 5516
f 5514 5517 5575
f 5513 5514 5576
f 5516 5519 5518
f 5513 5576 5519
f 5514 5575 5576
f 5515 5518 5523
f 5518 5579 5528
f 5515 5523 5520
f 5502 5521 5934
f 5505 5520 5522
f 5505 5524 5506
f 5520 5523 5522
f 5505 5522 5524
f 5507 5525 5521
f 5506 5526 5507
f 5506 5524 5526
f 5507 5526 5525
f 5522 5529 5524
f 5524 5914 5526
f 5525 5526 5915
f 5526 5914 5915
f 5522 5523 5527
f 5518 5528 5523
f 5523 5528 5527
f 5522 5527 5529
f 5524 5529 5914
f 5527 5528 5962
f 5527 5963 5529
f 5527 5962 5963
f 5528 5588 5962
f 5328 5530 5531
f 5327 5532 5530
f 5532 5533 5535
f 5532 5535 5534
f 5530 5532 5534
f 5530 5534 5536
f 5530 5542 5531
f 5531 5543 5533
f 5530 5536 5542
f 5533 5543 5535
f 5535 5543 5538
f 5535 5538 5539
f 5531 5542 5543
f 5536 5537 5542
f 5537 5546 5542
f 5538 5543 5547
f 5542 5544 5543
f 5543 5545 5547
f 5542 5548 5544
f 5543 5544 5545
f 5537 5540 5546
f 5538 5547 5539
f 5542 5546 5548
f 5546 5547 5549
f 5545 5549 5547
f 5546 5549 5548
f 5544 6186 5545
f 5545 6187 5549
f 5544 5548 6188
f 5548 5549 6188
f 5546 6195 5547
f 5549 6189 6188
f 5539 6202 5541
f 5539 5547 6199
f 567 8958 571
f 571 8958 5318
f 5318 8958 5321
f 5541 6202 5922
f 5479 5550 5551
f 5480 5554 5550
f 5550 5555 5551
f 5477 5552 5554
f 5481 5553 5552
f 5552 5553 5559
f 5552 5557 5554
f 5550 5554 5556
f 5550 5556 5555
f 5553 5558 5559
f 5554 5557 5556
f 5552 5559 5557
f 5555 5556 5563
f 5556 5557 5562
f 5557 5559 5564
f 5558 5561 5559
f 5558 5560 5561
f 5557 5564 5562
f 5559 5561 5564
f 5509 5551 5555
f 5517 5555 5563
f 5556 5562 5563
f 5563 5565 5577
f 5491 5558 5553
f 5491 5930 5558
f 5558 5930 5560
f 5560 5930 5931
f 5560 5931 5569
f 5569 5931 5937
f 5562 5565 5563
f 5562 5564 5566
f 5561 5567 5564
f 5562 5566 5565
f 5565 5571 5578
f 5560 5568 5561
f 5560 5569 5568
f 5561 5568 5567
f 5564 5567 5566
f 5569 5937 5570
f 5567 5568 5573
f 5565 5566 5571
f 5566 5567 5572
f 5566 5572 5571
f 5567 5573 5572
f 5568 5569 5574
f 5569 5570 5574
f 5568 5574 5573
f 5571 5572 5602
f 5572 5573 5603
f 5573 5574 5606
f 5570 5944 5605
f 5570 5604 5574
f 5570 5605 5604
f 5517 5563 5577
f 5517 5577 5575
f 5519 5576 5580
f 5575 5581 5576
f 5575 5577 5582
f 5575 5582 5581
f 5577 5578 5582
f 5565 5578 5577
f 5576 5581 5580
f 5518 5519 5579
f 5519 5580 5579
f 5579 5580 5583
f 5581 5582 5584
f 5580 5581 5587
f 5578 5586 5582
f 5580 5587 5583
f 5581 5584 5587
f 5578 5585 5586
f 5582 5586 5584
f 5583 5587 5593
f 5584 5589 5587
f 5584 5586 5590
f 5528 5579 5588
f 5579 5583 5588
f 5583 5965 5588
f 5583 5593 5965
f 5593 5969 5965
f 5571 5585 5578
f 5585 5591 5586
f 5585 5592 5591
f 5584 5590 5589
f 5587 5589 5593
f 5586 5591 5590
f 5590 5591 5597
f 5591 5592 5598
f 5585 5602 5592
f 5571 5602 5585
f 5592 5602 5608
f 5592 5608 5595
f 5589 5590 5596
f 5589 5594 5593
f 5589 5596 5594
f 5590 5597 5596
f 5593 5594 5969
f 5594 5977 5969
f 5594 5600 5977
f 5591 5598 5597
f 5592 5595 5598
f 5596 5597 5601
f 5594 5596 5600
f 5597 5598 5599
f 5595 5613 5598
f 5596 5601 5600
f 5597 5599 5601
f 5595 5614 5613
f 5598 5613 5599
f 5600 5601 5615
f 5600 5615 5980
f 5573 5606 5603
f 5572 5603 5602
f 5574 5604 5606
f 5602 5603 5608
f 5604 5609 5606
f 5604 5605 5611
f 5603 5606 5607
f 5603 5607 5608
f 5606 5609 5607
f 5604 5611 5609
f 5605 5610 5611
f 5609 5611 5985
f 5607 5612 5608
f 5607 5609 5986
f 5607 5986 5612
f 5609 5985 5986
f 5595 5608 5612
f 5612 6001 5614
f 5595 5612 5614
f 5613 5614 5618
f 5599 5617 5601
f 5599 5613 5616
f 5599 5616 5617
f 5601 5617 5615
f 5613 5618 5616
f 5614 5619 5618
f 5616 5816 5617
f 5616 5618 5818
f 5614 6001 5619
f 5618 5619 5819
f 5618 5819 5818
f 5619 5620 5819
f 914 5624 5623
f 915 5625 5624
f 912 5622 5621
f 913 5623 5622
f 5621 5622 5627
f 5623 5624 5626
f 5622 5623 5628
f 5624 5625 5629
f 915 941 5625
f 5625 5638 5630
f 5622 5628 5627
f 5623 5626 5628
f 5624 5629 5626
f 5625 5630 5629
f 5627 5628 5631
f 5626 5632 5628
f 5626 5634 5632
f 5628 5632 5631
f 5626 5629 5634
f 5629 5630 5633
f 5630 5645 5635
f 5629 5633 5634
f 5630 5635 5633
f 5632 5634 5658
f 5633 5660 5634
f 5633 5635 5661
f 5633 5661 5660
f 5635 5662 5661
f 5635 5646 5662
f 941 5638 5625
f 941 943 5638
f 943 5637 5638
f 943 944 5637
f 942 5639 944
f 942 945 5640
f 942 5640 5639
f 944 5639 5637
f 945 5636 5640
f 5637 5639 5641
f 5639 5640 5643
f 5636 5644 5640
f 5630 5638 5645
f 5637 5645 5638
f 5637 5641 5645
f 5639 5643 5641
f 5640 5644 5643
f 5636 5642 5644
f 5641 5646 5645
f 5641 5643 5649
f 5643 5644 5647
f 5642 5648 5644
f 5643 5647 5649
f 5644 5648 5647
f 5642 5680 5648
f 5635 5645 5646
f 5646 5688 5662
f 5641 5649 5646
f 5647 5689 5649
f 5646 5649 5688
f 1007 5621 5627
f 1015 5627 5631
f 5631 5659 5651
f 1015 5631 5651
f 1015 5651 5650
f 5652 5665 5653
f 5653 5664 5654
f 5650 5651 5655
f 5650 5656 5652
f 5653 5665 5664
f 5651 5657 5655
f 5652 5656 5665
f 5650 5655 5656
f 5654 5664 5695
f 5651 5659 5657
f 5655 5657 5668
f 5657 5669 5668
f 5631 5632 5659
f 5632 5658 5659
f 5634 5660 5658
f 5657 5659 5663
f 5658 5663 5659
f 5660 5661 5718
f 5658 5660 5720
f 5658 5720 5663
f 5661 5662 5719
f 5660 5718 5720
f 5661 5719 5718
f 5663 5721 5669
f 5662 5688 5724
f 5662 5724 5719
f 5657 5663 5669
f 5669 5721 5674
f 5656 5666 5665
f 5655 5670 5656
f 5664 5665 5667
f 5656 5670 5666
f 5655 5668 5670
f 5665 5666 5667
f 5664 5667 5699
f 5668 5669 5675
f 5668 5671 5670
f 5666 5670 5672
f 5666 5673 5667
f 5668 5675 5671
f 5669 5674 5675
f 5670 5671 5672
f 5666 5672 5673
f 5667 5673 5703
f 5674 5676 5675
f 5671 5675 5677
f 5672 5679 5673
f 5671 5678 5672
f 5671 5677 5678
f 5672 5678 5679
f 5674 5742 5676
f 5675 5676 5677
f 5678 5745 5679
f 5673 5679 5710
f 1032 5680 5642
f 1040 5685 5680
f 1041 5654 5695
f 1040 5681 5685
f 1041 5696 1042
f 1042 5697 1043
f 1041 5695 5696
f 1042 5696 5697
f 1043 5683 5682
f 5681 5682 5684
f 1043 5697 5683
f 5682 5683 5684
f 5681 5684 5693
f 5683 5702 5684
f 5648 5680 5687
f 5647 5648 5686
f 5647 5686 5689
f 5648 5687 5686
f 5680 5685 5687
f 5649 5689 5688
f 5681 5693 5685
f 5684 5769 5693
f 5688 5690 5724
f 5685 5694 5687
f 5686 5691 5689
f 5686 5687 5692
f 5688 5689 5690
f 5686 5692 5691
f 5685 5693 5694
f 5687 5694 5692
f 5689 5691 5690
f 5684 5702 5769
f 5702 5707 5770
f 5692 5694 5768
f 5693 5767 5694
f 5702 5770 5769
f 5707 5709 5775
f 5695 5698 5696
f 5696 5700 5697
f 5664 5699 5695
f 5667 5703 5699
f 5695 5699 5698
f 5696 5698 5700
f 5683 5697 5701
f 5697 5700 5701
f 5683 5701 5702
f 5698 5705 5700
f 5698 5699 5704
f 5700 5706 5701
f 5701 5707 5702
f 5673 5710 5703
f 5699 5703 5704
f 5698 5704 5705
f 5701 5706 5707
f 5700 5705 5706
f 5703 5711 5704
f 5703 5710 5711
f 5704 5712 5705
f 5705 5708 5706
f 5706 5709 5707
f 5704 5711 5712
f 5705 5712 5708
f 5706 5708 5709
f 5679 5713 5710
f 5708 5717 5709
f 5710 5714 5711
f 5711 5715 5712
f 5708 5712 5716
f 5710 5713 5714
f 5711 5714 5715
f 5712 5715 5716
f 5708 5716 5717
f 5663 5720 5721
f 5718 5722 5720
f 5718 5719 5723
f 5720 5722 5721
f 5718 5723 5722
f 5719 5725 5723
f 5719 5724 5725
f 5724 5726 5725
f 5722 5723 5728
f 5721 5722 5727
f 5722 5728 5727
f 5723 5729 5728
f 5723 5725 5729
f 5725 5726 5730
f 5725 5730 5729
f 5726 5731 5730
f 5674 5721 5727
f 5674 5727 5742
f 5727 5733 5742
f 5733 5747 5742
f 5727 5728 5733
f 5729 5730 5732
f 5728 5729 5734
f 5730 5731 5735
f 5728 5734 5733
f 5729 5732 5734
f 5730 5735 5732
f 5731 5736 5735
f 5733 5734 5741
f 5732 5737 5734
f 5732 5735 5738
f 5735 5736 5740
f 5734 5737 5741
f 5732 5738 5737
f 5736 5739 5740
f 5735 5740 5738
f 5737 5738 5821
f 5738 5740 5822
f 5739 5827 5740
f 5733 5741 5747
f 5737 5820 5741
f 5741 5820 5748
f 5676 5742 5746
f 5742 5747 5746
f 5677 5744 5678
f 5676 5743 5677
f 5676 5746 5743
f 5677 5743 5744
f 5678 5744 5745
f 5743 5751 5744
f 5679 5745 5713
f 5744 5752 5745
f 5745 5752 5791
f 5746 5747 5750
f 5743 5746 5749
f 5747 5748 5750
f 5746 5750 5749
f 5743 5749 5751
f 5749 5750 5753
f 5744 5751 5752
f 5751 5757 5752
f 5749 5756 5751
f 5741 5748 5747
f 5748 5755 5750
f 5748 5820 5754
f 5751 5756 5757
f 5749 5753 5756
f 5748 5754 5755
f 5750 5755 5753
f 5754 5758 5755
f 5754 5831 5762
f 5756 5760 5757
f 5753 5761 5756
f 5753 5755 5759
f 5756 5761 5760
f 5753 5759 5761
f 5755 5758 5759
f 5754 5762 5758
f 5760 5761 5763
f 5758 5762 5826
f 5759 5825 5761
f 5758 5824 5759
f 5758 5826 5824
f 5759 5824 5825
f 5761 5825 5763
f 5690 5726 5724
f 5690 5764 5726
f 5690 5691 5764
f 5691 5692 5765
f 5692 5768 5765
f 5691 5765 5764
f 5764 5765 5766
f 5726 5764 5731
f 5731 5766 5736
f 5731 5764 5766
f 5693 5769 5767
f 5694 5767 5768
f 5765 5768 5773
f 5767 5769 5772
f 5767 5771 5768
f 5767 5772 5771
f 5768 5771 5773
f 5769 5770 5772
f 5765 5773 5766
f 5771 5778 5773
f 5770 5776 5772
f 5771 5772 5774
f 5766 5773 5777
f 5771 5774 5778
f 5773 5778 5777
f 5772 5776 5774
f 5770 5775 5776
f 5707 5775 5770
f 5709 5782 5775
f 5717 5787 5782
f 5736 5777 5739
f 5736 5766 5777
f 5739 5777 5779
f 5739 5779 5828
f 5779 5786 5828
f 5774 5781 5778
f 5777 5778 5779
f 5774 5776 5780
f 5775 5783 5776
f 5775 5782 5783
f 5776 5783 5780
f 5774 5780 5781
f 5778 5781 5779
f 5780 5785 5781
f 5779 5781 5786
f 5782 5788 5783
f 5780 5783 5784
f 5782 5787 5788
f 5787 5797 5790
f 5783 5788 5784
f 5780 5784 5785
f 5781 5785 5786
f 5785 5837 5786
f 5787 5789 5788
f 5784 5788 5838
f 5784 5836 5785
f 5784 5838 5836
f 5785 5836 5837
f 5787 5790 5789
f 5788 5789 5838
f 5790 5799 5842
f 5713 5745 5791
f 5715 5796 5716
f 5713 5793 5714
f 5714 5792 5715
f 5713 5791 5793
f 5714 5793 5792
f 5715 5792 5796
f 5791 5794 5793
f 5792 5793 5800
f 5752 5795 5791
f 5752 5757 5795
f 5791 5795 5794
f 5793 5794 5800
f 5757 5801 5795
f 5794 5795 5802
f 5795 5801 5802
f 5709 5717 5782
f 5716 5797 5717
f 5716 5796 5797
f 5796 5799 5797
f 5792 5798 5796
f 5717 5797 5787
f 5790 5797 5799
f 5792 5800 5798
f 5796 5798 5799
f 5794 5803 5800
f 5798 5800 5805
f 5798 5804 5799
f 5794 5802 5803
f 5800 5803 5805
f 5798 5805 5804
f 5757 5760 5801
f 5760 5807 5801
f 5760 5763 5807
f 5763 5812 5807
f 5799 5804 5842
f 5804 6118 5842
f 5804 5810 6118
f 5801 5806 5802
f 5802 5808 5803
f 5803 5809 5805
f 5804 5805 5810
f 5801 5807 5806
f 5802 5806 5808
f 5805 5809 5810
f 5803 5808 5809
f 5806 5807 5811
f 5806 5813 5808
f 5809 5815 5810
f 5808 5814 5809
f 5806 5811 5813
f 5808 5813 5814
f 5809 5814 5815
f 5807 5812 5811
f 5811 5812 5871
f 5811 5869 5813
f 5813 5870 5814
f 5814 5872 5815
f 5615 5617 5817
f 5617 5816 5817
f 5616 5818 5816
f 5818 5819 6072
f 5816 5818 6059
f 5620 6073 5819
f 5737 5821 5820
f 5738 5822 5821
f 5740 5827 5822
f 5820 5821 5831
f 5821 5822 5832
f 5821 5832 5831
f 5754 5820 5831
f 5762 5831 5834
f 5762 5834 5823
f 5762 5823 5826
f 5824 5860 5825
f 5824 5826 5862
f 5823 5863 5826
f 5824 5862 5860
f 5823 5864 5863
f 5826 5863 5862
f 5739 5828 5827
f 5822 5827 5829
f 5827 5828 5830
f 5822 5829 5832
f 5827 5830 5829
f 5828 5833 5830
f 5786 5833 5828
f 5831 5832 5834
f 5829 5847 5832
f 5829 5830 5848
f 5830 5833 5849
f 5832 5847 5834
f 5829 5848 5847
f 5833 5835 5849
f 5830 5849 5848
f 5833 5837 5835
f 5835 5839 5852
f 5786 5837 5833
f 5789 5790 5843
f 5836 5839 5837
f 5789 5840 5838
f 5836 5838 5841
f 5790 5842 5843
f 5789 5843 5840
f 5836 5841 5839
f 5838 5840 5841
f 5840 5843 5844
f 5842 6119 5843
f 5835 5837 5839
f 5839 5845 5852
f 5840 5846 5841
f 5839 5841 5845
f 5843 6119 5844
f 5842 6118 6119
f 5841 5846 5845
f 5840 5844 5846
f 5845 5846 6122
f 5847 5848 5850
f 5848 5849 5853
f 5834 5847 5851
f 5847 5850 5851
f 5848 5853 5850
f 5835 5854 5849
f 5835 5852 5854
f 5849 5854 5853
f 5850 5855 5851
f 5850 5853 5856
f 5852 5857 5854
f 5853 5854 5859
f 5853 5859 5856
f 5854 5857 5859
f 5850 5856 5855
f 5852 5858 5857
f 5855 5856 5892
f 5857 5890 5859
f 5856 5859 5888
f 5857 5858 5889
f 5845 5858 5852
f 5845 6122 5858
f 5858 6122 5891
f 5891 6122 6127
f 5823 5834 5851
f 5823 5851 5864
f 5763 5825 5861
f 5825 5860 5861
f 5763 5861 5812
f 5812 5861 5868
f 5861 5866 5868
f 5863 5864 5879
f 5860 5862 5867
f 5860 5866 5861
f 5862 5863 5865
f 5860 5867 5866
f 5862 5865 5867
f 5863 5879 5865
f 5864 5878 5879
f 5866 5867 5884
f 5866 5884 5876
f 5810 6121 6118
f 5810 5815 6121
f 5812 5868 5871
f 5811 5871 5869
f 5815 5872 6130
f 5813 5869 5870
f 5814 5870 5872
f 5869 5874 5870
f 5869 5871 5873
f 5870 5875 5872
f 5868 5877 5871
f 5871 5877 5873
f 5869 5873 5874
f 5868 5876 5877
f 5870 5874 5875
f 5866 5876 5868
f 5876 5884 6880
f 5876 6878 5877
f 5873 5877 6879
f 5874 6129 5875
f 5873 6128 5874
f 5877 6878 6879
f 5873 6879 6128
f 5874 6128 6129
f 5851 5855 5864
f 5855 5878 5864
f 5855 5892 5878
f 5865 5881 5867
f 5865 5879 5882
f 5878 5883 5879
f 5867 5881 5884
f 5865 5882 5881
f 5878 5880 5883
f 5879 5883 5882
f 5881 6881 5884
f 5881 5882 6882
f 5880 5886 5883
f 5882 5883 5885
f 5878 5892 5880
f 5880 5894 5887
f 5882 5885 6882
f 5881 6882 6881
f 5880 5887 5886
f 5883 5886 5885
f 5886 5887 6887
f 5856 5888 5892
f 5857 5889 5890
f 5859 5890 5888
f 5858 5891 5889
f 5889 5897 5890
f 5889 5891 5896
f 5891 5893 5896
f 5891 6127 5893
f 5888 5894 5892
f 5880 5892 5894
f 5887 5898 6886
f 5888 5890 5895
f 5888 5895 5894
f 5889 5896 5897
f 5890 5897 5895
f 5887 5894 5898
f 5893 6136 5900
f 5894 5895 5898
f 5895 5897 5899
f 5893 5901 5896
f 5896 5902 5897
f 5896 5901 5902
f 5897 5902 5899
f 5895 5899 5898
f 5898 5907 6886
f 5893 5900 5901
f 5907 6891 6886
f 5899 5902 5905
f 5898 5899 5907
f 5901 5906 5902
f 5900 5903 5901
f 5899 5905 5907
f 5902 5906 5905
f 5900 5904 5903
f 5901 5903 5906
f 5903 6156 5906
f 5905 5908 5907
f 5905 5906 6158
f 5905 6158 5908
f 5906 6156 6158
f 5907 5908 6891
f 5908 6895 6891
f 6160 6903 6895
f 5908 6160 6895
f 493 8958 495
f 495 8958 504
f 500 504 8958
f 5541 5917 5916
f 500 8958 567
f 5541 5918 5917
f 5541 5919 5918
f 5541 5920 5919
f 5541 5921 5920
f 5541 5922 5921
f 5487 5911 5909
f 5488 5910 5911
f 5910 5913 5911
f 5490 5909 5928
f 5909 5911 5929
f 5910 5912 5913
f 5909 5929 5928
f 5911 5913 5929
f 5502 5934 5912
f 5521 5940 5934
f 5521 5525 5940
f 5525 5915 5942
f 5914 5961 5915
f 5529 5960 5914
f 5529 5963 5960
f 5914 5960 5961
f 5321 8958 5534
f 5534 8958 5536
f 5490 5928 5930
f 5913 5933 5929
f 5928 5931 5930
f 5928 5929 5935
f 5928 5935 5931
f 5929 5933 5935
f 5912 5932 5913
f 5912 5934 5932
f 5913 5932 5933
f 5932 5938 5933
f 5932 5934 5939
f 5934 5940 5939
f 5525 5942 5940
f 5931 5935 5937
f 5933 5936 5935
f 5932 5939 5938
f 5933 5938 5936
f 5935 5936 5937
f 5939 5940 5941
f 5936 5938 5945
f 5936 5944 5937
f 5938 5939 5943
f 5939 5941 5943
f 5940 5942 5941
f 5936 5945 5944
f 5938 5943 5945
f 5570 5937 5944
f 5944 5945 5946
f 5941 5949 5943
f 5943 5950 5945
f 5943 5949 5950
f 5945 5950 5946
f 5941 5942 5947
f 5942 5948 5947
f 5941 5947 5949
f 5949 5953 5950
f 5605 5944 5946
f 5605 5946 5610
f 5946 5950 5954
f 5610 5946 5954
f 5947 5952 5949
f 5947 5948 5955
f 5947 5955 5952
f 5948 5951 5955
f 5950 5953 5954
f 5949 5952 5953
f 5952 5959 5953
f 5951 5958 5955
f 5952 5955 5957
f 5955 5958 5957
f 5951 5956 5958
f 5953 5988 5954
f 5953 5959 5988
f 5952 5957 5959
f 5957 5958 5994
f 5915 5961 5948
f 5915 5948 5942
f 5948 5961 5951
f 5951 5961 5968
f 5956 5968 5973
f 5962 5966 5963
f 5960 5963 5967
f 5588 5964 5962
f 5963 5966 5967
f 5962 5964 5966
f 5960 5968 5961
f 5960 5967 5968
f 5588 5965 5964
f 5964 5971 5966
f 5966 5972 5967
f 5967 5973 5968
f 5964 5965 5970
f 5967 5972 5973
f 5965 5969 5970
f 5964 5970 5971
f 5966 5971 5972
f 5970 5975 5971
f 5969 5978 5970
f 5969 5977 5978
f 5972 5976 5973
f 5971 5974 5972
f 5971 5975 5974
f 5972 5974 5976
f 5970 5978 5975
f 5951 5968 5956
f 5600 5980 5977
f 5973 5976 5993
f 5975 5978 5981
f 5974 5975 5983
f 5977 5979 5978
f 5978 5979 5981
f 5974 5982 5976
f 5975 5981 5983
f 5974 5983 5982
f 5977 5980 5979
f 5981 6051 5983
f 5956 5973 5993
f 5956 5992 5958
f 5976 5998 5993
f 5956 5993 5992
f 5982 5983 6052
f 5983 6051 6052
f 5976 5982 5998
f 5982 6052 6015
f 5610 5954 5984
f 5954 5988 5984
f 5610 5987 5611
f 5611 5987 5985
f 5610 5984 5987
f 5612 5986 6001
f 5985 6002 5986
f 5985 5987 6003
f 5984 5990 5987
f 5984 5991 5990
f 5984 5988 5991
f 5957 5995 5959
f 5959 5989 5988
f 5959 5995 5989
f 5988 5989 5991
f 5957 5994 5995
f 5985 6003 6002
f 5987 5990 6003
f 5989 6008 5991
f 5619 6007 5620
f 5958 5992 5994
f 5992 5993 5999
f 5992 5996 5994
f 5993 5998 5999
f 5994 5997 5995
f 5989 5995 6000
f 5995 5997 6000
f 5992 5999 5996
f 5994 5996 5997
f 5998 6016 5999
f 5996 5999 6018
f 5982 6015 5998
f 5989 6000 6008
f 5997 6019 6000
f 5996 6017 5997
f 5997 6017 6019
f 6015 6052 6021
f 6021 6052 6056
f 6027 6056 6064
f 5986 6002 6001
f 5990 6006 6003
f 6001 6002 6007
f 6002 6003 6004
f 6002 6004 6007
f 5619 6001 6007
f 5620 6007 6009
f 5990 5991 6005
f 5990 6005 6006
f 6003 6006 6004
f 5991 6008 6005
f 6004 6009 6007
f 6004 6006 6011
f 6005 6010 6006
f 6005 6008 6012
f 6008 6013 6012
f 6006 6010 6011
f 6004 6011 6009
f 6005 6012 6010
f 6009 6011 6214
f 5620 6009 6074
f 6009 6214 6074
f 6074 6214 6078
f 6078 6217 6080
f 6000 6013 6008
f 6000 6019 6013
f 6013 6019 6014
f 6014 6019 6024
f 6010 6012 6216
f 6012 6013 6213
f 6010 6215 6011
f 6010 6216 6215
f 6012 6213 6216
f 6013 6014 6213
f 6011 6215 6214
f 6014 6024 6218
f 6078 6214 6217
f 5998 6015 6016
f 5999 6016 6018
f 5996 6018 6017
f 6016 6022 6018
f 6017 6018 6023
f 6017 6024 6019
f 6018 6022 6023
f 6017 6023 6024
f 6015 6020 6016
f 6015 6021 6020
f 6016 6020 6022
f 6020 6021 6028
f 6020 6025 6022
f 6021 6027 6028
f 6021 6056 6027
f 6027 6064 6034
f 6034 6064 6068
f 6022 6026 6023
f 6023 6029 6024
f 6020 6028 6025
f 6022 6025 6026
f 6023 6026 6029
f 6027 6030 6028
f 6025 6028 6031
f 6027 6034 6030
f 6026 6033 6029
f 6025 6032 6026
f 6028 6030 6031
f 6025 6031 6032
f 6026 6032 6033
f 6024 6029 6218
f 6029 6033 6225
f 6033 6035 6227
f 6034 6068 6036
f 6036 6089 6040
f 6030 6038 6031
f 6031 6039 6032
f 6032 6035 6033
f 6031 6038 6039
f 6032 6039 6035
f 6030 6034 6037
f 6034 6036 6037
f 6030 6037 6038
f 6040 6093 6047
f 6036 6041 6037
f 6037 6042 6038
f 6038 6043 6039
f 6037 6041 6042
f 6038 6042 6043
f 6036 6040 6041
f 6035 6039 6044
f 6039 6043 6044
f 6043 6234 6044
f 6040 6045 6041
f 6041 6046 6042
f 6042 6233 6043
f 6040 6047 6045
f 6041 6045 6046
f 6042 6046 6233
f 5922 6397 5923
f 5923 6397 5924
f 5924 6397 5925
f 5925 6397 5926
f 5926 6397 5927
f 5927 6397 7853
f 6254 7853 6255
f 6254 6269 7853
f 6266 7853 6269
f 6267 6268 7853
f 6266 6267 7853
f 6255 7853 6256
f 6256 7853 6257
f 6268 6273 7853
f 6273 6276 7853
f 6276 6277 7853
f 6277 6280 7853
f 6280 6300 7853
f 6281 7853 6300
f 6045 6375 6046
f 6045 6047 6373
f 6047 6374 6373
f 5916 5917 7159
f 5917 5918 7160
f 5918 5919 7161
f 5919 5920 7162
f 5920 5921 7163
f 5921 5922 7164
f 5922 5923 7167
f 5923 5924 7170
f 5924 5925 7171
f 5925 5926 7172
f 5926 5927 7173
f 5927 7853 7174
f 5979 5980 6049
f 5979 6050 5981
f 5615 6048 5980
f 5980 6048 6049
f 5979 6049 6050
f 5981 6050 6051
f 6048 6053 6049
f 6049 6057 6050
f 6051 6056 6052
f 6050 6055 6051
f 6049 6053 6057
f 6050 6057 6055
f 6048 6054 6053
f 6051 6055 6056
f 6053 6062 6057
f 6055 6057 6063
f 6055 6064 6056
f 5615 5817 6048
f 5817 6058 6054
f 5817 6054 6048
f 6054 6058 6061
f 5816 6058 5817
f 5816 6059 6058
f 5818 6072 6059
f 5819 6073 6072
f 6058 6079 6061
f 6053 6054 6060
f 6057 6062 6063
f 6053 6060 6062
f 6054 6061 6060
f 6055 6063 6064
f 6062 6067 6063
f 6063 6068 6064
f 6063 6067 6068
f 6060 6066 6062
f 6060 6061 6065
f 6060 6065 6066
f 6062 6066 6067
f 6061 6069 6065
f 6067 6089 6068
f 6066 6088 6067
f 6061 6079 6069
f 6069 6082 6071
f 6065 6090 6066
f 6065 6069 6070
f 6066 6090 6088
f 6065 6070 6090
f 6069 6071 6070
f 5620 6074 6073
f 6073 6074 6077
f 6058 6059 6079
f 6059 6072 6075
f 6072 6073 6076
f 6072 6076 6075
f 6059 6075 6079
f 6073 6077 6076
f 6074 6078 6077
f 6075 6076 6081
f 6076 6077 6083
f 6069 6079 6082
f 6075 6082 6079
f 6075 6081 6082
f 6077 6078 6084
f 6077 6084 6083
f 6078 6080 6084
f 6076 6083 6081
f 6081 6086 6082
f 6081 6083 6087
f 6083 6084 6085
f 6080 6422 6084
f 6083 6085 6087
f 6084 6422 6085
f 6071 6082 6086
f 6071 6086 6095
f 6081 6087 6086
f 6080 6423 6422
f 6086 6087 6424
f 6086 6424 6095
f 6096 6424 6430
f 6036 6068 6089
f 6067 6088 6089
f 6088 6090 6094
f 6088 6093 6089
f 6070 6092 6090
f 6070 6071 6091
f 6071 6095 6091
f 6070 6091 6092
f 6088 6094 6093
f 6090 6092 6094
f 6092 6099 6094
f 6093 6094 6100
f 6040 6089 6093
f 6091 6095 6098
f 6091 6097 6092
f 6091 6098 6097
f 6095 6096 6098
f 6095 6424 6096
f 6094 6099 6100
f 6092 6097 6099
f 6099 6105 6100
f 6097 6101 6099
f 6096 6102 6098
f 6097 6098 6103
f 6096 6104 6102
f 6098 6102 6103
f 6097 6103 6101
f 6099 6101 6105
f 6102 6106 6103
f 6096 6430 6104
f 6102 6104 6107
f 6104 6435 6110
f 6047 6093 6100
f 6100 6105 6374
f 6047 6100 6374
f 6105 6378 6374
f 6105 6108 6378
f 6108 6115 6509
f 6101 6108 6105
f 6101 6103 6109
f 6101 6109 6108
f 6102 6107 6106
f 6103 6106 6109
f 6104 6110 6107
f 6106 6113 6109
f 6108 6109 6115
f 6106 6107 6114
f 6106 6114 6113
f 6107 6110 6111
f 6110 6112 6111
f 6107 6111 6114
f 6109 6113 6115
f 6113 6116 6115
f 6113 6114 6117
f 6111 6441 6114
f 6111 6112 6442
f 6111 6442 6441
f 6114 6441 6117
f 6113 6117 6116
f 5844 6124 5846
f 5844 6119 6123
f 5844 6123 6124
f 6118 6120 6119
f 6118 6121 6120
f 6119 6120 6123
f 5846 6124 6122
f 6123 6125 6124
f 6120 6121 6131
f 6120 6126 6123
f 6121 6130 6131
f 6120 6131 6126
f 6122 6124 6127
f 6124 6125 6127
f 6123 6126 6125
f 6125 6126 6135
f 6125 6136 6127
f 5815 6130 6121
f 5872 6132 6130
f 5872 5875 6132
f 6130 6133 6131
f 6126 6131 6134
f 5875 6138 6132
f 6130 6132 6133
f 6125 6135 6136
f 5893 6127 6136
f 6131 6133 6134
f 6126 6134 6135
f 6132 6137 6133
f 6133 6140 6134
f 6134 6141 6135
f 6135 6139 6136
f 6135 6141 6139
f 6134 6140 6141
f 6132 6138 6137
f 6133 6137 6140
f 6129 6146 6138
f 5875 6129 6138
f 6129 7057 6146
f 6146 7057 6147
f 6147 7057 7060
f 5900 6136 6139
f 6137 6143 6140
f 6137 6138 6145
f 6139 6141 6142
f 6140 6144 6141
f 6140 6143 6144
f 6141 6144 6142
f 5900 6139 5904
f 5904 6139 6142
f 6142 6151 6159
f 6153 7060 7065
f 6138 6146 6145
f 6137 6145 6143
f 6143 6150 6144
f 6143 6145 6149
f 6145 6146 6148
f 6145 6148 6149
f 6146 6147 6148
f 6142 6144 6151
f 6144 6150 6151
f 6143 6149 6150
f 6148 6152 6149
f 6149 6155 6150
f 6147 6154 6148
f 6150 6165 6151
f 6150 6155 6165
f 6147 6153 6154
f 6148 6154 6152
f 6149 6152 6155
f 6153 6170 6154
f 6152 6154 6166
f 6152 6167 6155
f 6154 6170 6166
f 6147 7060 6153
f 6153 7065 6169
f 6153 6169 6170
f 6169 7070 6171
f 5904 6142 6159
f 5903 5904 6157
f 5903 6157 6156
f 5904 6159 6157
f 6151 6163 6159
f 5908 6158 6160
f 6156 6161 6158
f 6157 6159 6164
f 6156 6157 6162
f 6158 6161 6160
f 6156 6162 6161
f 6157 6164 6162
f 6159 6163 6164
f 6163 6462 6164
f 6160 6466 6903
f 6151 6165 6163
f 6165 6168 6463
f 6155 6168 6165
f 6152 6166 6167
f 6155 6167 6168
f 6166 6173 6167
f 6167 6175 6168
f 6163 6165 6463
f 6168 6468 6463
f 6169 6172 6170
f 6171 7077 6177
f 6168 6175 6468
f 6166 6170 6174
f 6169 6171 6172
f 6170 6172 6174
f 6166 6174 6173
f 6167 6173 6175
f 6172 6180 6174
f 6171 6176 6172
f 6171 6177 6176
f 6177 7078 6183
f 6173 6179 6175
f 6173 6174 6178
f 6174 6180 6178
f 6173 6178 6179
f 6172 6176 6180
f 6176 6177 6184
f 6178 6180 6182
f 6176 6181 6180
f 6176 6184 6181
f 6178 6482 6179
f 6180 6181 6182
f 6178 6182 6482
f 6177 6183 6184
f 6183 6483 6184
f 6181 6184 6484
f 6181 6486 6182
f 6184 6483 6484
f 6183 6185 6483
f 6116 6117 6512
f 5545 6186 6187
f 5549 6187 6189
f 5544 6188 6186
f 6188 6189 6192
f 5546 6194 6195
f 6186 6188 6192
f 6187 6191 6189
f 6186 6190 6187
f 6189 6191 6193
f 6187 6190 6191
f 6186 6192 6190
f 6190 6200 6191
f 5539 6199 6202
f 6189 6193 6192
f 5547 6195 6199
f 6192 6193 6195
f 6192 6195 6194
f 6190 6192 6194
f 6193 6197 6195
f 6191 6201 6193
f 6190 6194 6200
f 6195 6197 6199
f 6191 6200 6201
f 6194 6196 6200
f 6193 6201 6197
f 6196 6198 6200
f 6197 6201 6204
f 6198 6203 6200
f 6200 6203 6205
f 6197 6204 6199
f 6200 6207 6201
f 6201 6208 6204
f 6200 6205 6207
f 6203 6204 6206
f 6203 6206 6205
f 6204 6208 6206
f 6205 6206 6209
f 6199 6397 6202
f 6201 6207 6208
f 6206 6208 6212
f 6205 6209 6207
f 6207 6211 6208
f 6207 6209 6211
f 6208 6211 6212
f 6203 6396 6204
f 6206 6210 6209
f 6206 6212 6210
f 6199 6204 6405
f 6209 6393 6211
f 6210 6212 6399
f 6211 6398 6212
f 5536 8958 5537
f 5537 8958 5540
f 5540 8958 5546
f 5922 6202 6397
f 5546 8958 6194
f 6194 8958 6196
f 6196 8958 6198
f 6215 6216 6219
f 6214 6215 6217
f 6213 6220 6216
f 6215 6219 6217
f 6216 6220 6219
f 6014 6221 6213
f 6213 6221 6220
f 6014 6218 6221
f 6217 6219 6223
f 6219 6220 6224
f 6218 6226 6221
f 6220 6221 6222
f 6218 6225 6226
f 6221 6226 6222
f 6219 6224 6223
f 6220 6222 6224
f 6223 6224 6229
f 6080 6217 6223
f 6223 6229 6423
f 6029 6225 6218
f 6033 6227 6225
f 6225 6228 6226
f 6222 6226 6230
f 6222 6231 6224
f 6225 6227 6228
f 6226 6228 6230
f 6222 6230 6231
f 6035 6232 6227
f 6224 6231 6229
f 6229 6231 6237
f 6228 6235 6230
f 6230 6236 6231
f 6229 6237 6427
f 6227 6238 6228
f 6228 6238 6235
f 6227 6232 6238
f 6035 6044 6232
f 6043 6233 6234
f 6044 6234 6241
f 6044 6241 6232
f 6234 6377 6244
f 6234 6244 6241
f 6231 6236 6237
f 6237 6239 6429
f 6230 6235 6236
f 6236 6239 6237
f 6232 6243 6238
f 6235 6238 6242
f 6235 6240 6236
f 6238 6243 6242
f 6236 6240 6239
f 6235 6242 6240
f 6232 6241 6243
f 6242 6243 6247
f 6239 6240 6246
f 6240 6242 6248
f 6241 6245 6243
f 6241 6244 6245
f 6243 6245 6247
f 6242 6247 6248
f 6240 6248 6246
f 6244 6377 6249
f 6244 6251 6245
f 6246 6248 6252
f 6247 6253 6248
f 6245 6250 6247
f 6247 6250 6253
f 6248 6253 6252
f 6244 6249 6251
f 6245 6251 6250
f 6252 6253 6388
f 6250 6390 6253
f 6257 7853 6397
f 6254 6255 6258
f 6254 6258 6270
f 6256 6257 6261
f 6256 6261 6258
f 6255 6256 6258
f 6258 6261 6313
f 6257 6259 6261
f 6259 6260 6261
f 6260 6263 6261
f 6261 6263 6314
f 6261 6314 6313
f 6260 6262 6263
f 6262 6264 6263
f 6263 6264 6317
f 6264 6318 6317
f 6265 6269 6270
f 6265 6267 6266
f 6265 6268 6267
f 6265 6266 6269
f 6265 6270 6272
f 6254 6270 6269
f 6258 6271 6270
f 6270 6271 6272
f 6271 6275 6272
f 6271 6315 6275
f 6265 6273 6268
f 6265 6274 6273
f 6265 6272 6274
f 6273 6274 6276
f 6272 6283 6274
f 6272 6275 6283
f 6275 6291 6283
f 6275 6315 6291
f 6276 6278 6277
f 6277 6278 6280
f 6279 6289 6282
f 6279 6281 6299
f 6279 8713 6281
f 6279 6282 8713
f 6274 6278 6276
f 6274 6286 6278
f 6274 6283 6286
f 6284 6296 6285
f 6279 6304 6287
f 6279 6287 6288
f 6279 6303 6304
f 6283 6287 6286
f 6283 6288 6287
f 6283 6295 6288
f 6286 6287 6304
f 6284 6289 6295
f 6279 6288 6289
f 6284 6305 6289
f 6284 6285 6306
f 6284 6306 6305
f 6288 6295 6289
f 6284 6295 6297
f 6284 6297 6296
f 6285 6290 6307
f 6283 6297 6295
f 6283 6296 6297
f 6283 6298 6296
f 6283 6291 6293
f 6283 6292 6298
f 6283 6293 6292
f 6290 6298 6292
f 6290 6292 6293
f 6285 6298 6290
f 6290 6294 6323
f 6290 6293 6294
f 6291 6294 6293
f 6291 6323 6294
f 6285 6296 6298
f 6290 6323 6311
f 6311 6323 6325
f 6278 6299 6280
f 6280 6299 6301
f 6278 6286 6299
f 6286 6303 6299
f 6280 6301 6300
f 6281 6301 6299
f 6281 6300 6302
f 6300 6301 6302
f 6281 6302 6301
f 6279 6299 6303
f 6286 6304 6303
f 6282 6289 6305
f 6285 6307 6306
f 6290 6311 6307
f 6305 6306 6308
f 6306 6307 6309
f 6307 6311 6310
f 6282 6305 8717
f 6305 6308 8717
f 6306 6309 6308
f 6307 6310 6309
f 6310 6311 6312
f 6258 6313 6271
f 6271 6313 6315
f 6313 6316 6315
f 6313 6314 6316
f 6314 6321 6316
f 6315 6316 6324
f 6291 6315 6324
f 6316 6321 6326
f 6316 6326 6324
f 6263 6320 6314
f 6263 6317 6320
f 6317 6318 6338
f 6317 6319 6320
f 6318 6339 6338
f 6317 6338 6319
f 6314 6320 6321
f 6320 6322 6321
f 6319 6322 6320
f 6321 6322 6327
f 6321 6327 6326
f 6319 6332 6322
f 6322 6332 6327
f 6291 6324 6323
f 6323 6324 6325
f 6324 6335 6325
f 6324 6326 6336
f 6326 6331 6337
f 6324 6336 6335
f 6326 6330 6331
f 6326 6329 6330
f 6326 6327 6329
f 6327 6328 6329
f 6327 6333 6328
f 6332 6351 6334
f 6327 6332 6334
f 6327 6334 6333
f 6328 6347 6329
f 6329 6347 6330
f 6328 6333 6347
f 6333 6334 6347
f 6334 6350 6347
f 6330 6347 6369
f 6311 6325 6335
f 6311 6335 6336
f 6311 6336 6337
f 6326 6337 6336
f 6311 6369 6312
f 6311 6337 6369
f 6331 6369 6337
f 6330 6369 6331
f 6312 6369 6372
f 6257 6397 6259
f 6259 6397 6260
f 6260 6397 6262
f 6262 6397 6264
f 6264 6397 6318
f 6318 6397 6339
f 6339 6397 6340
f 6340 6397 6341
f 6341 6397 6342
f 6342 6397 6344
f 6344 6397 6345
f 6345 6397 6356
f 6356 6397 6358
f 6338 6339 6340
f 6338 6340 6341
f 6338 6341 6342
f 6338 6342 6343
f 6319 6338 6343
f 6342 6344 6343
f 6319 6343 6332
f 6343 6344 6346
f 6343 6346 6351
f 6344 6345 6346
f 6345 6356 6346
f 6346 6357 6351
f 6332 6343 6351
f 6347 6350 6353
f 6347 6353 6352
f 6351 6352 6353
f 6350 6351 6353
f 6347 6352 6357
f 6334 6351 6350
f 6348 6366 6349
f 6354 6355 6366
f 6349 6366 6355
f 6347 6366 6348
f 6347 6348 6369
f 6348 6349 6370
f 6349 6355 6371
f 6354 6367 6355
f 6349 6371 6370
f 6346 6356 6357
f 6356 6359 6357
f 6356 6358 6359
f 6351 6357 6352
f 6347 6357 6366
f 6358 6364 6359
f 6357 6359 6366
f 6358 6365 6360
f 6360 6366 6361
f 6361 6366 6362
f 6362 6366 6363
f 6363 6366 6364
f 6359 6364 6366
f 6358 6360 6361
f 6358 6361 6362
f 6358 6363 6364
f 6358 6362 6363
f 6360 6365 6366
f 6358 6366 6365
f 6366 8786 6368
f 6355 6367 6371
f 6354 6366 6368
f 6354 6368 6367
f 6367 6368 8794
f 6348 6370 6369
f 6369 6370 6372
f 6370 6371 8789
f 6367 8790 6371
f 6370 8789 6372
f 6371 8790 8789
f 6367 8794 8790
f 6358 6397 6366
f 6046 6376 6233
f 6046 6375 6376
f 6233 6377 6234
f 6233 6376 6377
f 6045 6373 6375
f 6373 6374 6379
f 6375 6381 6376
f 6373 6380 6375
f 6373 6379 6380
f 6374 6378 6379
f 6376 6382 6377
f 6375 6380 6381
f 6376 6381 6382
f 6381 6386 6382
f 6378 6383 6379
f 6379 6384 6380
f 6380 6385 6381
f 6378 6509 6383
f 6379 6383 6384
f 6380 6384 6385
f 6381 6385 6386
f 6249 6377 6382
f 6382 6386 6387
f 6383 6517 6384
f 6384 6518 6385
f 6385 6519 6386
f 6385 6518 6519
f 6249 6382 6387
f 6386 6519 6392
f 6386 6392 6387
f 6249 6391 6251
f 6250 6251 6389
f 6249 6387 6391
f 6250 6389 6390
f 6251 6391 6389
f 6253 6390 6388
f 6387 6530 6391
f 6388 6390 6613
f 6389 6614 6390
f 6389 6391 6615
f 6387 6392 6530
f 6391 6530 6615
f 6389 6615 6614
f 6209 6210 6393
f 6203 6395 6396
f 6210 6394 6393
f 6204 6396 6405
f 6199 6405 6397
f 6210 6399 6394
f 6393 6394 6396
f 6211 6393 6398
f 6212 6398 6399
f 6393 6395 6398
f 6393 6396 6395
f 6394 6403 6396
f 6396 6403 6405
f 6198 8970 6203
f 6395 6404 6402
f 6398 6400 6399
f 6394 6399 6401
f 6395 6400 6398
f 6395 6402 6400
f 6394 6401 6403
f 6399 6400 6401
f 6400 6402 6404
f 6401 6407 6403
f 6400 6404 6406
f 6400 6406 6408
f 6403 6407 6405
f 6400 6410 6401
f 6400 6408 6410
f 6401 6411 6407
f 6406 6407 6409
f 6406 6409 6408
f 6407 6411 6409
f 6401 6410 6411
f 6409 6411 6415
f 6410 6414 6411
f 6203 8970 6395
f 6397 6405 8953
f 6395 8970 6404
f 6366 6397 8953
f 6408 6409 6412
f 6408 6412 6410
f 6406 6419 6407
f 6409 6413 6412
f 6409 6415 6413
f 6405 6407 8950
f 6406 6418 6419
f 6412 6413 6416
f 6410 6412 6414
f 6411 6414 6415
f 6412 6416 6414
f 6413 6415 6421
f 6414 6420 6415
f 6414 6416 6420
f 6415 6420 6421
f 6404 8970 6406
f 6413 6417 6416
f 6407 6419 8950
f 6416 6417 6419
f 6416 6419 6418
f 6405 8950 8953
f 6406 8968 6418
f 6413 6421 6417
f 6416 6418 6420
f 6417 6421 8949
f 6420 8948 6421
f 6417 8947 6419
f 6418 8946 8948
f 6417 8949 8947
f 6419 8947 8950
f 6418 8948 6420
f 6421 8948 8949
f 6080 6223 6423
f 6422 6423 6426
f 6085 6425 6087
f 6085 6422 6428
f 6087 6425 6424
f 6085 6428 6425
f 6422 6426 6428
f 6423 6427 6426
f 6229 6427 6423
f 6425 6428 6431
f 6426 6432 6428
f 6426 6427 6433
f 6426 6433 6432
f 6237 6429 6427
f 6427 6429 6433
f 6424 6425 6430
f 6425 6431 6430
f 6428 6432 6431
f 6430 6431 6435
f 6431 6432 6434
f 6432 6433 6436
f 6429 6437 6433
f 6432 6436 6434
f 6239 6438 6429
f 6104 6430 6435
f 6110 6435 6440
f 6431 6434 6435
f 6434 6440 6435
f 6429 6438 6437
f 6433 6437 6436
f 6434 6436 6439
f 6436 6437 6445
f 6437 6438 6444
f 6434 6439 6440
f 6436 6445 6439
f 6112 6440 6448
f 6439 6448 6440
f 6110 6440 6112
f 6112 6448 6443
f 6112 6443 6442
f 6441 6442 6511
f 6442 6443 6514
f 6443 6513 6514
f 6443 6448 6452
f 6443 6452 6513
f 6239 6246 6438
f 6246 6446 6438
f 6437 6444 6445
f 6438 6446 6444
f 6439 6445 6449
f 6444 6450 6445
f 6444 6446 6451
f 6444 6451 6450
f 6446 6447 6451
f 6439 6449 6448
f 6445 6450 6449
f 6448 6449 6452
f 6450 6451 6454
f 6449 6450 6453
f 6246 6252 6446
f 6252 6447 6446
f 6252 6388 6447
f 6388 6613 6456
f 6449 6453 6452
f 6447 6455 6451
f 6450 6454 6453
f 6447 6456 6455
f 6451 6455 6454
f 6452 6453 6457
f 6452 6457 6513
f 6388 6456 6447
f 6455 6456 6459
f 6453 6454 6458
f 6454 6455 6460
f 6456 6613 6461
f 6453 6458 6457
f 6454 6460 6458
f 6455 6459 6460
f 6456 6461 6459
f 6459 6555 6460
f 6459 6461 6557
f 6461 6531 6557
f 6457 6458 6554
f 6458 6460 6556
f 6458 6556 6554
f 6460 6555 6556
f 6459 6557 6555
f 6161 6162 6464
f 6160 6161 6466
f 6162 6164 6465
f 6161 6464 6466
f 6164 6462 6465
f 6162 6465 6464
f 6163 6463 6462
f 6462 6463 6471
f 6462 6469 6465
f 6464 6467 6466
f 6464 6465 6470
f 6464 6470 6467
f 6465 6469 6470
f 6466 6467 7087
f 6467 6473 7234
f 6463 6468 6471
f 6462 6471 6469
f 6175 6475 6468
f 6467 6470 6473
f 6469 6474 6470
f 6468 6476 6471
f 6469 6471 6472
f 6468 6475 6476
f 6471 6476 6472
f 6470 6474 6473
f 6469 6472 6474
f 6473 6474 6481
f 6473 6481 7239
f 6475 6479 6476
f 6472 6476 6478
f 6472 6480 6474
f 6475 6477 6479
f 6476 6479 6478
f 6474 6480 6481
f 6472 6478 6480
f 6478 6479 6496
f 6480 6497 6481
f 6478 6498 6480
f 6480 6498 6497
f 6175 6179 6475
f 6179 6482 6477
f 6182 6485 6482
f 6482 6485 6495
f 6179 6477 6475
f 6477 6482 6495
f 6485 6500 6495
f 6181 6484 6486
f 6182 6486 6485
f 6483 6490 6484
f 6484 6491 6486
f 6185 6487 6483
f 6484 6490 6491
f 6185 6488 6487
f 6483 6487 6490
f 6485 6486 6489
f 6486 6491 6489
f 6487 6488 7258
f 6487 6492 6490
f 6487 7258 6492
f 6490 6493 6491
f 6489 6491 6494
f 6490 6492 6493
f 6485 6489 6500
f 6489 6494 6507
f 6491 6493 6494
f 6493 7345 6494
f 6477 6499 6479
f 6477 6495 6499
f 6478 6496 6498
f 6479 6499 6496
f 6497 6498 6501
f 6495 6502 6499
f 6496 6499 6503
f 6496 6504 6498
f 6495 6500 6502
f 6499 6502 6503
f 6496 6503 6504
f 6498 6504 6501
f 6501 6504 7260
f 6502 6505 6503
f 6503 6506 6504
f 6500 6508 6502
f 6500 6507 6508
f 6502 6508 6505
f 6504 6506 7260
f 6503 6505 6506
f 6489 6507 6500
f 6494 7269 6507
f 6507 7268 6508
f 6505 6508 7296
f 6108 6509 6378
f 6115 6515 6509
f 6116 6521 6515
f 6115 6116 6515
f 6117 6441 6510
f 6441 6511 6510
f 6117 6510 6512
f 6442 6514 6511
f 6510 6511 6533
f 6510 6535 6512
f 6116 6512 6521
f 6512 6535 6529
f 6383 6509 6516
f 6509 6515 6516
f 6383 6516 6517
f 6512 6529 6521
f 6384 6517 6518
f 6515 6522 6516
f 6516 6520 6517
f 6516 6522 6520
f 6517 6524 6518
f 6518 6525 6519
f 6515 6521 6522
f 6517 6520 6524
f 6518 6524 6525
f 6521 6523 6522
f 6520 6522 6527
f 6521 6529 6523
f 6522 6523 6527
f 6524 6528 6525
f 6520 6526 6524
f 6520 6527 6526
f 6524 6526 6528
f 6535 6536 6562
f 6529 6535 6562
f 6536 6567 6562
f 6536 6545 6567
f 6392 6618 6530
f 6461 6616 6531
f 6519 6525 6617
f 6525 6528 6624
f 6392 6519 6617
f 6525 6624 6617
f 6528 6648 6624
f 6510 6533 6535
f 6513 6532 6514
f 6511 6514 6534
f 6511 6534 6533
f 6514 6532 6534
f 6513 6539 6532
f 6533 6536 6535
f 6533 6534 6537
f 6532 6539 6540
f 6532 6538 6534
f 6532 6540 6538
f 6533 6537 6536
f 6534 6538 6537
f 6457 6539 6513
f 6539 6554 6541
f 6539 6541 6540
f 6538 6540 6542
f 6540 6541 6543
f 6537 6538 6544
f 6536 6537 6545
f 6537 6544 6545
f 6538 6542 6544
f 6540 6543 6542
f 6541 6546 6543
f 6542 6548 6544
f 6544 6549 6545
f 6542 6543 6547
f 6542 6547 6548
f 6543 6546 6550
f 6543 6550 6547
f 6546 6551 6550
f 6544 6548 6549
f 6547 6587 6548
f 6548 6586 6549
f 6548 6587 6586
f 6547 6550 6552
f 6550 6551 6553
f 6547 6552 6587
f 6550 6553 6552
f 6551 6560 6553
f 6457 6554 6539
f 6541 6554 6558
f 6541 6558 6546
f 6554 6556 6558
f 6555 6559 6556
f 6531 6630 6557
f 6555 6557 6631
f 6555 6631 6559
f 6556 6559 6558
f 6546 6558 6633
f 6558 6559 6633
f 6546 6633 6551
f 6551 6639 6560
f 6560 6643 6598
f 6551 6633 6639
f 6560 6639 6643
f 6523 6561 6527
f 6526 6527 6564
f 6526 6575 6528
f 6526 6564 6575
f 6523 6529 6563
f 6529 6562 6563
f 6523 6563 6561
f 6527 6561 6564
f 6562 6566 6563
f 6561 6563 6565
f 6561 6576 6564
f 6563 6566 6565
f 6561 6565 6576
f 6562 6567 6566
f 6566 6567 6568
f 6565 6566 6569
f 6565 6578 6576
f 6565 6569 6578
f 6567 6570 6568
f 6566 6568 6569
f 6545 6570 6567
f 6545 6549 6570
f 6549 6571 6570
f 6568 6580 6569
f 6568 6570 6572
f 6568 6572 6580
f 6570 6571 6572
f 6571 6586 6573
f 6573 6589 8980
f 6571 6574 6572
f 6571 6573 6574
f 6573 8986 6574
f 6528 6575 6648
f 6564 6577 6575
f 6564 6576 6577
f 6576 6579 6577
f 6576 6578 6579
f 6575 6577 6649
f 6575 6649 6648
f 6577 6579 6652
f 6577 6652 6649
f 6569 6581 6578
f 6578 6582 6579
f 6578 6581 6582
f 6579 6582 6659
f 6579 6659 6652
f 6569 6580 6581
f 6580 6583 6581
f 6572 6585 6580
f 6572 6574 6585
f 6580 6585 6583
f 6581 6584 6582
f 6581 6583 6584
f 6583 8988 6584
f 6574 8987 6585
f 6583 6585 8989
f 6582 6584 6660
f 6549 6586 6571
f 6552 6588 6587
f 6586 6587 6589
f 6552 6553 6590
f 6553 6560 6597
f 6552 6590 6588
f 6553 6597 6590
f 6587 6588 6589
f 6573 6586 6589
f 6588 6593 6589
f 6588 6590 6591
f 6590 6597 6592
f 6590 6592 6591
f 6588 6591 6593
f 6591 6592 6595
f 6591 6594 6593
f 6591 6595 6594
f 6589 6593 8980
f 6593 6594 8981
f 6593 8981 8980
f 6594 6596 8982
f 6594 6595 6596
f 6595 6604 6596
f 6560 6598 6597
f 6598 6643 6674
f 6597 6598 6599
f 6592 6597 6599
f 6598 6600 6599
f 6592 6599 6601
f 6592 6601 6595
f 6599 6600 6602
f 6599 6602 6601
f 6600 6603 6602
f 6598 6674 6600
f 6600 6674 6675
f 6600 6675 6603
f 6595 6601 6604
f 6601 6602 6605
f 6602 6603 6606
f 6601 6605 6604
f 6602 6606 6605
f 6603 6607 6606
f 6596 6604 6610
f 6604 6605 6608
f 6604 6608 6610
f 6605 6609 6608
f 6605 6606 6609
f 6606 6607 6611
f 6606 6611 6609
f 6608 6609 9005
f 6609 6611 9006
f 6611 6612 9007
f 6607 6612 6611
f 6603 6676 6607
f 6607 6686 6612
f 6612 6689 9009
f 6390 6614 6613
f 6461 6613 6616
f 6613 6614 6616
f 6614 6615 6620
f 6530 6619 6615
f 6530 6618 6619
f 6614 6620 6616
f 6615 6619 6620
f 6531 6616 6623
f 6531 6623 6632
f 6392 6617 6618
f 6618 6621 6619
f 6617 6625 6618
f 6617 6624 6625
f 6618 6625 6621
f 6616 6620 6623
f 6619 6622 6620
f 6619 6621 6622
f 6620 6622 6623
f 6624 6626 6625
f 6624 6648 6626
f 6621 6627 6622
f 6621 6625 6629
f 6622 6628 6623
f 6625 6626 6629
f 6621 6629 6627
f 6622 6627 6628
f 6627 6654 6628
f 6623 6628 6632
f 6628 6637 6632
f 6628 6654 6637
f 6637 6654 6638
f 6531 6632 6630
f 6557 6630 6631
f 6630 6632 6636
f 6559 6631 6634
f 6630 6635 6631
f 6559 6634 6633
f 6631 6635 6634
f 6630 6636 6635
f 6632 6637 6636
f 6633 6634 6639
f 6634 6635 6640
f 6635 6636 6641
f 6636 6637 6642
f 6637 6638 6642
f 6634 6640 6639
f 6635 6641 6640
f 6639 6640 6643
f 6636 6642 6641
f 6640 6641 6644
f 6641 6642 6645
f 6638 6646 6642
f 6641 6645 6644
f 6642 6646 6645
f 6638 6647 6646
f 6640 6644 6643
f 6643 6644 6674
f 6644 6645 6669
f 6645 6646 6671
f 6644 6669 6674
f 6645 6671 6669
f 6638 6657 6647
f 6646 6647 6672
f 6626 6648 6651
f 6626 6650 6629
f 6627 6629 6655
f 6626 6651 6650
f 6629 6650 6655
f 6648 6649 6651
f 6649 6653 6651
f 6650 6651 6658
f 6649 6652 6653
f 6651 6653 6658
f 6652 6664 6653
f 6627 6655 6654
f 6650 6656 6655
f 6654 6655 6657
f 6650 6658 6656
f 6655 6656 6657
f 6653 6661 6658
f 6656 6658 6663
f 6638 6654 6657
f 6656 6662 6657
f 6647 6657 6662
f 6662 6668 6670
f 6652 6659 6664
f 6653 6664 6661
f 6658 6661 6663
f 6582 6660 6659
f 6584 9045 6660
f 6659 6660 6665
f 6656 6663 6662
f 6659 6665 6664
f 6661 6664 6666
f 6661 6667 6663
f 6662 6663 6668
f 6661 6666 6667
f 6663 6667 6668
f 6668 9050 6673
f 6664 6665 6666
f 6667 9050 6668
f 6660 9047 6665
f 6665 9048 6666
f 6660 9045 9047
f 6665 9047 9048
f 6666 9049 6667
f 6666 9048 9049
f 6667 9049 9050
f 6647 6662 6670
f 6646 6672 6671
f 6647 6670 6672
f 6670 6679 6672
f 6671 6672 6677
f 6668 6673 6670
f 6670 6673 6679
f 6669 6675 6674
f 6669 6678 6675
f 6603 6675 6676
f 6675 6678 6676
f 6669 6671 6678
f 6671 6677 6678
f 6672 6679 6677
f 6677 6682 6678
f 6677 6683 6682
f 6673 6680 6679
f 6677 6679 6683
f 6679 6680 6683
f 6673 6681 6680
f 6676 6678 6682
f 6673 9050 6681
f 6681 9050 9051
f 6681 9051 6688
f 6607 6676 6686
f 6612 6686 6689
f 6676 6682 6686
f 6682 6683 6684
f 6680 6685 6683
f 6680 6681 6687
f 6682 6684 6686
f 6680 6687 6685
f 6683 6685 6684
f 6681 6688 6687
f 6685 6687 6690
f 6687 6688 6692
f 6688 9068 6692
f 6684 6689 6686
f 6684 6691 6689
f 6684 6685 6691
f 6687 6692 6690
f 6685 6690 6691
f 6694 6695 6701
f 2072 6698 2158
f 2157 2158 6697
f 2158 6698 6697
f 2072 6693 6699
f 6693 6694 6700
f 2072 6699 6698
f 6693 6700 6699
f 6694 6701 6700
f 2162 6697 6702
f 6698 6699 6703
f 6697 6698 6702
f 6698 6703 6702
f 6699 6700 6704
f 6700 6701 6705
f 6699 6704 6703
f 6700 6705 6704
f 6701 6706 6705
f 2162 6702 6717
f 6702 6710 6717
f 6710 6722 6717
f 6695 6744 6701
f 6701 6744 6706
f 6706 6744 6746
f 6702 6703 6710
f 6703 6704 6711
f 6703 6711 6710
f 6704 6707 6711
f 6704 6705 6707
f 6705 6706 6708
f 6705 6708 6707
f 6706 6709 6708
f 6710 6711 6712
f 6711 6713 6712
f 6707 6713 6711
f 6707 6708 6714
f 6708 6709 6715
f 6707 6714 6713
f 6708 6715 6714
f 6709 6716 6715
f 6713 6714 6787
f 6712 6713 6788
f 6710 6712 6722
f 6712 6723 6722
f 6712 6788 6723
f 6723 6788 6730
f 6706 6746 6709
f 6709 6746 6751
f 6709 6751 6716
f 6716 6760 6793
f 6716 6751 6760
f 2167 6717 6718
f 2167 6719 2168
f 2168 6720 2169
f 2169 6721 2170
f 2169 6720 6721
f 6717 6722 6718
f 2167 6718 6719
f 2168 6719 6720
f 6719 6724 6720
f 6718 6725 6719
f 6718 6722 6726
f 6722 6723 6726
f 6718 6726 6725
f 6719 6725 6724
f 6720 6727 6721
f 6720 6724 6727
f 6724 6731 6727
f 2170 6721 6762
f 6721 6767 6762
f 6721 6727 6767
f 6727 6772 6767
f 6723 6729 6726
f 6725 6726 6728
f 6724 6725 6732
f 6726 6729 6728
f 6725 6728 6732
f 6724 6732 6731
f 6723 6730 6729
f 6728 6736 6732
f 6731 6732 6733
f 6729 6730 6735
f 6728 6729 6737
f 6729 6735 6737
f 6732 6736 6733
f 6728 6737 6736
f 6730 6734 6735
f 6736 6737 6811
f 6733 6736 6808
f 6727 6731 6772
f 6731 6777 6772
f 6731 6733 6777
f 6733 6808 6782
f 6733 6782 6777
f 6696 6738 6745
f 6738 6739 6741
f 6739 6740 6742
f 6695 6696 6744
f 6696 6745 6744
f 6738 6741 6745
f 6739 6742 6741
f 6740 6743 6742
f 2185 6747 6743
f 6744 6745 6746
f 6741 6749 6745
f 6741 6742 6750
f 6742 6743 6748
f 6742 6748 6750
f 6743 6747 6748
f 6745 6749 6746
f 6741 6750 6749
f 6747 6753 6748
f 2190 2194 6754
f 2190 6754 6747
f 2194 6759 6754
f 2194 6766 6759
f 6746 6749 6751
f 6749 6750 6752
f 6748 6755 6750
f 6750 6755 6752
f 6749 6752 6751
f 6748 6753 6755
f 6747 6754 6753
f 6753 6754 6757
f 6751 6752 6760
f 6752 6755 6756
f 6753 6758 6755
f 6754 6759 6757
f 6752 6756 6760
f 6755 6758 6756
f 6753 6757 6758
f 6756 6758 6828
f 6756 6827 6760
f 6757 6829 6758
f 6758 6829 6828
f 6757 6759 6830
f 6757 6830 6829
f 6759 6761 6830
f 6759 6766 6761
f 6761 6766 6771
f 6761 6771 6835
f 2191 6762 6763
f 2192 6763 6764
f 2193 2195 6765
f 2193 6766 2194
f 2195 6764 6765
f 2193 6765 6766
f 6764 6770 6765
f 6765 6771 6766
f 6762 6768 6763
f 6763 6769 6764
f 6765 6770 6771
f 6762 6767 6768
f 6763 6768 6769
f 6764 6769 6770
f 6767 6773 6768
f 6768 6776 6769
f 6768 6773 6776
f 6767 6772 6773
f 6769 6774 6770
f 6770 6775 6771
f 6769 6776 6774
f 6770 6774 6775
f 6771 6775 6835
f 6772 6778 6773
f 6773 6779 6776
f 6774 6776 6780
f 6772 6777 6778
f 6773 6778 6779
f 6776 6779 6780
f 6774 6781 6775
f 6774 6780 6781
f 6779 6785 6780
f 6780 6786 6781
f 6775 6781 6840
f 6777 6783 6778
f 6778 6784 6779
f 6778 6783 6784
f 6777 6782 6783
f 6779 6784 6785
f 6780 6785 6786
f 6714 6715 6789
f 6715 6716 6792
f 6715 6792 6789
f 6713 6787 6788
f 6714 6789 6787
f 6787 6790 6788
f 6789 6792 6794
f 6787 6789 6791
f 6787 6791 6790
f 6789 6794 6791
f 6730 6788 6790
f 6790 6791 6797
f 6734 6790 6797
f 6716 6793 6792
f 6792 6793 6795
f 6760 6827 6793
f 6793 6827 6796
f 6793 6796 6795
f 6792 6795 6794
f 6791 6794 6798
f 6794 6795 6799
f 6795 6796 6800
f 6796 6831 6801
f 6791 6798 6797
f 6797 6803 6807
f 6794 6799 6798
f 6795 6800 6799
f 6796 6801 6800
f 6798 6799 6802
f 6799 6800 6804
f 6797 6798 6803
f 6798 6802 6803
f 6800 6801 6805
f 6801 6838 6806
f 6799 6804 6802
f 6800 6805 6804
f 6801 6806 6805
f 6802 6906 6803
f 6804 6805 6905
f 6802 6804 6907
f 6805 6806 6908
f 6802 6907 6906
f 6804 6905 6907
f 6805 6908 6905
f 6806 6843 6909
f 6806 6909 6908
f 6730 6790 6734
f 6734 6810 6735
f 6735 6809 6737
f 6735 6810 6809
f 6734 6807 6810
f 6734 6797 6807
f 6803 6814 6807
f 6736 6811 6808
f 6737 6809 6811
f 6809 6810 6813
f 6809 6812 6811
f 6808 6811 6816
f 6807 6815 6810
f 6811 6812 6816
f 6809 6813 6812
f 6807 6814 6815
f 6810 6815 6813
f 6814 6820 6815
f 6813 6815 6819
f 6808 6816 6853
f 6782 6808 6853
f 6812 6817 6816
f 6812 6813 6818
f 6816 6859 6853
f 6816 6817 6859
f 6815 6820 6819
f 6814 6821 6820
f 6814 6906 6821
f 6803 6906 6814
f 6821 6906 6910
f 6821 6910 6822
f 6813 6819 6818
f 6812 6818 6817
f 6818 6819 6823
f 6819 6820 6824
f 6820 6821 6825
f 6817 6818 6826
f 6818 6823 6826
f 6817 6826 6863
f 6821 6822 6825
f 6820 6825 6824
f 6819 6824 6823
f 6823 6924 6826
f 6824 6825 6921
f 6822 6923 6825
f 6823 6824 6925
f 6823 6925 6924
f 6824 6921 6925
f 6826 6924 6872
f 6756 6828 6827
f 6828 6829 6832
f 6796 6827 6831
f 6827 6828 6831
f 6828 6832 6831
f 6761 6834 6830
f 6829 6830 6833
f 6829 6833 6832
f 6761 6835 6834
f 6830 6834 6833
f 6775 6840 6835
f 6781 6841 6840
f 6801 6831 6838
f 6833 6834 6837
f 6834 6835 6836
f 6831 6832 6838
f 6832 6833 6839
f 6835 6840 6836
f 6834 6836 6837
f 6832 6839 6838
f 6833 6837 6839
f 6836 6844 6837
f 6836 6840 6842
f 6806 6838 6843
f 6838 6839 6843
f 6837 6845 6839
f 6839 6845 6843
f 6836 6842 6844
f 6840 6841 6842
f 6837 6844 6845
f 6843 6845 6846
f 6842 6850 6844
f 6841 6848 6842
f 6844 6847 6845
f 6841 6849 6848
f 6842 6848 6850
f 6843 6846 6909
f 6845 6847 6846
f 6844 6850 6847
f 6847 6850 6936
f 6846 6847 6934
f 6847 6936 6934
f 6848 6935 6850
f 6848 6849 6852
f 6849 6851 6852
f 6848 6852 6935
f 6850 6935 6936
f 6781 6786 6841
f 6786 6849 6841
f 6786 6857 6849
f 6851 6857 6861
f 6782 6854 6783
f 6783 6855 6784
f 6784 6856 6785
f 6783 6854 6855
f 6784 6855 6856
f 6782 6853 6854
f 6853 6858 6854
f 6854 6860 6855
f 6785 6857 6786
f 6785 6856 6857
f 6855 6862 6856
f 6856 6861 6857
f 6854 6858 6860
f 6853 6859 6858
f 6817 6863 6859
f 6858 6859 6864
f 6859 6863 6864
f 6855 6860 6862
f 6856 6862 6861
f 6860 6867 6862
f 6861 6862 6866
f 6858 6865 6860
f 6858 6864 6865
f 6860 6865 6867
f 6862 6867 6866
f 6849 6857 6851
f 6861 6866 6939
f 6826 6872 6863
f 6863 6868 6864
f 6864 6871 6865
f 6866 6867 6870
f 6865 6869 6867
f 6863 6872 6868
f 6864 6868 6871
f 6865 6871 6869
f 6867 6869 6870
f 6872 6924 6875
f 6868 6872 6873
f 6868 6874 6871
f 6869 6871 6877
f 6869 6876 6870
f 6868 6873 6874
f 6869 6877 6876
f 6871 6874 6877
f 6872 6875 6873
f 6851 6861 6939
f 6866 6870 6948
f 6874 7001 6877
f 6876 6877 7002
f 5876 6880 6878
f 6878 6880 7054
f 6878 7055 6879
f 5885 5886 6888
f 6881 6882 6883
f 5885 6885 6882
f 5885 6888 6885
f 6882 6885 6883
f 5884 6881 6880
f 6880 6881 6884
f 6880 6884 7054
f 6881 6883 6884
f 6883 6889 7061
f 6883 7061 6884
f 6889 7063 7061
f 5886 6887 6888
f 5887 6886 6887
f 6885 6888 6890
f 6887 6892 6888
f 6886 6893 6887
f 6883 6885 6889
f 6887 6893 6892
f 6886 6891 6893
f 6885 6890 6889
f 6888 6892 6890
f 6889 6897 7063
f 6892 6893 6894
f 6891 6896 6893
f 6889 6890 6897
f 6890 6892 6898
f 6890 6898 6897
f 6892 6894 6898
f 6891 6895 6896
f 6893 6896 6894
f 6897 6901 7068
f 6897 6898 6901
f 6894 6899 6898
f 6895 6902 6896
f 6894 6896 6900
f 6894 6900 6899
f 6898 6899 6901
f 6896 6902 6900
f 6895 6903 6902
f 6899 7086 6901
f 6902 6903 7089
f 6900 6902 6904
f 6899 6900 7088
f 6899 7088 7086
f 6900 6904 7088
f 6902 7089 6904
f 6903 7087 7089
f 6906 6907 6910
f 6905 6911 6907
f 6907 6911 6910
f 6905 6908 6912
f 6908 6909 6913
f 6905 6912 6911
f 6908 6913 6912
f 6909 6914 6913
f 6911 6912 6915
f 6912 6913 6917
f 6910 6911 6916
f 6913 6914 6918
f 6911 6915 6916
f 6912 6917 6915
f 6914 6919 6918
f 6913 6918 6917
f 6915 6931 6916
f 6918 6919 6945
f 6917 6918 6920
f 6915 6917 6932
f 6915 6932 6931
f 6917 6920 6932
f 6918 6945 6920
f 6822 6910 6916
f 6916 6931 6922
f 6822 6916 6922
f 6822 6922 6923
f 6825 6923 6921
f 6924 6925 6926
f 6921 6928 6925
f 6922 6927 6923
f 6921 6923 6929
f 6923 6927 6929
f 6921 6929 6928
f 6875 6924 6926
f 6925 6928 6926
f 6922 6930 6927
f 6922 6931 6930
f 6927 6992 6929
f 6927 6930 6993
f 6927 6993 6992
f 6930 6933 6993
f 6930 6931 6952
f 6931 6932 6952
f 6930 6952 6933
f 6933 6966 6997
f 6846 6914 6909
f 6846 6934 6914
f 6914 6934 6919
f 6919 6937 6944
f 6919 6934 6937
f 6937 6942 6944
f 6935 6938 6936
f 6934 6936 6937
f 6852 6941 6935
f 6851 6940 6852
f 6852 6940 6941
f 6851 6939 6940
f 6935 6941 6938
f 6936 6938 6937
f 6939 6946 6940
f 6940 6947 6941
f 6937 6938 6942
f 6938 6941 6943
f 6941 6947 6943
f 6938 6943 6942
f 6919 6944 6945
f 6866 6948 6939
f 6870 6949 6948
f 6939 6948 6946
f 6940 6946 6947
f 6943 6947 6956
f 6942 6943 6957
f 6946 6955 6947
f 6946 6948 6958
f 6948 6949 6958
f 6946 6958 6955
f 6876 6959 6949
f 6870 6876 6949
f 6876 7002 6959
f 7002 7005 7116
f 6942 6954 6944
f 6920 6950 6932
f 6920 6945 6951
f 6944 6953 6945
f 6920 6951 6950
f 6932 6950 6952
f 6945 6953 6951
f 6944 6954 6953
f 6950 6951 6965
f 6950 6966 6952
f 6951 6953 6967
f 6953 6954 6969
f 6933 6952 6966
f 6954 6957 6968
f 6943 6956 6957
f 6942 6957 6954
f 6947 6955 6956
f 6949 6961 6958
f 6955 6958 6960
f 6949 6959 6961
f 6956 6962 6957
f 6955 6963 6956
f 6956 6963 6962
f 6958 6961 6960
f 6955 6960 6963
f 6959 7115 6961
f 6957 6962 6968
f 6960 6961 7117
f 6960 7114 6963
f 6962 6963 6964
f 6960 7117 7114
f 6963 7114 6964
f 6959 7002 7116
f 7005 7121 7116
f 7005 7010 7121
f 7010 7023 7123
f 6950 6965 6966
f 6951 6967 6965
f 6953 6969 6967
f 6965 6973 6966
f 6965 6967 6974
f 6954 6968 6969
f 6967 6969 6970
f 6968 6971 6969
f 6969 6971 6970
f 6968 6972 6971
f 6967 6970 6974
f 6965 6974 6973
f 6971 6972 6975
f 6970 6977 6974
f 6973 6974 6979
f 6970 6971 6978
f 6971 6975 6978
f 6970 6978 6977
f 6974 6977 6979
f 6966 6973 6997
f 6973 7017 6997
f 6979 7028 7017
f 6973 6979 7017
f 6979 6980 7028
f 6962 6972 6968
f 6964 6976 6972
f 6962 6964 6972
f 6964 7118 6976
f 6972 6976 6975
f 6976 7118 6983
f 6977 6980 6979
f 6975 6976 6982
f 6977 6978 6981
f 6975 6984 6978
f 6975 6982 6984
f 6976 6983 6982
f 6977 6981 6980
f 6978 6984 6981
f 6982 6983 6986
f 6983 7126 6985
f 6980 6981 6987
f 6981 6984 6988
f 6982 6989 6984
f 6984 6989 6988
f 6983 6985 6986
f 6982 6986 6989
f 6980 6987 7037
f 6981 6988 6987
f 6987 7228 7043
f 6986 7227 6989
f 6987 6988 7228
f 6988 6989 7225
f 6985 7226 6986
f 6986 7226 7227
f 6989 7227 7225
f 6985 7310 7226
f 6873 7000 6874
f 6926 6928 6990
f 6928 6929 6991
f 6928 6991 6990
f 6929 6992 6991
f 6990 6991 7012
f 6991 6992 6995
f 6933 6994 6993
f 6992 6993 6996
f 6991 6995 7012
f 6992 6996 6995
f 6993 6994 6996
f 6933 6997 6994
f 6994 6997 7016
f 6994 7015 6996
f 6875 6926 6998
f 6873 6875 6999
f 6873 6999 7000
f 6875 6998 6999
f 6926 6990 6998
f 6990 7012 7004
f 6990 7004 6998
f 6874 7000 7001
f 6877 7001 7002
f 6999 7006 7000
f 7000 7007 7001
f 6998 7003 6999
f 7000 7006 7007
f 6999 7003 7006
f 7001 7005 7002
f 7001 7007 7005
f 6998 7004 7003
f 7003 7009 7006
f 7006 7011 7007
f 7005 7007 7010
f 7003 7004 7008
f 7003 7008 7009
f 7006 7009 7011
f 7004 7018 7008
f 7007 7011 7010
f 6995 7013 7012
f 7004 7012 7018
f 7012 7013 7018
f 6995 6996 7014
f 6996 7015 7014
f 6995 7014 7013
f 6997 7017 7016
f 6994 7016 7015
f 7013 7014 7029
f 7014 7015 7030
f 7013 7029 7021
f 7008 7018 7019
f 7013 7021 7018
f 7018 7021 7019
f 7009 7022 7011
f 7010 7011 7023
f 7008 7020 7009
f 7008 7019 7020
f 7011 7022 7023
f 7009 7020 7022
f 7019 7021 7025
f 7019 7026 7020
f 7022 7190 7023
f 7020 7027 7022
f 7021 7029 7024
f 7021 7024 7025
f 7020 7026 7027
f 7022 7027 7190
f 7019 7025 7026
f 7024 7194 7025
f 7025 7191 7026
f 7025 7194 7191
f 7024 7040 7194
f 7015 7016 7031
f 7016 7017 7032
f 7017 7028 7032
f 7014 7030 7029
f 7015 7031 7030
f 7016 7032 7031
f 7030 7031 7035
f 7028 7033 7032
f 7031 7032 7036
f 7024 7029 7034
f 7029 7030 7034
f 7030 7035 7034
f 6980 7037 7028
f 7031 7036 7035
f 7032 7033 7036
f 7028 7037 7033
f 7034 7035 7039
f 7033 7037 7042
f 7033 7041 7036
f 7035 7036 7038
f 7035 7038 7039
f 7033 7042 7041
f 7036 7041 7038
f 7024 7034 7040
f 7034 7039 7040
f 7039 7195 7040
f 7039 7048 7195
f 7037 7043 7042
f 6987 7043 7037
f 7041 7042 7046
f 7042 7043 7047
f 7043 7044 7047
f 7043 7228 7044
f 7044 7311 7052
f 7038 7048 7039
f 7038 7041 7045
f 7038 7045 7048
f 7042 7047 7046
f 7041 7046 7045
f 7045 7049 7048
f 7048 7049 7200
f 7045 7046 7050
f 7046 7047 7053
f 7044 7051 7047
f 7046 7053 7050
f 7047 7051 7053
f 7045 7050 7049
f 7044 7052 7051
f 7050 7053 7229
f 7049 7050 7233
f 7051 7230 7053
f 7051 7052 7231
f 7050 7229 7233
f 5917 7160 7159
f 5918 7161 7160
f 5919 7162 7161
f 5920 7163 7162
f 5921 7164 7163
f 5922 7167 7164
f 5923 7170 7167
f 5927 7174 7173
f 7174 7853 9405
f 5924 7171 7170
f 5925 7172 7171
f 5926 7173 7172
f 6128 6879 7056
f 6128 7057 6129
f 6878 7054 7055
f 6879 7055 7056
f 6128 7056 7057
f 6884 7062 7054
f 7054 7058 7055
f 7054 7062 7058
f 6884 7061 7062
f 7055 7059 7056
f 7056 7060 7057
f 7055 7058 7059
f 7056 7059 7060
f 7058 7062 7066
f 7058 7064 7059
f 7061 7067 7062
f 7062 7067 7066
f 7061 7063 7067
f 7059 7065 7060
f 7058 7066 7064
f 7059 7064 7065
f 7063 7072 7067
f 7066 7067 7069
f 7064 7066 7071
f 7064 7070 7065
f 7064 7071 7070
f 7066 7069 7071
f 6897 7068 7063
f 7067 7072 7069
f 7063 7068 7072
f 7069 7076 7071
f 7069 7072 7074
f 7068 7075 7072
f 7072 7075 7074
f 7068 7073 7075
f 6901 7073 7068
f 7073 7086 7082
f 6169 7065 7070
f 7070 7071 7077
f 7069 7074 7076
f 7071 7076 7077
f 7074 7081 7076
f 7076 7078 7077
f 6171 7070 7077
f 7073 7079 7075
f 7074 7075 7080
f 7074 7080 7081
f 7076 7081 7078
f 6177 7077 7078
f 7075 7079 7080
f 7073 7082 7079
f 7079 7082 7095
f 7079 7083 7080
f 7080 7084 7081
f 7079 7095 7083
f 7082 7094 7095
f 7078 7081 7085
f 7080 7083 7084
f 7081 7084 7085
f 6901 7086 7073
f 6466 7087 6903
f 7086 7088 7092
f 6904 7091 7088
f 6904 7089 7093
f 7088 7091 7092
f 7087 7090 7089
f 6904 7093 7091
f 7089 7090 7093
f 7087 7234 7090
f 7082 7086 7092
f 7091 7235 7092
f 7091 7093 7236
f 7092 7235 7094
f 7082 7092 7094
f 7083 7095 7097
f 7094 7098 7095
f 7083 7096 7084
f 7084 7100 7085
f 7084 7096 7100
f 7083 7097 7096
f 7095 7098 7097
f 7094 7099 7098
f 7097 7098 7102
f 7098 7099 7104
f 7094 7235 7099
f 7099 7235 7242
f 7099 7242 7105
f 6183 7078 7085
f 6185 7085 7100
f 6183 7085 6185
f 6185 7100 6488
f 6488 7100 7101
f 7096 7097 7103
f 7096 7101 7100
f 7096 7103 7101
f 7097 7102 7103
f 7098 7104 7102
f 7099 7105 7104
f 7104 7105 7106
f 7102 7109 7103
f 7102 7104 7108
f 7101 7103 7110
f 7102 7108 7109
f 7104 7106 7108
f 7105 7107 7106
f 7101 7110 7257
f 7103 7109 7110
f 7108 7112 7109
f 7109 7113 7110
f 7106 7111 7108
f 7106 7107 7256
f 7106 7256 7111
f 7109 7112 7113
f 7108 7111 7112
f 6488 7101 7257
f 7112 7259 7113
f 6959 7116 7115
f 6961 7115 7117
f 7115 7119 7117
f 7115 7116 7122
f 7114 7117 7120
f 7116 7121 7122
f 7115 7122 7119
f 7010 7123 7121
f 6964 7114 7118
f 7114 7120 7118
f 7117 7119 7120
f 7121 7124 7122
f 7119 7122 7125
f 7121 7123 7124
f 7119 7127 7120
f 7118 7120 7126
f 7122 7124 7125
f 7119 7125 7127
f 7120 7127 7126
f 6983 7118 7126
f 7125 7132 7127
f 7124 7130 7125
f 7126 7127 7128
f 7125 7130 7132
f 7127 7132 7128
f 7023 7131 7123
f 7123 7129 7124
f 7131 7190 7133
f 7123 7131 7129
f 7124 7129 7130
f 7129 7135 7130
f 7129 7131 7134
f 7128 7132 7137
f 7130 7136 7132
f 7130 7135 7136
f 7133 7193 7138
f 7131 7133 7134
f 7129 7134 7135
f 6985 7126 7128
f 7132 7136 7137
f 7128 7137 7310
f 6985 7128 7310
f 7137 7314 7310
f 7137 7142 7314
f 7135 7141 7136
f 7133 7139 7134
f 7134 7140 7135
f 7134 7139 7140
f 7133 7138 7139
f 7136 7142 7137
f 7136 7141 7142
f 7135 7140 7141
f 7139 7146 7140
f 7140 7147 7141
f 7138 7145 7139
f 7138 7143 7145
f 7139 7145 7146
f 7141 7144 7142
f 7142 7144 7317
f 7140 7146 7147
f 7141 7147 7144
f 7143 7151 7145
f 7145 7150 7146
f 7146 7148 7147
f 7145 7151 7150
f 7143 7149 7151
f 7144 7147 7321
f 7146 7150 7148
f 7147 7148 7321
f 7148 7150 7337
f 7149 7335 7151
f 7150 7151 7336
f 7151 7335 7336
f 7149 7334 7335
f 7153 7154 7155
f 7154 7156 7155
f 7155 7156 7181
f 7153 7166 7154
f 7156 7157 7181
f 7154 7166 7156
f 7157 7158 7182
f 7153 7159 7160
f 7153 7160 7166
f 7156 7166 7157
f 7160 7161 7166
f 7161 7162 7166
f 7162 7163 7166
f 7163 7164 7166
f 7157 7166 7158
f 7158 7166 7165
f 7165 7166 7168
f 7164 7167 7166
f 7166 7167 7170
f 7166 7170 7171
f 7166 7169 7168
f 7166 7175 7169
f 7166 7176 7175
f 7166 7171 7180
f 7171 7172 7180
f 7166 7180 7176
f 7174 9405 7180
f 7172 7173 7180
f 7173 7174 7180
f 7176 7177 7188
f 7176 7180 7177
f 7177 7178 7189
f 7178 7179 7189
f 7177 7180 7178
f 7178 7180 7179
f 7152 7153 7155
f 7152 7159 7153
f 7152 7155 7181
f 7152 7181 7182
f 7152 7182 7183
f 7152 7183 7184
f 7157 7182 7181
f 7152 7184 7185
f 7158 7183 7182
f 7152 7185 7186
f 7158 7165 7183
f 7165 7184 7183
f 7165 7168 7184
f 7168 7185 7184
f 7168 7169 7185
f 7169 7186 7185
f 7169 7175 7186
f 7175 7187 7186
f 7152 9435 9427
f 7152 7186 9435
f 7175 7176 7187
f 7176 7188 7187
f 7177 7189 7188
f 7188 7189 9435
f 7186 7187 9435
f 7187 7188 9435
f 7180 9405 9435
f 7179 9435 7189
f 7179 7180 9435
f 7023 7190 7131
f 7026 7192 7027
f 7027 7193 7190
f 7027 7192 7193
f 7026 7191 7192
f 7133 7190 7193
f 7191 7197 7192
f 7192 7199 7193
f 7138 7193 7199
f 7143 7199 7204
f 7191 7194 7198
f 7040 7196 7194
f 7194 7196 7198
f 7191 7198 7197
f 7192 7197 7199
f 7040 7195 7196
f 7195 7202 7196
f 7196 7203 7198
f 7197 7204 7199
f 7197 7198 7201
f 7195 7200 7202
f 7048 7200 7195
f 7198 7203 7201
f 7197 7201 7204
f 7196 7202 7203
f 7201 7203 7205
f 7201 7207 7204
f 7202 7206 7203
f 7200 7208 7202
f 7200 7209 7208
f 7203 7206 7205
f 7201 7205 7207
f 7202 7208 7206
f 7049 7209 7200
f 7208 7209 7214
f 7206 7208 7210
f 7209 7213 7214
f 7209 7233 7213
f 7049 7233 7209
f 7213 7233 7537
f 7213 7537 7218
f 7138 7199 7143
f 7143 7204 7149
f 7149 7204 7207
f 7207 7212 7334
f 7149 7207 7334
f 7205 7212 7207
f 7205 7206 7211
f 7205 7211 7212
f 7208 7214 7210
f 7206 7210 7211
f 7213 7217 7214
f 7210 7214 7219
f 7210 7216 7211
f 7211 7215 7212
f 7210 7219 7216
f 7211 7216 7215
f 7214 7217 7219
f 7213 7218 7217
f 7212 7215 7564
f 7216 7219 7221
f 7215 7216 7222
f 7217 7220 7219
f 7217 7218 7224
f 7217 7224 7220
f 7219 7220 7221
f 7216 7221 7222
f 7218 7223 7224
f 7220 7588 7221
f 7223 7587 7224
f 7220 7224 7589
f 7212 7564 7334
f 7215 7222 7568
f 7221 7591 7222
f 7221 7588 7591
f 7220 7589 7588
f 6988 7225 7228
f 7225 7311 7228
f 7225 7227 7313
f 7044 7228 7311
f 7052 7316 7232
f 7051 7231 7230
f 7053 7230 7229
f 7052 7232 7231
f 7230 7231 7535
f 7231 7232 7539
f 7229 7230 7536
f 6467 7234 7087
f 7090 7234 7238
f 6473 7239 7234
f 7090 7237 7093
f 7091 7236 7235
f 7093 7237 7236
f 7090 7238 7237
f 7234 7239 7238
f 7235 7236 7242
f 7237 7238 7240
f 7238 7239 7241
f 7236 7237 7243
f 7236 7243 7242
f 7237 7240 7243
f 7238 7241 7240
f 7239 7244 7241
f 6481 7244 7239
f 7105 7242 7247
f 7105 7247 7107
f 7240 7248 7243
f 7242 7243 7247
f 7240 7241 7249
f 7241 7244 7245
f 7240 7249 7248
f 7241 7245 7249
f 7244 7246 7245
f 7243 7248 7247
f 7247 7248 7250
f 7248 7249 7251
f 7245 7252 7249
f 7107 7247 7250
f 7248 7251 7250
f 7249 7252 7251
f 6497 7246 7244
f 6481 6497 7244
f 6497 6501 7246
f 6501 7254 7246
f 7245 7246 7253
f 7246 7254 7253
f 7245 7253 7252
f 7252 7253 7264
f 7250 7251 7261
f 7251 7252 7263
f 7251 7263 7261
f 7253 7254 7265
f 7252 7264 7263
f 7253 7265 7264
f 7107 7250 7255
f 7107 7255 7256
f 7111 7256 7270
f 7255 7271 7256
f 7250 7261 7255
f 7255 7261 7273
f 6488 7257 7258
f 6492 7258 7342
f 7257 7340 7258
f 7110 7343 7257
f 7113 7344 7343
f 6492 7341 6493
f 7110 7113 7343
f 7111 7272 7112
f 7111 7270 7272
f 7112 7272 7259
f 7113 7259 7344
f 7259 7276 7351
f 6501 7260 7254
f 7260 7294 7262
f 7254 7262 7265
f 7261 7263 7284
f 7263 7264 7285
f 7264 7265 7286
f 7254 7260 7262
f 7262 7266 7265
f 7264 7286 7285
f 7265 7266 7286
f 7262 7267 7266
f 7262 7294 7267
f 6494 7345 7269
f 6505 7295 6506
f 6506 7294 7260
f 6505 7296 7295
f 6507 7269 7268
f 6508 7268 7296
f 7269 7345 7297
f 7267 7300 7290
f 7255 7273 7271
f 7256 7271 7270
f 7270 7275 7272
f 7259 7272 7276
f 7271 7273 7274
f 7270 7271 7277
f 7272 7275 7276
f 7270 7277 7275
f 7271 7274 7277
f 7273 7279 7274
f 7275 7278 7276
f 7274 7281 7277
f 7275 7277 7280
f 7277 7281 7280
f 7275 7280 7278
f 7273 7284 7279
f 7279 7287 7283
f 7274 7279 7282
f 7274 7282 7281
f 7279 7283 7282
f 7281 7282 7368
f 7282 7283 7370
f 7263 7285 7284
f 7261 7284 7273
f 7279 7284 7287
f 7284 7285 7287
f 7285 7286 7288
f 7266 7289 7286
f 7285 7288 7287
f 7266 7267 7291
f 7286 7289 7288
f 7267 7290 7291
f 7266 7291 7289
f 7283 7287 7292
f 7283 7292 7371
f 7290 7304 7291
f 7289 7291 7303
f 7287 7288 7292
f 7288 7289 7293
f 7288 7293 7292
f 7289 7303 7293
f 7292 7293 7307
f 7292 7307 7371
f 6506 7295 7294
f 7294 7295 7300
f 7295 7296 7301
f 7267 7294 7300
f 7268 7269 7298
f 7268 7299 7296
f 7268 7298 7299
f 7296 7299 7301
f 7295 7301 7300
f 7269 7297 7298
f 7300 7301 7445
f 7298 7441 7299
f 7299 7442 7301
f 7290 7300 7445
f 7290 7445 7302
f 7302 7450 7306
f 7290 7302 7304
f 7291 7304 7303
f 7293 7303 7308
f 7302 7305 7304
f 7303 7304 7309
f 7303 7309 7308
f 7304 7305 7309
f 7302 7306 7305
f 7293 7308 7307
f 7307 7308 7467
f 7308 7309 7464
f 7305 7466 7309
f 7308 7464 7467
f 7309 7466 7464
f 7305 7306 7465
f 7226 7310 7315
f 7226 7312 7227
f 7310 7314 7315
f 7225 7313 7311
f 7227 7312 7313
f 7226 7315 7312
f 7314 7318 7315
f 7142 7317 7314
f 7311 7313 7316
f 7312 7319 7313
f 7312 7315 7320
f 7312 7320 7319
f 7313 7319 7316
f 7315 7318 7320
f 7314 7317 7318
f 7318 7324 7320
f 7316 7319 7325
f 7319 7320 7323
f 7319 7323 7325
f 7317 7326 7318
f 7317 7322 7326
f 7318 7326 7324
f 7320 7324 7323
f 7144 7322 7317
f 7144 7321 7322
f 7321 7327 7322
f 7321 7338 7327
f 7323 7329 7325
f 7322 7331 7326
f 7324 7326 7330
f 7323 7324 7328
f 7326 7331 7330
f 7322 7327 7331
f 7323 7328 7329
f 7324 7330 7328
f 7328 7549 7329
f 7330 7331 7551
f 7328 7330 7550
f 7327 7338 7332
f 7327 7333 7331
f 7327 7332 7333
f 7330 7551 7550
f 7331 7333 7551
f 7148 7338 7321
f 7150 7336 7337
f 7148 7337 7338
f 7335 7566 7336
f 7336 7567 7337
f 7337 7339 7338
f 7336 7566 7567
f 7337 7567 7339
f 7332 7338 7339
f 7257 7343 7340
f 6492 7342 7341
f 7258 7340 7342
f 6493 7341 7345
f 7340 7348 7342
f 7341 7342 7349
f 7340 7343 7347
f 7343 7344 7347
f 7340 7347 7348
f 7341 7346 7345
f 7342 7348 7349
f 7341 7349 7346
f 7259 7351 7344
f 7344 7352 7347
f 7347 7350 7348
f 7348 7355 7349
f 7346 7349 7354
f 7347 7352 7350
f 7348 7350 7355
f 7349 7355 7354
f 7344 7351 7352
f 7351 7356 7352
f 7276 7278 7353
f 7276 7353 7351
f 7278 7360 7353
f 7278 7367 7360
f 7350 7352 7358
f 7351 7353 7356
f 7352 7356 7358
f 7360 7367 7366
f 7297 7345 7346
f 7346 7354 7443
f 7297 7346 7443
f 7354 7447 7443
f 7354 7357 7447
f 7354 7355 7357
f 7350 7359 7355
f 7350 7358 7359
f 7355 7359 7357
f 7356 7362 7358
f 7358 7363 7359
f 7357 7359 7364
f 7353 7361 7356
f 7356 7361 7362
f 7353 7360 7361
f 7358 7362 7363
f 7360 7365 7361
f 7361 7392 7362
f 7361 7365 7392
f 7359 7363 7364
f 7362 7393 7363
f 7363 7394 7364
f 7362 7392 7393
f 7363 7393 7394
f 7357 7364 7452
f 7364 7394 7458
f 7360 7366 7365
f 7366 7373 7398
f 7278 7280 7367
f 7280 7281 7369
f 7281 7368 7369
f 7280 7369 7367
f 7282 7370 7368
f 7367 7369 7373
f 7283 7371 7370
f 7368 7370 7374
f 7368 7372 7369
f 7368 7374 7372
f 7370 7371 7375
f 7370 7375 7374
f 7371 7378 7375
f 7366 7367 7373
f 7369 7372 7373
f 7374 7375 7379
f 7372 7377 7373
f 7372 7374 7376
f 7374 7379 7376
f 7372 7376 7377
f 7307 7378 7371
f 7375 7378 7380
f 7375 7380 7379
f 7378 7381 7380
f 7307 7467 7378
f 7378 7467 7381
f 7381 7468 7386
f 7381 7467 7468
f 7373 7377 7398
f 7379 7380 7384
f 7376 7382 7377
f 7376 7379 7383
f 7379 7384 7383
f 7380 7381 7385
f 7376 7383 7382
f 7377 7382 7399
f 7380 7385 7384
f 7384 7385 7389
f 7381 7386 7385
f 7385 7386 7390
f 7382 7383 7388
f 7383 7384 7387
f 7384 7389 7387
f 7383 7387 7388
f 7387 7420 7388
f 7385 7390 7389
f 7386 7391 7390
f 7389 7390 7422
f 7387 7389 7421
f 7389 7422 7421
f 7390 7391 7423
f 7390 7423 7422
f 7391 7429 7423
f 7386 7474 7391
f 7391 7479 7429
f 7393 7402 7394
f 7365 7366 7395
f 7365 7396 7392
f 7392 7397 7393
f 7365 7395 7396
f 7366 7398 7395
f 7392 7396 7397
f 7393 7397 7402
f 7395 7398 7400
f 7377 7399 7398
f 7395 7401 7396
f 7396 7403 7397
f 7398 7399 7400
f 7395 7400 7401
f 7396 7401 7403
f 7399 7407 7400
f 7400 7405 7401
f 7399 7406 7407
f 7394 7402 7489
f 7397 7404 7402
f 7397 7403 7404
f 7401 7412 7403
f 7403 7413 7404
f 7402 7404 7492
f 7400 7407 7405
f 7401 7405 7412
f 7406 7409 7407
f 7405 7407 7415
f 7406 7408 7409
f 7407 7409 7415
f 7408 7411 7409
f 7408 7410 7411
f 7403 7412 7413
f 7412 7416 7413
f 7405 7414 7412
f 7405 7415 7414
f 7412 7414 7416
f 7409 7417 7415
f 7414 7415 7418
f 7414 7419 7416
f 7414 7418 7419
f 7409 7411 7417
f 7415 7417 7418
f 7382 7406 7399
f 7382 7388 7406
f 7388 7408 7406
f 7388 7420 7408
f 7410 7420 7424
f 7387 7421 7420
f 7422 7423 7426
f 7421 7422 7425
f 7420 7421 7424
f 7421 7425 7424
f 7423 7430 7426
f 7422 7426 7425
f 7424 7425 7427
f 7425 7426 7428
f 7425 7428 7427
f 7426 7432 7428
f 7423 7429 7430
f 7429 7431 7430
f 7426 7430 7432
f 7430 7431 7433
f 7430 7433 7432
f 7431 7434 7433
f 7433 7434 7439
f 7408 7420 7410
f 7410 7424 9902
f 7427 9904 9902
f 7424 7427 9902
f 7427 7428 7435
f 7428 7432 7437
f 7428 7437 7435
f 7435 7437 7436
f 7427 7435 9904
f 7432 7433 7438
f 7432 7438 7437
f 7433 7439 7438
f 7434 7440 7439
f 7437 7438 7528
f 7438 7439 7529
f 7439 7440 7530
f 7436 7437 7528
f 7297 7444 7298
f 7297 7443 7444
f 7299 7441 7442
f 7298 7444 7441
f 7301 7442 7445
f 7443 7446 7444
f 7441 7444 7449
f 7441 7448 7442
f 7443 7447 7446
f 7444 7446 7449
f 7442 7450 7445
f 7442 7448 7450
f 7441 7449 7448
f 7448 7451 7450
f 7446 7453 7449
f 7446 7447 7454
f 7446 7454 7453
f 7448 7449 7455
f 7449 7453 7455
f 7448 7455 7451
f 7302 7445 7450
f 7306 7450 7451
f 7306 7451 7469
f 7451 7460 7469
f 7357 7452 7447
f 7364 7458 7452
f 7394 7489 7458
f 7447 7452 7454
f 7452 7457 7454
f 7453 7454 7459
f 7452 7458 7457
f 7454 7457 7459
f 7453 7456 7455
f 7451 7455 7460
f 7455 7456 7460
f 7453 7459 7456
f 7457 7461 7459
f 7457 7458 7490
f 7460 7463 7470
f 7456 7463 7460
f 7456 7459 7462
f 7458 7489 7490
f 7457 7490 7461
f 7459 7461 7462
f 7456 7462 7463
f 7463 7497 7477
f 7305 7465 7466
f 7306 7469 7465
f 7464 7468 7467
f 7464 7466 7472
f 7464 7472 7468
f 7465 7471 7466
f 7465 7469 7473
f 7469 7470 7473
f 7466 7471 7472
f 7465 7473 7471
f 7460 7470 7469
f 7468 7472 7474
f 7471 7475 7472
f 7471 7473 7478
f 7470 7476 7473
f 7471 7478 7475
f 7473 7476 7478
f 7470 7477 7476
f 7386 7468 7474
f 7472 7475 7474
f 7463 7477 7470
f 7477 7497 7483
f 7391 7474 7479
f 7429 7479 7484
f 7475 7478 7480
f 7474 7475 7479
f 7475 7480 7479
f 7476 7481 7478
f 7476 7477 7482
f 7476 7482 7481
f 7478 7481 7480
f 7477 7483 7482
f 7481 7482 7485
f 7482 7483 7488
f 7479 7480 7484
f 7480 7481 7486
f 7480 7486 7484
f 7481 7485 7486
f 7482 7488 7485
f 7483 7487 7488
f 7402 7492 7489
f 7404 7413 7493
f 7404 7493 7492
f 7489 7491 7490
f 7461 7499 7462
f 7461 7490 7498
f 7489 7492 7491
f 7490 7491 7498
f 7491 7492 7494
f 7492 7493 7494
f 7491 7494 7500
f 7413 7495 7493
f 7413 7416 7495
f 7416 7419 7496
f 7493 7504 7494
f 7493 7495 7504
f 7416 7496 7495
f 7495 7496 7507
f 7462 7497 7463
f 7462 7499 7497
f 7461 7498 7499
f 7491 7500 7498
f 7498 7501 7499
f 7497 7499 7502
f 7498 7500 7501
f 7499 7501 7502
f 7501 7506 7502
f 7494 7503 7500
f 7494 7504 7503
f 7500 7503 7505
f 7500 7505 7501
f 7501 7505 7506
f 7503 7509 7505
f 7505 7510 7506
f 7495 7507 7504
f 7503 7504 7508
f 7504 7507 7508
f 7503 7508 7509
f 7505 7509 7510
f 7507 9952 7508
f 7508 9950 7509
f 7509 9957 7510
f 7429 7484 7431
f 7431 7484 7511
f 7431 7511 7434
f 7434 7513 7440
f 7484 7486 7511
f 7485 7512 7486
f 7486 7512 7511
f 7511 7512 7513
f 7434 7511 7513
f 7440 7513 7521
f 7483 7497 7502
f 7483 7502 7487
f 7487 7502 7506
f 7487 7506 7515
f 7487 7514 7488
f 7485 7488 7516
f 7485 7516 7512
f 7488 7514 7516
f 7487 7515 7514
f 7512 7516 7517
f 7514 7519 7516
f 7512 7517 7513
f 7516 7519 7517
f 7514 7515 7518
f 7515 7520 7518
f 7514 7518 7519
f 7518 7523 7519
f 7513 7517 7521
f 7517 7519 7522
f 7506 7510 7515
f 7510 7520 7515
f 7510 9957 7520
f 7518 7520 7524
f 7520 7525 7524
f 7517 7522 7521
f 7519 7523 7522
f 7518 7524 7523
f 7521 7522 7532
f 7522 7523 7533
f 7523 7524 7534
f 7520 9957 7525
f 7525 9961 7527
f 7524 7525 7526
f 7523 7534 7533
f 7524 7526 7534
f 7525 7527 7526
f 7438 7529 7528
f 7439 7530 7529
f 7440 7531 7530
f 7528 7529 9996
f 7436 7528 9997
f 7529 9998 9996
f 7529 7530 9998
f 7530 7531 9999
f 7530 9999 9998
f 7531 10002 9999
f 7440 7521 7531
f 7531 7532 10002
f 7521 7532 7531
f 7532 10047 10002
f 7522 7533 7532
f 7532 7533 10047
f 7533 7534 10048
f 7526 10046 7534
f 7526 7527 10050
f 7052 7311 7316
f 7232 7316 7325
f 7232 7325 7538
f 7232 7538 7539
f 7229 7537 7233
f 7229 7536 7537
f 7230 7535 7536
f 7231 7539 7535
f 7536 7540 7537
f 7218 7537 7540
f 7535 7541 7536
f 7535 7539 7544
f 7538 7542 7539
f 7535 7544 7541
f 7539 7542 7544
f 7536 7541 7540
f 7538 7543 7542
f 7329 7543 7538
f 7541 7544 7545
f 7540 7541 7554
f 7542 7547 7544
f 7542 7543 7548
f 7541 7545 7554
f 7544 7547 7545
f 7218 7540 7223
f 7223 7540 7554
f 7325 7329 7538
f 7542 7548 7547
f 7543 7546 7548
f 7329 7549 7543
f 7328 7550 7549
f 7550 7551 7583
f 7333 7584 7551
f 7332 7582 7333
f 7549 7550 7552
f 7550 7583 7552
f 7551 7584 7583
f 7546 7549 7552
f 7552 7620 7553
f 7543 7549 7546
f 7547 7548 7557
f 7546 7558 7548
f 7546 7553 7558
f 7546 7552 7553
f 7553 7620 7562
f 7224 7587 7589
f 7223 7590 7587
f 7223 7554 7590
f 7554 7555 7590
f 7555 7594 7590
f 7545 7555 7554
f 7545 7547 7556
f 7545 7556 7555
f 7547 7557 7556
f 7548 7558 7557
f 7555 7556 7559
f 7556 7557 7560
f 7555 7559 7594
f 7553 7563 7558
f 7557 7558 7561
f 7557 7561 7560
f 7558 7563 7561
f 7553 7562 7563
f 7556 7560 7559
f 7560 7561 7610
f 7559 7560 7612
f 7561 7563 7611
f 7562 7639 7563
f 7560 7610 7612
f 7561 7611 7610
f 7563 7639 7611
f 7562 7640 7639
f 7334 7565 7335
f 7215 7568 7564
f 7334 7564 7565
f 7335 7565 7566
f 7564 7572 7565
f 7566 7571 7567
f 7565 7570 7566
f 7565 7572 7570
f 7564 7568 7572
f 7222 7577 7568
f 7339 7567 7569
f 7567 7571 7569
f 7566 7570 7571
f 7339 7569 7581
f 7222 7591 7577
f 7578 7591 7595
f 7570 7574 7571
f 7568 7573 7572
f 7570 7572 7575
f 7568 7577 7573
f 7572 7573 7575
f 7570 7575 7574
f 7569 7571 7576
f 7571 7574 7576
f 7573 7580 7575
f 7574 7575 7586
f 7574 7585 7576
f 7573 7577 7579
f 7575 7580 7586
f 7573 7579 7580
f 7577 7578 7579
f 7578 7664 7579
f 7577 7591 7578
f 7578 7595 7663
f 7595 7598 7663
f 7598 7671 7663
f 7598 7603 7671
f 7332 7339 7581
f 7569 7576 7622
f 7569 7622 7581
f 7332 7581 7582
f 7333 7582 7584
f 7581 7621 7582
f 7582 7623 7584
f 7581 7622 7621
f 7576 7585 7627
f 7574 7586 7585
f 7580 7662 7586
f 7579 7661 7580
f 7579 7664 7661
f 7580 7661 7662
f 7585 7586 7665
f 7586 7662 7665
f 7578 7663 7664
f 7576 7627 7622
f 7585 7629 7627
f 7585 7665 7629
f 7587 7592 7589
f 7587 7590 7593
f 7588 7589 7596
f 7588 7595 7591
f 7588 7596 7595
f 7589 7592 7596
f 7587 7593 7592
f 7590 7594 7593
f 7592 7597 7596
f 7595 7596 7598
f 7592 7593 7599
f 7593 7594 7601
f 7592 7599 7597
f 7596 7597 7598
f 7559 7600 7594
f 7594 7600 7601
f 7593 7601 7599
f 7597 7599 7602
f 7600 7604 7601
f 7599 7601 7605
f 7600 7606 7604
f 7597 7603 7598
f 7599 7605 7602
f 7601 7604 7605
f 7597 7602 7603
f 7604 7606 7613
f 7602 7605 7608
f 7604 7609 7605
f 7602 7607 7603
f 7605 7609 7608
f 7604 7613 7609
f 7603 7607 7672
f 7602 7608 7607
f 7608 7609 7615
f 7607 7608 7687
f 7559 7612 7600
f 7600 7612 7606
f 7610 7641 7612
f 7610 7611 7643
f 7606 7612 7641
f 7614 7641 7647
f 7606 7614 7613
f 7606 7641 7614
f 7613 7614 7617
f 7609 7613 7616
f 7614 7618 7617
f 7609 7616 7615
f 7608 7615 7687
f 7613 7617 7616
f 7614 7647 7618
f 7617 7618 7689
f 7618 7655 7690
f 7552 7583 7620
f 7583 7584 7619
f 7583 7619 7620
f 7584 7623 7619
f 7582 7621 7623
f 7619 7623 7625
f 7621 7622 7628
f 7621 7624 7623
f 7621 7628 7624
f 7622 7627 7628
f 7619 7626 7620
f 7623 7624 7625
f 7619 7625 7626
f 7625 7630 7626
f 7562 7620 7626
f 7562 7626 7640
f 7626 7630 7640
f 7630 7644 7640
f 7627 7633 7628
f 7624 7628 7632
f 7624 7631 7625
f 7627 7629 7633
f 7628 7633 7632
f 7629 7665 7634
f 7625 7631 7630
f 7624 7632 7631
f 7631 7632 7637
f 7630 7631 7636
f 7629 7635 7633
f 7632 7633 7638
f 7633 7635 7638
f 7632 7638 7637
f 7629 7634 7635
f 7631 7637 7636
f 7635 7733 7638
f 7637 7638 7732
f 7636 7637 7735
f 7630 7636 7644
f 7636 7735 7650
f 7611 7639 7642
f 7639 7640 7645
f 7640 7644 7645
f 7610 7643 7641
f 7611 7642 7643
f 7639 7645 7642
f 7641 7643 7647
f 7642 7648 7643
f 7644 7646 7645
f 7642 7645 7649
f 7642 7649 7648
f 7645 7646 7649
f 7644 7650 7646
f 7643 7648 7647
f 7618 7647 7655
f 7647 7648 7655
f 7648 7649 7651
f 7648 7651 7655
f 7636 7650 7644
f 7646 7652 7649
f 7646 7650 7654
f 7646 7654 7652
f 7649 7652 7651
f 7650 7653 7654
f 7650 7735 7653
f 7653 7738 7659
f 7652 7654 7657
f 7653 7660 7654
f 7653 7659 7660
f 7655 7656 7690
f 7651 7656 7655
f 7651 7652 7658
f 7651 7658 7656
f 7652 7657 7658
f 7654 7660 7657
f 7656 7658 7752
f 7657 7751 7658
f 7659 7754 7660
f 7657 7660 7756
f 7661 7664 7666
f 7663 7667 7664
f 7664 7667 7666
f 7663 7671 7667
f 7662 7669 7665
f 7661 7668 7662
f 7661 7666 7668
f 7662 7668 7669
f 7666 7667 7674
f 7666 7675 7668
f 7668 7670 7669
f 7666 7674 7675
f 7634 7665 7669
f 7668 7675 7670
f 7669 7670 7730
f 7603 7672 7671
f 7667 7671 7673
f 7667 7673 7674
f 7671 7672 7673
f 7672 7677 7673
f 7673 7678 7674
f 7607 7676 7672
f 7676 7687 7685
f 7674 7679 7675
f 7670 7675 7680
f 7672 7676 7677
f 7673 7677 7678
f 7674 7678 7679
f 7675 7679 7680
f 7676 7681 7677
f 7677 7682 7678
f 7676 7685 7681
f 7678 7683 7679
f 7679 7684 7680
f 7678 7682 7683
f 7677 7681 7682
f 7681 7714 7682
f 7679 7683 7684
f 7682 7715 7683
f 7683 7712 7684
f 7682 7714 7715
f 7683 7715 7712
f 7681 7685 7713
f 7685 7686 7713
f 7681 7713 7714
f 7607 7687 7676
f 7615 7688 7687
f 7685 7687 7688
f 7615 7616 7691
f 7616 7617 7692
f 7616 7692 7691
f 7615 7691 7688
f 7617 7689 7692
f 7618 7690 7689
f 7691 7692 7693
f 7689 7690 7696
f 7689 7694 7692
f 7688 7691 7695
f 7691 7693 7695
f 7692 7694 7693
f 7689 7696 7694
f 7693 7694 7699
f 7693 7698 7695
f 7690 7697 7696
f 7656 7697 7690
f 7694 7696 7700
f 7696 7697 7701
f 7694 7700 7699
f 7696 7701 7700
f 7697 7703 7701
f 7686 7688 7695
f 7685 7688 7686
f 7695 7698 7718
f 7686 7695 7718
f 7698 7706 7722
f 7693 7699 7698
f 7698 7699 7706
f 7699 7700 7707
f 7700 7701 7702
f 7699 7707 7706
f 7700 7702 7707
f 7701 7704 7702
f 7701 7703 7704
f 7703 7705 7704
f 7706 7707 7708
f 7702 7709 7707
f 7707 7709 7708
f 7702 7704 7710
f 7704 7711 7710
f 7704 7705 7711
f 7705 7753 7711
f 7702 7710 7709
f 7711 7753 7812
f 7713 7716 7714
f 7686 7719 7713
f 7714 7717 7715
f 7712 7715 7772
f 7713 7719 7716
f 7714 7716 7717
f 7715 7717 7772
f 7686 7718 7719
f 7718 7720 7719
f 7718 7722 7720
f 7716 7719 7721
f 7716 7773 7717
f 7716 7721 7773
f 7719 7720 7721
f 7720 7727 7721
f 7698 7722 7718
f 7720 7722 7725
f 7706 7726 7722
f 7708 7728 7726
f 7706 7708 7726
f 7708 7709 7724
f 7709 7710 7723
f 7710 7804 7723
f 7709 7723 7724
f 7710 7711 7804
f 7711 7812 7804
f 7723 7807 7724
f 7708 7724 7728
f 7722 7726 7725
f 7720 7725 7727
f 7725 7726 7729
f 7725 7787 7727
f 7726 7728 7729
f 7724 10234 7728
f 7725 7729 7787
f 7728 10233 7729
f 7728 10234 10233
f 7724 7807 10234
f 7807 7808 10236
f 7807 10236 10234
f 7808 7810 10237
f 7634 7669 7730
f 7634 7731 7635
f 7634 7730 7731
f 7635 7731 7733
f 7638 7733 7732
f 7670 7680 7734
f 7670 7734 7730
f 7637 7732 7735
f 7730 7739 7731
f 7731 7736 7733
f 7653 7735 7738
f 7731 7739 7736
f 7730 7734 7739
f 7680 7684 7742
f 7684 7712 7745
f 7680 7742 7734
f 7684 7745 7742
f 7712 7775 7745
f 7732 7733 7737
f 7732 7738 7735
f 7732 7737 7738
f 7733 7736 7737
f 7736 7739 7741
f 7734 7740 7739
f 7736 7743 7737
f 7737 7744 7738
f 7736 7741 7743
f 7737 7743 7744
f 7659 7738 7744
f 7734 7742 7740
f 7739 7740 7741
f 7740 7747 7741
f 7740 7742 7746
f 7743 7748 7744
f 7741 7749 7743
f 7741 7747 7749
f 7743 7749 7748
f 7742 7745 7746
f 7740 7746 7747
f 7748 7749 7750
f 7745 7776 7746
f 7746 7777 7747
f 7746 7776 7777
f 7747 7780 7749
f 7747 7777 7780
f 7749 7780 7750
f 7656 7752 7697
f 7697 7752 7703
f 7657 7756 7751
f 7660 7754 7756
f 7658 7751 7752
f 7751 7760 7752
f 7703 7752 7760
f 7703 7760 7705
f 7705 7762 7753
f 7753 7769 7811
f 7705 7760 7762
f 7753 7762 7769
f 7769 7826 7811
f 7659 7744 7755
f 7744 7748 7755
f 7748 7759 7755
f 7659 7755 7754
f 7751 7756 7761
f 7754 7757 7756
f 7754 7755 7758
f 7751 7761 7760
f 7756 7757 7761
f 7754 7758 7757
f 7755 7759 7758
f 7757 7758 7765
f 7758 7759 7764
f 7760 7761 7762
f 7757 7763 7761
f 7748 7750 7759
f 7750 7766 7759
f 7750 7781 7766
f 7759 7766 7764
f 7761 7763 7762
f 7757 7765 7763
f 7762 7763 7769
f 7758 7764 7765
f 7763 7765 7770
f 7764 7771 7765
f 7764 7766 7767
f 7763 7770 7769
f 7765 7771 7770
f 7764 7767 7771
f 7766 7768 7767
f 7769 7770 7826
f 7767 7792 7771
f 7770 7771 7827
f 7770 7827 7826
f 7771 7792 7827
f 7766 7781 7768
f 7767 7768 7793
f 7767 7793 7792
f 7712 7772 7775
f 7717 7774 7772
f 7717 7773 7774
f 7772 7778 7775
f 7772 7774 7778
f 7774 7784 7778
f 7721 7785 7773
f 7773 7786 7774
f 7773 7785 7786
f 7774 7786 7784
f 7745 7775 7776
f 7775 7779 7776
f 7776 7782 7777
f 7775 7778 7779
f 7776 7779 7782
f 7778 7795 7779
f 7778 7784 7795
f 7750 7780 7781
f 7777 7783 7780
f 7780 7783 7781
f 7777 7782 7783
f 7779 7796 7782
f 7782 7797 7783
f 7781 7783 7790
f 7779 7795 7796
f 7782 7796 7797
f 7753 7811 7812
f 7721 7727 7785
f 7727 7788 7785
f 7785 7789 7786
f 7727 7787 7788
f 7785 7788 7789
f 7788 10271 7789
f 7729 10269 7787
f 7787 10270 7788
f 7787 10269 10270
f 7729 10233 10269
f 7786 7789 7794
f 7789 10271 10281
f 7768 7781 7790
f 7783 7797 7790
f 7790 7799 7791
f 7768 7790 7791
f 7768 7791 7793
f 7791 7831 7793
f 7791 7799 7832
f 7791 7832 7831
f 7784 7786 7794
f 7784 7800 7795
f 7784 7794 7800
f 7789 10281 7794
f 7794 10281 10283
f 7795 7801 7796
f 7796 7798 7797
f 7790 7797 7799
f 7795 7800 7801
f 7796 7801 7798
f 7797 7798 7799
f 7799 7803 7832
f 7794 10283 7800
f 7800 10284 7801
f 7798 7803 7799
f 7798 7801 7802
f 7800 10283 10284
f 7801 10284 7802
f 7798 7802 7803
f 7803 7835 7832
f 7803 10287 7835
f 7835 10287 7840
f 7723 7804 7805
f 7804 7812 7806
f 7723 7805 7807
f 7804 7806 7805
f 7805 7806 7809
f 7805 7808 7807
f 7805 7809 7808
f 7808 7809 7810
f 7809 7818 7810
f 7810 7818 10325
f 7811 7813 7812
f 7806 7812 7813
f 7811 7814 7813
f 7806 7813 7815
f 7806 7815 7809
f 7813 7816 7815
f 7813 7814 7816
f 7814 7817 7816
f 7811 7826 7814
f 7814 7826 7828
f 7814 7828 7817
f 7816 7817 7820
f 7809 7815 7818
f 7815 7816 7819
f 7815 7819 7818
f 7817 7824 7820
f 7816 7820 7819
f 7818 7819 7821
f 7819 7820 7822
f 7820 7824 7823
f 7818 7821 10325
f 7819 7822 7821
f 7820 7823 7822
f 7823 7824 7825
f 7817 7833 7824
f 7824 7841 7825
f 7826 7827 7828
f 7792 7829 7827
f 7827 7829 7828
f 7817 7828 7833
f 7828 7829 7833
f 7792 7793 7830
f 7792 7830 7829
f 7793 7831 7830
f 7829 7830 7836
f 7831 7832 7834
f 7830 7831 7837
f 7831 7834 7837
f 7832 7835 7834
f 7829 7836 7833
f 7830 7837 7836
f 7824 7833 7841
f 7825 7841 7843
f 7833 7836 7841
f 7836 7837 7842
f 7836 7842 7841
f 7834 7839 7837
f 7834 7835 7838
f 7835 7840 7838
f 7837 7839 7842
f 7834 7838 7839
f 7838 7840 10357
f 7840 10358 10357
f 7841 7842 7843
f 7839 10354 7842
f 7842 10354 7843
f 7838 10355 7839
f 7839 10355 10354
f 7838 10357 10355
f 7844 7845 8416
f 7845 7846 8416
f 7846 7847 8416
f 7847 7849 8416
f 7848 8416 7849
f 7848 7856 8416
f 7858 7859 8281
f 7858 7936 7859
f 7857 7859 7935
f 7858 8284 7937
f 7857 8286 8280
f 7857 8280 7859
f 7970 8276 8286
f 7963 7965 8268
f 7860 7861 8307
f 7860 7966 7861
f 7861 7967 7862
f 47 8959 8958
f 7853 8961 7854
f 7853 8744 8745
f 7853 8745 8746
f 7853 8746 8747
f 7853 8747 8748
f 7853 8748 8749
f 7853 8749 8751
f 7853 8751 8754
f 7853 8754 8755
f 7853 8755 8756
f 7854 8961 7855
f 7851 7855 8961
f 7850 7852 8961
f 7851 8961 7852
f 7850 8961 7856
f 6281 8713 7853
f 7853 8713 8714
f 7853 8714 8715
f 7853 8715 8716
f 7853 8716 8728
f 7853 8728 8729
f 7853 8729 8730
f 7853 8730 8731
f 7853 8731 8744
f 7853 8756 8762
f 7853 8762 8961
f 7869 8758 8759
f 7863 7864 8759
f 7866 8758 7869
f 7863 7865 7864
f 7864 7869 8759
f 7867 7868 7895
f 7867 7894 7871
f 7868 7893 7895
f 7864 7865 7867
f 7864 7871 7869
f 7865 7868 7867
f 7864 7867 7871
f 7866 7869 7870
f 7866 7872 8764
f 7869 7871 7870
f 7866 7870 7872
f 7865 8826 7868
f 7868 8824 7893
f 7893 8824 8831
f 7893 8831 7900
f 7900 8831 8839
f 7873 8839 8840
f 7873 8840 7874
f 7873 7901 8839
f 7873 7874 7875
f 7874 7876 7875
f 7874 8843 7876
f 7877 8843 8844
f 7875 7876 8006
f 7876 8843 7877
f 7877 8844 7878
f 7876 7877 8007
f 7877 7878 8008
f 7878 8847 8011
f 2688 8960 8959
f 7879 7880 8029
f 7879 7881 7889
f 7879 7888 7880
f 7881 7914 7887
f 7883 7908 7909
f 7885 7907 7908
f 7882 7907 7885
f 7882 7886 7910
f 7883 7909 7884
f 7883 7887 7885
f 7883 7884 7889
f 7883 7885 7908
f 7884 7888 7889
f 7883 7889 7887
f 7882 7890 7891
f 7885 7887 7890
f 7879 7889 7888
f 7887 7914 7890
f 7890 7915 7891
f 7881 7887 7889
f 7890 7914 7915
f 7882 7885 7890
f 7882 7891 7886
f 7892 7894 7904
f 7870 7871 7896
f 7893 7899 7895
f 7867 7895 7894
f 7871 7894 7896
f 7870 7896 7897
f 7894 7895 7904
f 7892 7896 7894
f 7892 7898 7896
f 7896 7898 7897
f 7870 7897 7872
f 7897 7898 8873
f 7893 7900 7899
f 7895 7899 7904
f 7873 7909 7901
f 7903 7910 7905
f 7902 7908 7907
f 7901 7909 7908
f 7901 7908 7902
f 7902 7907 7903
f 7899 7903 7904
f 7900 7901 7902
f 7899 7900 7902
f 7899 7902 7903
f 7903 7905 7904
f 7892 7904 7905
f 7892 7906 7898
f 7892 7905 7906
f 7900 8839 7901
f 7903 7907 7910
f 7905 7910 7911
f 7886 7911 7910
f 7882 7910 7907
f 7905 7911 7906
f 7886 8901 7911
f 7886 7891 7917
f 7906 7911 8876
f 7898 7906 8877
f 7911 8901 8876
f 7881 8030 7912
f 7879 8030 7881
f 7881 7912 7914
f 7913 7915 7914
f 7912 7913 7914
f 7891 7915 7916
f 7913 7925 7915
f 7891 7916 7917
f 7915 7925 7916
f 7886 7917 8901
f 7917 7921 8901
f 7921 8902 8901
f 7917 7918 7921
f 7916 7918 7917
f 7918 7919 7921
f 7919 7922 7921
f 7921 7922 8902
f 7920 7923 7922
f 7923 7924 8906
f 7919 7920 7922
f 7920 7924 7923
f 7916 7925 7926
f 7916 7926 7918
f 7918 7926 7927
f 7919 7927 8041
f 7918 7927 7919
f 7919 8041 7920
f 7920 8041 8042
f 7920 8042 7924
f 7929 7931 7941
f 7930 7931 7958
f 7931 7959 7958
f 7929 7957 7959
f 7932 7960 7957
f 7933 7961 7960
f 7929 7959 7931
f 7929 7932 7957
f 7932 7933 7960
f 7929 7941 7942
f 7928 7932 7942
f 7929 7942 7932
f 7928 7933 7932
f 7857 7935 7978
f 7936 7937 7940
f 7937 8284 7938
f 7938 8285 7939
f 7937 7938 7941
f 7859 7936 7935
f 7858 7937 7936
f 7934 7936 7940
f 7937 7941 7940
f 7938 7942 7941
f 7934 7935 7936
f 7938 7939 7942
f 7928 7942 7939
f 7931 7940 7941
f 7930 7934 7940
f 7930 7940 7931
f 7934 7984 7935
f 7945 7962 7949
f 7952 7962 7956
f 7943 7959 7944
f 7944 7945 7950
f 7943 7944 7951
f 7946 8029 7947
f 7947 8031 7948
f 7946 7954 8030
f 7947 7948 7950
f 7944 7950 7951
f 7947 7950 7949
f 7948 7951 7950
f 7946 7949 7952
f 7945 7949 7950
f 7949 7962 7952
f 7952 7956 7953
f 7952 7953 7954
f 7946 7952 7954
f 7953 7955 7954
f 7946 7947 7949
f 7930 7958 8046
f 7943 7951 7999
f 7958 8022 8046
f 7943 8022 7958
f 7930 8046 7981
f 7944 7957 7945
f 7945 7960 7962
f 7943 7958 7959
f 7944 7959 7957
f 7960 7961 7962
f 7945 7957 7960
f 7956 7962 7961
f 7933 8358 7961
f 7956 7961 8357
f 7953 7956 8399
f 7956 8357 8399
f 7930 7981 7934
f 7857 7991 8286
f 7963 8276 7970
f 7970 8286 7991
f 7857 7978 7991
f 7964 7966 7965
f 7963 7964 7965
f 7964 7974 7966
f 7967 7974 7975
f 7860 7965 7966
f 7861 7966 7967
f 7862 7968 8312
f 7862 7967 7968
f 7968 7969 8312
f 7966 7974 7967
f 7967 7975 7968
f 7968 7976 7969
f 7963 7970 7971
f 7964 7971 7972
f 7970 7991 7992
f 7970 7992 7971
f 7971 7993 7972
f 7972 7994 7973
f 7963 7971 7964
f 7964 7972 7974
f 7973 7975 7974
f 7975 7977 7976
f 7972 7973 7974
f 7973 7977 7975
f 7968 7975 7976
f 7934 7981 7984
f 7978 7985 7979
f 7981 8047 7982
f 7982 7985 7984
f 7978 7984 7985
f 7979 7985 7986
f 7979 7986 7980
f 7980 7987 7989
f 7980 7986 7987
f 7987 7988 7989
f 7981 7982 7984
f 7982 7983 7985
f 7983 7986 7985
f 7986 8051 7987
f 7983 8051 7986
f 7987 8051 8052
f 7987 8052 7988
f 7935 7984 7978
f 7979 7992 7991
f 7978 7979 7991
f 7979 7980 7992
f 7980 7989 7993
f 7988 7990 7989
f 7980 7993 7992
f 7971 7992 7993
f 7972 7993 7994
f 7973 7995 7977
f 7973 7994 7995
f 7989 7994 7993
f 7990 7995 7994
f 7989 7990 7994
f 7977 7995 8387
f 7990 8408 7995
f 7995 8408 8387
f 7948 8031 8015
f 7880 7888 8000
f 7880 8002 8031
f 7951 7996 7999
f 8002 8015 8031
f 7996 8015 8016
f 7996 7997 7999
f 7997 7998 8025
f 7996 8016 7997
f 7997 8017 7998
f 7998 8019 8026
f 7948 8015 7996
f 7997 8025 7999
f 7875 8006 7884
f 7875 7884 7909
f 7888 8006 8000
f 7873 7875 7909
f 8000 8007 8001
f 8000 8001 8002
f 8001 8003 8002
f 8001 8009 8003
f 8002 8003 8015
f 8003 8004 8016
f 8003 8016 8015
f 8004 8017 8016
f 8003 8009 8004
f 8004 8010 8005
f 8004 8005 8017
f 8005 8014 8018
f 8000 8006 8007
f 7876 8007 8006
f 7877 8008 8007
f 8001 8007 8008
f 8001 8008 8009
f 8008 8011 8009
f 8009 8011 8010
f 8010 8012 8013
f 7878 8011 8008
f 8011 8847 8012
f 8010 8011 8012
f 8004 8009 8010
f 8005 8010 8013
f 8013 8909 8014
f 8005 8013 8014
f 7884 8006 7888
f 7880 8000 8002
f 7997 8016 8017
f 7998 8017 8018
f 8018 8021 8019
f 7998 8018 8019
f 8019 8021 8020
f 8005 8018 8017
f 8014 8021 8018
f 8014 8916 8021
f 8020 8021 8908
f 8020 8908 8933
f 8022 8025 8023
f 7999 8025 8022
f 8023 8025 8026
f 8023 8026 8024
f 8024 8027 8053
f 8024 8026 8027
f 8028 8054 8053
f 7998 8026 8025
f 8019 8027 8026
f 8019 8020 8027
f 8020 8028 8027
f 8027 8028 8053
f 8020 8933 8028
f 7947 8029 8031
f 7880 8031 8029
f 7879 8029 8030
f 7946 8030 8029
f 7912 8030 7954
f 7912 7955 7913
f 7948 7996 7951
f 7912 7954 7955
f 7913 7955 8032
f 7943 7999 8022
f 7953 8033 7955
f 7955 8033 8032
f 7953 8399 8033
f 8033 8399 8400
f 7913 8032 7925
f 8032 8033 8034
f 8033 8400 8034
f 8034 8405 8035
f 8035 8406 8037
f 8032 8034 8036
f 8035 8043 8036
f 8034 8035 8036
f 8035 8037 8043
f 8037 8407 8038
f 8037 8038 8044
f 8038 8407 8071
f 8055 8069 8404
f 7924 8042 8937
f 8063 8933 8934
f 8042 8940 8937
f 8039 8065 8941
f 8039 8940 8040
f 7925 8032 8036
f 7926 8036 8043
f 7925 8036 7926
f 7926 8043 7927
f 7927 8043 8044
f 7927 8044 8041
f 8041 8044 8045
f 8041 8045 8042
f 8038 8040 8045
f 8037 8044 8043
f 8038 8045 8044
f 8042 8045 8940
f 8038 8071 8040
f 8069 8071 8407
f 8040 8940 8045
f 8023 8047 8046
f 7981 8046 8047
f 7982 8047 8048
f 7983 8048 8049
f 8022 8023 8046
f 8023 8024 8047
f 8024 8048 8047
f 8024 8053 8048
f 8048 8053 8049
f 8049 8054 8050
f 7982 8048 7983
f 7983 8049 8051
f 8050 8052 8051
f 8049 8050 8051
f 8049 8053 8054
f 8050 8054 8062
f 8050 8066 8052
f 7988 8057 7990
f 7988 8052 8059
f 7988 8059 8057
f 7990 8057 8408
f 8052 8066 8059
f 8057 8060 8058
f 8057 8059 8060
f 8058 8060 8061
f 8055 8415 8056
f 8056 8414 8061
f 8058 8061 8414
f 8056 8415 8414
f 8028 8063 8054
f 8050 8062 8066
f 8054 8063 8062
f 8028 8933 8063
f 8062 8063 8064
f 8062 8064 8074
f 8063 8934 8064
f 8064 8935 8065
f 8064 8065 8074
f 8039 8040 8073
f 8039 8072 8065
f 8059 8066 8067
f 8066 8074 8067
f 8062 8074 8066
f 8067 8074 8072
f 8069 8070 8071
f 8070 8073 8071
f 8067 8072 8068
f 8068 8072 8073
f 8068 8073 8070
f 8055 8056 8069
f 8056 8061 8070
f 8060 8067 8068
f 8061 8068 8070
f 8056 8070 8069
f 8059 8067 8060
f 8060 8068 8061
f 8040 8071 8073
f 8039 8073 8072
f 8065 8072 8074
f 7844 9397 7845
f 7845 9398 7846
f 7846 9399 7847
f 7847 9401 7849
f 7848 7849 9400
f 7851 9407 7855
f 7851 7852 9403
f 7850 9404 7852
f 7853 7854 9405
f 7854 7855 9406
f 7848 9408 7856
f 7850 7856 9402
f 8077 8081 9189
f 8081 8082 9189
f 8078 8088 8079
f 8079 8089 8080
f 8078 8087 8088
f 8075 8079 8080
f 8076 8078 8079
f 8075 8076 8079
f 8075 8080 8077
f 8077 8080 8081
f 8083 8088 8087
f 8083 8084 8088
f 8083 8087 8135
f 8084 8085 8089
f 8084 8139 8085
f 8085 8140 8086
f 8080 8089 8090
f 8080 8090 8081
f 8081 8090 8091
f 8079 8088 8089
f 8084 8089 8088
f 8085 8090 8089
f 8085 8086 8090
f 8086 8091 8090
f 8081 8091 8082
f 8086 9218 8091
f 8086 8140 9256
f 8095 8631 8630
f 8094 8631 8096
f 8092 8095 8630
f 8095 8096 8631
f 8097 8110 8098
f 8108 8109 8160
f 8097 8158 8109
f 8098 8099 8176
f 8097 8098 8159
f 8098 8111 8099
f 8099 8111 8681
f 8101 8106 8107
f 8100 8107 8105
f 8096 8103 8188
f 8092 8101 8100
f 8095 8103 8096
f 8095 8100 8103
f 8092 8100 8095
f 8092 8093 8101
f 8093 8629 8102
f 8093 8102 8101
f 8102 8629 8104
f 8101 8102 8106
f 8102 8104 8110
f 8102 8110 8106
f 8104 8111 8110
f 8100 8101 8107
f 8100 8105 8103
f 8107 8109 8108
f 8106 8109 8107
f 8097 8109 8106
f 8105 8107 8108
f 8097 8106 8110
f 8098 8110 8111
f 8103 8105 8190
f 8094 8123 8626
f 8116 8118 8592
f 8112 8113 8653
f 8112 8118 8119
f 8112 8119 8113
f 8113 8120 8114
f 8094 8115 8123
f 8094 8096 8115
f 8116 8626 8123
f 8096 8188 8115
f 8117 8119 8118
f 8113 8119 8120
f 8114 8121 8655
f 8114 8120 8121
f 8121 8122 8655
f 8116 8117 8118
f 8119 8128 8120
f 8120 8129 8121
f 8117 8128 8119
f 8120 8128 8129
f 8121 8130 8122
f 8116 8123 8124
f 8116 8124 8117
f 8117 8125 8128
f 8117 8124 8125
f 8126 8129 8128
f 8125 8126 8128
f 8123 8201 8124
f 8115 8201 8123
f 8124 8201 8202
f 8124 8202 8125
f 8125 8203 8126
f 8126 8127 8129
f 8121 8129 8130
f 8127 8130 8129
f 8136 8172 8170
f 8138 8170 8171
f 8078 9132 8087
f 8087 9131 8135
f 8133 9224 8134
f 8133 8136 9223
f 8135 9131 9223
f 8131 8133 8134
f 8132 8134 9228
f 8141 9228 9229
f 8131 8134 8132
f 8132 9228 8141
f 8141 9229 8142
f 8133 8172 8136
f 8135 8136 8138
f 8083 8138 8137
f 8084 8137 8139
f 8136 8170 8138
f 8137 8138 8171
f 8137 8169 8139
f 8083 8135 8138
f 8083 8137 8084
f 8085 8139 8140
f 8131 8174 8172
f 8135 9223 8136
f 8131 8172 8133
f 8143 8146 8162
f 8131 8143 8174
f 8131 8132 8143
f 8144 8145 8193
f 8143 8152 8146
f 8147 8152 8153
f 8146 8152 8147
f 8147 8153 8148
f 8144 8146 8147
f 8144 8147 8145
f 8145 8148 8150
f 8145 8147 8148
f 8148 8149 8150
f 8149 8151 8150
f 8149 8157 8151
f 8151 8157 8207
f 8145 8150 8194
f 8132 8152 8143
f 8132 8141 8152
f 8141 8153 8152
f 8142 8154 8153
f 8148 8153 8154
f 8149 8154 8156
f 8141 8142 8153
f 8142 8155 8154
f 8154 8155 8156
f 8148 8154 8149
f 8149 8156 8157
f 8161 8174 8162
f 8159 8176 8163
f 8164 8176 8177
f 8109 8158 8160
f 8158 8162 8160
f 8158 8159 8161
f 8158 8161 8162
f 8159 8163 8161
f 8161 8163 8166
f 8163 8164 8167
f 8163 8176 8164
f 8164 8177 8165
f 8166 8172 8174
f 8166 8167 8170
f 8167 8168 8171
f 8137 8171 8169
f 8167 8171 8170
f 8166 8170 8172
f 8168 8169 8171
f 8168 8175 8169
f 8169 8175 8173
f 8161 8166 8174
f 8163 8167 8166
f 8164 8168 8167
f 8165 8175 8168
f 8164 8165 8168
f 8108 8160 8144
f 8105 8108 8193
f 8146 8160 8162
f 8143 8162 8174
f 8144 8160 8146
f 8097 8159 8158
f 8098 8176 8159
f 8099 8177 8176
f 8099 8675 8177
f 8165 8179 8175
f 8165 8177 8178
f 8177 8675 8178
f 8139 8169 8173
f 8139 8173 8140
f 8140 8173 9255
f 8173 8175 8180
f 8173 8180 9255
f 8140 9255 9256
f 8175 8179 8180
f 8165 8178 8179
f 8178 8688 8179
f 8179 8688 8184
f 8184 8688 8690
f 8184 8690 8185
f 8185 8690 8691
f 8186 8691 8692
f 8180 8184 8181
f 8180 8181 9255
f 8181 9261 9255
f 8181 8182 9261
f 8179 8184 8180
f 8181 8184 8185
f 8181 8185 8182
f 8182 8186 8183
f 8182 8185 8186
f 8185 8691 8186
f 8186 8692 8187
f 8183 8186 8187
f 8183 8187 9263
f 8692 8693 9285
f 8187 8692 9279
f 8692 9285 9279
f 8103 8190 8188
f 8105 8193 8190
f 8188 8190 8191
f 8188 8191 8189
f 8189 8192 8198
f 8108 8144 8193
f 8190 8194 8191
f 8190 8193 8194
f 8191 8195 8192
f 8145 8194 8193
f 8150 8195 8194
f 8191 8194 8195
f 8192 8195 8205
f 8192 8205 8196
f 8196 8205 8206
f 8196 8206 8197
f 8189 8191 8192
f 8192 8196 8198
f 8196 8199 8198
f 8196 8197 8199
f 8197 8200 8199
f 8115 8189 8201
f 8115 8188 8189
f 8198 8202 8201
f 8189 8198 8201
f 8198 8199 8202
f 8199 8203 8202
f 8199 8200 8203
f 8125 8202 8203
f 8126 8203 8204
f 8126 8204 8127
f 8200 8204 8203
f 8127 8698 8130
f 8127 8204 8708
f 8200 8214 8204
f 8204 8214 8708
f 8150 8151 8195
f 8151 8205 8195
f 8151 8207 8205
f 8205 8207 8206
f 8197 8206 8208
f 8157 9274 8207
f 8206 8207 9267
f 8206 9267 8208
f 8197 8210 8200
f 8200 8210 8214
f 8197 8208 8210
f 8209 8215 8214
f 8209 9282 9283
f 8211 9283 9284
f 8209 8210 9282
f 8208 9282 8210
f 8212 9285 8693
f 8209 8214 8210
f 8211 8213 8705
f 8209 8211 8215
f 8212 8706 8213
f 8211 8705 8215
f 8213 8706 8705
f 8212 8213 9285
f 8211 9284 8213
f 8213 9284 9285
f 8209 9283 8211
f 8214 8215 8708
f 7844 8416 8338
f 8218 8221 8222
f 8216 8221 8218
f 8217 8218 8222
f 8226 8241 8229
f 8216 8218 8230
f 8216 8231 8224
f 8217 8228 8218
f 8217 8226 8229
f 8218 8228 8230
f 8216 8230 8231
f 8217 8229 8228
f 3825 3831 8221
f 3825 8220 3826
f 3826 8220 8223
f 3831 8222 8221
f 3825 8221 8220
f 3826 8223 8219
f 8216 8220 8221
f 8220 8224 8223
f 3827 8219 8446
f 8216 8224 8220
f 8219 8223 8450
f 8217 8222 8225
f 8225 8242 8226
f 8217 8225 8226
f 8226 8244 8241
f 8226 8242 8244
f 3831 3832 8222
f 3832 8225 8222
f 3832 8248 8225
f 8225 8248 8242
f 8227 8237 8234
f 8228 8232 8230
f 8228 8229 8235
f 8229 8241 8234
f 8227 8234 8241
f 8230 8233 8231
f 8230 8232 8233
f 8229 8234 8235
f 8228 8235 8232
f 8235 8236 8240
f 8234 8236 8235
f 8234 8237 8236
f 8227 8238 8237
f 8236 8237 8298
f 8239 8240 8300
f 8236 8301 8240
f 8236 8298 8301
f 8237 8299 8298
f 8238 8302 8299
f 8237 8238 8299
f 8232 8235 8240
f 8232 8239 8233
f 8232 8240 8239
f 8224 8231 8482
f 8223 8224 8484
f 8231 8233 8489
f 8224 8482 8484
f 8227 8241 8256
f 8241 8244 8256
f 8227 8256 8262
f 8227 8262 8238
f 8238 8315 8302
f 8238 8262 8315
f 8242 8243 8244
f 8243 8253 8245
f 8243 8245 8244
f 8245 8253 8246
f 8246 8253 8254
f 8246 8254 8247
f 8247 8255 8260
f 8242 8248 8249
f 8243 8249 8250
f 8242 8249 8243
f 8243 8250 8253
f 8250 8251 8253
f 8251 8254 8253
f 8251 8252 8254
f 8252 8255 8254
f 3852 8470 8252
f 8247 8254 8255
f 8252 8471 8255
f 8245 8257 8256
f 8246 8258 8257
f 8244 8245 8256
f 8245 8246 8257
f 8246 8247 8258
f 8247 8259 8258
f 8256 8257 8262
f 8257 8258 8263
f 8247 8260 8259
f 8259 8260 8261
f 8262 8263 8315
f 8263 8264 8316
f 8264 8265 8317
f 8257 8263 8262
f 8258 8264 8263
f 8258 8259 8264
f 8259 8261 8265
f 8259 8265 8264
f 8261 8266 8265
f 8265 8266 8318
f 8255 8476 8260
f 8260 8509 8261
f 8270 8271 8304
f 8269 8303 8271
f 8269 8271 8275
f 8268 8269 8276
f 8270 8277 8271
f 8270 8272 8278
f 8271 8303 8304
f 8267 8270 8304
f 8267 8272 8270
f 8267 8273 8272
f 8269 8275 8276
f 8270 8278 8277
f 8272 8279 8278
f 8271 8277 8275
f 8277 8281 8280
f 8278 8282 8281
f 8275 8277 8280
f 8277 8278 8281
f 8275 8280 8286
f 8275 8286 8276
f 8278 8279 8282
f 8279 8283 8282
f 8272 8287 8279
f 8279 8290 8283
f 7858 8281 8282
f 8282 8283 8284
f 7858 8282 8284
f 8283 8285 8284
f 7938 8284 8285
f 7859 8280 8281
f 8283 8343 8285
f 8272 8273 8287
f 8279 8287 8290
f 8273 8274 8287
f 8274 8288 8287
f 8274 8324 8288
f 8289 8324 8325
f 8287 8288 8290
f 8288 8324 8289
f 8289 8325 8291
f 8291 8326 8292
f 8283 8290 8343
f 8288 8293 8290
f 8289 8294 8293
f 8288 8289 8293
f 8289 8291 8294
f 8291 8292 8295
f 8290 8293 8343
f 8293 8294 8344
f 8294 8295 8345
f 8291 8295 8294
f 8292 8296 8295
f 8297 8305 8301
f 8239 8300 8307
f 8297 8301 8298
f 8298 8299 8303
f 8299 8302 8304
f 8240 8301 8300
f 8299 8304 8303
f 8297 8298 8303
f 8267 8304 8302
f 8300 8301 8305
f 8268 8305 8297
f 8269 8297 8303
f 8268 8297 8269
f 7860 8300 8305
f 8233 8498 8489
f 8233 8239 8498
f 8231 8489 8482
f 8239 8307 8498
f 8267 8302 8306
f 8302 8315 8306
f 8267 8306 8273
f 8273 8306 8320
f 8273 8320 8274
f 7963 8268 8276
f 7965 8305 8268
f 7860 8307 8300
f 7860 8305 7965
f 8308 8499 8498
f 8307 8308 8498
f 8308 8309 8499
f 7861 8308 8307
f 7862 8309 8308
f 7861 7862 8308
f 8309 8312 8310
f 7862 8312 8309
f 8310 8312 8313
f 8310 8313 8311
f 8292 8326 8377
f 8314 8376 8323
f 8326 8376 8377
f 8373 8375 8507
f 8314 8508 8376
f 8374 8508 8506
f 8374 8376 8508
f 8374 8506 8375
f 8263 8316 8315
f 8264 8317 8316
f 8265 8318 8317
f 8266 8319 8318
f 8306 8316 8320
f 8317 8321 8320
f 8306 8315 8316
f 8316 8317 8320
f 8317 8318 8321
f 8318 8319 8322
f 8274 8320 8321
f 8318 8322 8321
f 8319 8323 8322
f 8321 8322 8324
f 8322 8323 8325
f 8274 8321 8324
f 8322 8325 8324
f 8323 8326 8325
f 8314 8323 8319
f 8261 8518 8266
f 8266 8522 8319
f 8261 8509 8518
f 8266 8518 8522
f 8291 8325 8326
f 8323 8376 8326
f 8314 8319 8522
f 3759 8332 8419
f 3859 8327 8332
f 8327 8329 8332
f 8328 8335 8330
f 8328 8331 8333
f 8328 8333 8335
f 8329 8330 8337
f 8329 8336 8332
f 8332 8334 8333
f 8333 8334 8335
f 3757 8419 8423
f 8334 8340 8335
f 8331 8420 8333
f 8331 8338 8426
f 8332 8336 8334
f 8330 8335 8337
f 8329 8337 8336
f 8335 8340 8337
f 3757 8423 8427
f 3756 8427 9286
f 8338 8416 8426
f 8332 8333 8419
f 8334 8339 8340
f 8334 8336 8341
f 8336 8337 8342
f 8334 8341 8339
f 8337 8340 8342
f 8336 8342 8341
f 8339 8418 8340
f 8333 8420 8419
f 8340 8418 8342
f 8339 8417 8418
f 8339 8421 8417
f 8331 8426 8420
f 8339 8341 8421
f 8341 8342 8422
f 7856 9300 8416
f 3752 9294 9295
f 3752 9295 9290
f 3752 8962 8960
f 3752 9290 8962
f 7928 8355 7933
f 7939 8285 8348
f 8285 8343 8348
f 7928 7939 8352
f 7939 8348 8352
f 7928 8352 8355
f 8343 8344 8348
f 8344 8345 8349
f 8344 8349 8348
f 8345 8346 8350
f 8345 8350 8349
f 8293 8344 8343
f 8294 8345 8344
f 8295 8296 8346
f 8295 8346 8345
f 8296 8347 8346
f 8346 8347 8351
f 8348 8349 8352
f 8349 8350 8353
f 8346 8351 8350
f 8347 8354 8351
f 8349 8353 8352
f 8350 8366 8353
f 8351 8367 8366
f 8350 8351 8366
f 8351 8354 8367
f 8354 8368 8367
f 7933 8355 8358
f 8355 8356 8358
f 8356 8363 8359
f 7961 8358 8357
f 8357 8358 8359
f 8357 8359 8401
f 8360 8402 8401
f 8356 8359 8358
f 8359 8363 8360
f 8360 8363 8364
f 8360 8364 8361
f 8361 8365 8362
f 8359 8360 8401
f 8360 8361 8402
f 8361 8362 8403
f 8352 8353 8355
f 8353 8356 8355
f 8356 8366 8363
f 8361 8364 8365
f 8365 8368 8411
f 8362 8365 8413
f 8353 8366 8356
f 8363 8366 8367
f 8364 8367 8368
f 8363 8367 8364
f 8364 8368 8365
f 8354 8384 8368
f 7969 8313 8312
f 7969 8380 8313
f 8311 8313 8370
f 8313 8380 8370
f 7969 7976 8385
f 7969 8385 8380
f 8292 8379 8296
f 8347 8390 8354
f 8296 8379 8397
f 8296 8397 8347
f 8311 8370 8372
f 8370 8371 8372
f 8292 8377 8379
f 8369 8375 8373
f 8371 8373 8372
f 8374 8377 8376
f 8374 8375 8378
f 8374 8378 8377
f 8369 8373 8371
f 8369 8378 8375
f 8379 8383 8397
f 8382 8398 8383
f 8370 8380 8381
f 8370 8381 8371
f 8369 8371 8382
f 8369 8383 8378
f 8371 8381 8382
f 8378 8383 8379
f 8369 8382 8383
f 8380 8386 8381
f 8381 8396 8382
f 8377 8378 8379
f 8368 8384 8411
f 7976 7977 8388
f 7976 8388 8385
f 7977 8387 8388
f 8390 8398 8391
f 8386 8389 8396
f 8385 8392 8386
f 8385 8388 8392
f 8386 8392 8389
f 8389 8391 8396
f 8388 8393 8392
f 8389 8392 8394
f 8384 8390 8391
f 8389 8395 8391
f 8387 8393 8388
f 8392 8393 8394
f 8384 8391 8395
f 8389 8394 8395
f 8354 8390 8384
f 8347 8397 8390
f 8381 8386 8396
f 8382 8396 8398
f 8383 8398 8397
f 8390 8397 8398
f 8391 8398 8396
f 8380 8385 8386
f 8034 8400 8405
f 8357 8401 8399
f 8399 8401 8400
f 8400 8401 8402
f 8402 8403 8405
f 8400 8402 8405
f 8403 8406 8405
f 8403 8404 8406
f 8404 8407 8406
f 8361 8403 8402
f 8362 8404 8403
f 8035 8405 8406
f 8037 8406 8407
f 8055 8404 8362
f 8055 8362 8413
f 8069 8407 8404
f 8393 8409 8410
f 8395 8412 8411
f 8394 8410 8412
f 8409 8414 8410
f 8058 8409 8408
f 8411 8412 8413
f 8410 8415 8412
f 8365 8411 8413
f 8384 8395 8411
f 8394 8412 8395
f 8412 8415 8413
f 8055 8413 8415
f 8057 8058 8408
f 8058 8414 8409
f 8410 8414 8415
f 8387 8409 8393
f 8393 8410 8394
f 8387 8408 8409
f 3756 9286 9294
f 8423 8424 8427
f 8417 8419 8418
f 8418 8419 8420
f 8418 8420 8422
f 8342 8418 8422
f 8341 8422 8421
f 8417 8431 8419
f 8419 8431 8423
f 8420 8425 8432
f 8420 8426 8425
f 8417 8421 8431
f 8420 8432 8422
f 8423 8431 8424
f 8421 8432 8431
f 8421 8422 8432
f 8425 8426 8428
f 8427 8429 8428
f 8425 8428 8430
f 8426 9287 8428
f 8429 9302 8430
f 8427 8428 9286
f 8429 9301 9302
f 8416 9297 8426
f 8428 8429 8430
f 8427 8433 8429
f 8430 9302 8434
f 8429 8433 9303
f 8433 8434 9304
f 8424 8431 8427
f 8425 8430 8432
f 8427 8431 8433
f 8430 8434 8432
f 8431 8432 8434
f 8431 8434 8433
f 3822 8441 8438
f 3827 8446 8441
f 4067 8435 8436
f 4068 8436 8437
f 8435 8439 8436
f 8436 8440 8437
f 4067 8436 4068
f 4068 8437 4074
f 8435 8438 8439
f 8436 8439 8440
f 8437 8440 8444
f 8438 8455 8439
f 8439 8456 8440
f 8440 8457 8444
f 8438 8441 8455
f 8439 8455 8456
f 8440 8456 8457
f 8437 8444 8442
f 8442 8445 8443
f 4074 8442 4075
f 4075 8443 4076
f 4074 8437 8442
f 4075 8442 8443
f 4076 8443 8460
f 8442 8444 8445
f 8444 8457 8459
f 8444 8459 8445
f 8443 8445 8466
f 8445 8478 8466
f 8219 8450 8446
f 8223 8484 8450
f 8441 8446 8447
f 8447 8448 8455
f 8446 8451 8447
f 8446 8450 8451
f 8447 8452 8448
f 8448 8453 8449
f 8449 8454 8458
f 8447 8451 8452
f 8448 8452 8453
f 8449 8453 8454
f 8450 8485 8451
f 8450 8484 8485
f 8451 8486 8452
f 8452 8487 8453
f 8453 8488 8454
f 8441 8447 8455
f 8448 8456 8455
f 8449 8457 8456
f 8448 8449 8456
f 8449 8458 8457
f 8454 8510 8458
f 8458 8510 8472
f 8457 8458 8459
f 8458 8472 8459
f 8445 8459 8478
f 8459 8472 8478
f 3847 8461 8467
f 3852 8467 8470
f 8252 8470 8471
f 8443 8466 8460
f 8460 8465 8463
f 4076 8460 4103
f 4103 8460 8463
f 4105 8464 8462
f 4107 8462 8461
f 4106 8463 8464
f 8462 8468 8467
f 8461 8462 8467
f 8463 8469 8464
f 8462 8464 8468
f 4103 8463 4106
f 8460 8466 8465
f 8465 8466 8479
f 8464 8469 8468
f 8463 8465 8469
f 8467 8468 8470
f 8465 8481 8469
f 8468 8469 8480
f 8468 8480 8470
f 8469 8481 8480
f 8473 8481 8475
f 8474 8475 8479
f 8255 8471 8476
f 8470 8480 8471
f 8473 8480 8481
f 8471 8480 8473
f 8260 8476 8509
f 8472 8512 8474
f 8471 8473 8476
f 8474 8511 8475
f 8473 8475 8477
f 8473 8477 8476
f 8475 8511 8477
f 8472 8510 8512
f 8474 8512 8511
f 8466 8478 8479
f 8465 8479 8481
f 8475 8481 8479
f 8474 8479 8478
f 8472 8474 8478
f 8483 8485 8484
f 8482 8483 8484
f 8483 8492 8485
f 8451 8485 8486
f 8452 8486 8487
f 8453 8487 8488
f 8485 8492 8486
f 8486 8493 8487
f 8486 8492 8493
f 8487 8493 8494
f 8487 8494 8488
f 8482 8490 8483
f 8482 8489 8490
f 8483 8490 8491
f 8489 8499 8490
f 8490 8500 8491
f 8483 8491 8492
f 8492 8495 8493
f 8493 8496 8494
f 8491 8495 8492
f 8493 8495 8496
f 8454 8488 8513
f 8454 8513 8510
f 8494 8496 8503
f 8488 8494 8497
f 8494 8503 8497
f 8488 8497 8513
f 8489 8498 8499
f 8490 8499 8500
f 8491 8501 8495
f 8491 8500 8501
f 8495 8501 8502
f 8309 8500 8499
f 8309 8310 8500
f 8310 8501 8500
f 8311 8502 8501
f 8495 8502 8496
f 8496 8502 8505
f 8310 8311 8501
f 8311 8372 8502
f 8496 8505 8503
f 8497 8504 8517
f 8497 8503 8504
f 8503 8507 8504
f 8314 8521 8508
f 8504 8506 8523
f 8508 8521 8523
f 8372 8505 8502
f 8503 8505 8507
f 8504 8507 8506
f 8506 8508 8523
f 8373 8507 8505
f 8372 8373 8505
f 8375 8506 8507
f 8510 8514 8512
f 8477 8511 8516
f 8476 8477 8509
f 8477 8516 8509
f 8511 8512 8515
f 8512 8514 8515
f 8510 8513 8514
f 8511 8515 8516
f 8516 8519 8518
f 8514 8517 8520
f 8515 8520 8519
f 8509 8516 8518
f 8515 8519 8516
f 8517 8523 8520
f 8518 8519 8522
f 8519 8520 8521
f 8513 8517 8514
f 8514 8520 8515
f 8497 8517 8513
f 8519 8521 8522
f 8520 8523 8521
f 8504 8523 8517
f 8314 8522 8521
f 4120 8526 8524
f 4121 8525 8526
f 4122 8524 8527
f 8524 8526 8534
f 8524 8535 8527
f 8525 8530 8526
f 8524 8534 8535
f 8525 8529 8530
f 8526 8530 8534
f 8528 8536 8529
f 4123 8528 8525
f 8525 8528 8529
f 8528 8549 8536
f 8530 8531 8534
f 8529 8536 8533
f 8529 8532 8530
f 8531 8541 8534
f 8530 8532 8531
f 8529 8533 8532
f 8533 8536 8537
f 8534 8541 8535
f 8536 8551 8537
f 8538 8544 8539
f 8539 8546 8540
f 8538 8578 8547
f 8538 8539 8579
f 8538 8579 8578
f 8539 8580 8579
f 8539 8540 8580
f 8540 8582 8580
f 8540 8600 8582
f 8532 8533 8545
f 8533 8537 8544
f 8532 8545 8542
f 8533 8544 8545
f 8537 8546 8544
f 8531 8532 8542
f 8531 8543 8541
f 8542 8545 8547
f 8538 8545 8544
f 8539 8544 8546
f 8531 8542 8543
f 8535 8541 9487
f 8537 8559 8546
f 8538 8547 8545
f 8542 8548 8543
f 8542 8547 8548
f 8547 8581 8548
f 8541 8543 9485
f 8540 8546 8563
f 4126 8549 8528
f 4127 4130 8550
f 4127 8550 8549
f 4130 8554 8550
f 8549 8550 8551
f 8550 8554 8552
f 8536 8549 8551
f 8537 8551 8559
f 8550 8552 8551
f 8552 8554 8553
f 8551 8552 8559
f 8552 8553 8560
f 8553 8557 8561
f 4130 4131 8554
f 4131 8555 8554
f 4131 4132 8555
f 4132 8556 8555
f 8553 8554 8555
f 8555 8556 8557
f 8553 8555 8557
f 8556 8558 8557
f 8540 8563 8600
f 8564 8601 8600
f 8565 8602 8601
f 8546 8559 8563
f 8552 8560 8559
f 8553 8561 8560
f 8557 8562 8561
f 8559 8560 8563
f 8560 8561 8564
f 8560 8564 8563
f 8561 8562 8565
f 8562 8568 8566
f 8558 9517 8568
f 8561 8565 8564
f 8562 8566 8565
f 8566 8568 8567
f 8563 8564 8600
f 8564 8565 8601
f 8565 8566 8602
f 8566 8567 8603
f 8567 8568 9513
f 8557 8558 8562
f 8558 8568 8562
f 8569 8596 8570
f 8570 8598 8571
f 8572 8575 8578
f 8573 8587 8576
f 8574 8586 8590
f 8573 8574 8589
f 8572 8584 8576
f 8573 8576 8584
f 8572 8576 8577
f 8572 8577 8575
f 8548 8581 9498
f 8575 9504 8581
f 8579 8580 8584
f 8580 8582 8583
f 8547 8578 8581
f 8572 8578 8579
f 8572 8579 8584
f 8580 8583 8584
f 8582 8585 8583
f 8575 8581 8578
f 8582 8599 8585
f 8573 8583 8574
f 8574 8585 8586
f 8573 8584 8583
f 8574 8583 8585
f 8585 8604 8586
f 8543 8548 9500
f 8573 8589 8587
f 8574 8590 8589
f 8576 8591 8577
f 8576 8587 8591
f 8586 8588 8590
f 8590 8596 8597
f 8589 8597 8595
f 8587 8589 8595
f 8587 8594 8591
f 8587 8595 8594
f 8589 8590 8597
f 8588 8596 8590
f 8588 8598 8596
f 8592 8594 8595
f 8569 8593 8597
f 8592 8595 8593
f 8112 8591 8594
f 8593 8595 8597
f 8569 8597 8596
f 8570 8596 8598
f 8577 8591 8653
f 8575 8577 9618
f 8581 9504 9498
f 8575 9618 9504
f 8577 8653 9618
f 8586 8611 8588
f 8586 8604 8611
f 8588 8611 8618
f 8588 8618 8598
f 8571 8598 8656
f 8598 8618 8656
f 8582 8600 8599
f 8599 8600 8601
f 8599 8601 8606
f 8601 8602 8606
f 8602 8607 8606
f 8603 8608 8607
f 8602 8603 8607
f 8603 8610 8608
f 8585 8599 8604
f 8599 8606 8604
f 8604 8606 8605
f 8605 8606 8607
f 8607 8608 8614
f 8608 8610 8609
f 8605 8607 8614
f 8608 8615 8614
f 8609 8616 8615
f 8608 8609 8615
f 8566 8603 8602
f 8567 8610 8603
f 8567 9525 8610
f 8609 8610 9528
f 8605 8612 8611
f 8611 8612 8618
f 8612 8614 8613
f 8604 8605 8611
f 8605 8614 8612
f 8613 8615 8617
f 8613 8614 8615
f 8615 8616 8617
f 8616 8623 8617
f 8612 8619 8618
f 8612 8613 8619
f 8613 8617 8620
f 8613 8620 8619
f 8617 8623 8621
f 8618 8619 8656
f 8619 8620 8657
f 8617 8621 8620
f 8621 8623 8622
f 8609 9529 8616
f 8609 9528 9529
f 8616 9635 8623
f 8616 9529 9635
f 8569 8625 8593
f 8592 8593 8626
f 8569 8570 8624
f 8569 8624 8625
f 8593 8625 8626
f 8570 8628 8624
f 8571 8627 8628
f 8624 8628 8630
f 8624 8630 8631
f 8628 8632 8630
f 8624 8631 8625
f 8094 8625 8631
f 8094 8626 8625
f 8627 8633 8632
f 8627 8632 8628
f 8570 8571 8628
f 8571 8634 8627
f 8092 8632 8093
f 8093 8633 8629
f 8092 8630 8632
f 8093 8632 8633
f 8629 8633 8639
f 8627 8637 8633
f 8571 8656 8634
f 8634 8656 8657
f 8634 8657 8635
f 8627 8634 8637
f 8633 8637 8639
f 8634 8635 8637
f 8635 8672 8636
f 8635 8642 8637
f 8636 8643 8642
f 8635 8636 8642
f 8636 8638 8643
f 8638 8658 8644
f 8104 8629 8646
f 8629 8639 8646
f 8104 8678 8111
f 8104 8646 8678
f 8646 8647 8678
f 8639 8640 8646
f 8637 8642 8639
f 8639 8642 8640
f 8640 8643 8641
f 8640 8642 8643
f 8641 8643 8644
f 8638 8644 8643
f 8644 8658 8645
f 8641 8644 8650
f 8645 8651 8650
f 8644 8645 8650
f 8640 8647 8646
f 8641 8648 8647
f 8647 8648 8679
f 8648 8650 8649
f 8640 8641 8647
f 8641 8650 8648
f 8649 8650 8651
f 8649 8651 8652
f 8118 8594 8592
f 8116 8592 8626
f 8112 8653 8591
f 8112 8594 8118
f 8113 8654 8653
f 8114 9623 8654
f 8113 8114 8654
f 8655 9624 9623
f 8114 8655 9623
f 8655 8659 9624
f 8635 8657 8672
f 8636 8673 8638
f 8638 8674 8658
f 8658 8674 8671
f 8122 8659 8655
f 8122 8667 8659
f 8659 8664 9625
f 8122 8130 8696
f 8659 8667 8664
f 8122 8696 8667
f 8645 8658 8670
f 8645 8703 8651
f 8645 8670 8703
f 8663 9634 9633
f 8663 9633 8664
f 8663 8665 9634
f 8660 8671 8674
f 8658 8671 8670
f 8660 9631 8662
f 8661 9634 8665
f 8661 8666 8662
f 8660 8662 8671
f 8661 8665 8666
f 8662 8666 8671
f 8663 8664 8668
f 8666 8670 8671
f 8665 8669 8666
f 8663 8704 8665
f 8663 8668 8704
f 8664 8667 8668
f 8665 8704 8669
f 8666 8669 8670
f 8619 8657 8656
f 8620 8672 8657
f 8620 8621 8672
f 8621 8673 8672
f 8622 8674 8673
f 8621 8622 8673
f 8636 8672 8673
f 8622 8623 9632
f 8638 8673 8674
f 8622 8660 8674
f 8623 9635 9632
f 8622 9632 8660
f 8099 8681 8675
f 8675 8681 8684
f 8675 8684 8676
f 8178 8675 8676
f 8676 8677 8688
f 8676 8685 8677
f 8677 8686 8689
f 8111 8678 8681
f 8678 8679 8681
f 8647 8679 8678
f 8648 8680 8679
f 8679 8684 8681
f 8680 8685 8684
f 8679 8680 8684
f 8680 8682 8685
f 8682 8683 8686
f 8652 8711 8683
f 8687 8693 8689
f 8676 8684 8685
f 8677 8685 8686
f 8682 8686 8685
f 8683 8687 8686
f 8686 8687 8689
f 8683 8707 8687
f 8648 8649 8680
f 8649 8652 8682
f 8649 8682 8680
f 8652 8683 8682
f 8178 8676 8688
f 8677 8690 8688
f 8689 8691 8690
f 8677 8689 8690
f 8689 8693 8691
f 8691 8693 8692
f 8212 8693 8687
f 8683 8711 8707
f 8652 8699 8711
f 8130 8698 8696
f 8696 8700 8697
f 8694 8697 8701
f 8694 8702 8695
f 8695 8699 8703
f 8667 8697 8668
f 8667 8696 8697
f 8668 8697 8694
f 8127 8708 8698
f 8700 8709 8710
f 8701 8710 8712
f 8698 8709 8700
f 8700 8710 8701
f 8698 8708 8709
f 8696 8698 8700
f 8694 8701 8702
f 8697 8700 8701
f 8695 8702 8699
f 8699 8702 8711
f 8701 8712 8702
f 8702 8712 8711
f 8651 8699 8652
f 8651 8703 8699
f 8669 8695 8703
f 8668 8694 8704
f 8669 8704 8695
f 8669 8703 8670
f 8694 8695 8704
f 8212 8687 8707
f 8706 8707 8712
f 8212 8707 8706
f 8215 8709 8708
f 8705 8710 8709
f 8706 8712 8710
f 8707 8711 8712
f 8215 8705 8709
f 8705 8706 8710
f 6282 8714 8713
f 6282 8715 8714
f 6282 8717 8715
f 8715 8717 8716
f 8716 8717 8728
f 8717 8718 8728
f 8718 8723 8730
f 6308 8718 8717
f 6308 6309 8719
f 6308 8719 8718
f 6309 8720 8719
f 6309 6310 8720
f 6310 8721 8720
f 8718 8719 8723
f 8719 8720 8724
f 8720 8721 8725
f 6310 6312 8721
f 6312 8722 8721
f 8721 8722 8726
f 8719 8724 8723
f 8720 8725 8724
f 8721 8726 8725
f 8723 8724 8732
f 8724 8725 8736
f 8724 8736 8732
f 8725 8737 8736
f 8725 8726 8737
f 8726 8727 8738
f 8726 8738 8737
f 8722 8727 8726
f 8727 8742 8738
f 8718 8729 8728
f 8718 8730 8729
f 8723 8731 8730
f 8723 8744 8731
f 8732 8745 8744
f 8723 8732 8744
f 8732 8736 8733
f 8733 8736 8734
f 8732 8733 8757
f 8733 8734 8735
f 8734 8739 8820
f 8734 8820 8735
f 8734 8736 8737
f 8737 8738 8739
f 8738 8742 8740
f 8734 8737 8739
f 8739 8740 8821
f 8738 8740 8739
f 8740 8742 8741
f 8740 8741 8822
f 8739 8821 8820
f 6312 6372 8722
f 8722 8791 8727
f 8727 8799 8742
f 6372 8791 8722
f 8727 8791 8799
f 8741 8742 8807
f 8741 8743 8823
f 8742 8799 8807
f 8741 8807 8743
f 8743 8812 8848
f 7863 8757 8733
f 8732 8757 8745
f 8745 8757 8746
f 8746 8757 8747
f 8747 8750 8748
f 8748 8750 8749
f 8747 8757 8750
f 8749 8752 8751
f 8749 8750 8752
f 8751 8752 8754
f 8753 8755 8754
f 8753 8756 8755
f 8752 8753 8754
f 8753 8762 8756
f 8750 8757 8759
f 8750 8758 8752
f 7863 8733 8735
f 7865 8735 8826
f 7863 8735 7865
f 7868 8826 8824
f 8752 8760 8753
f 8753 8761 8762
f 8753 8760 8761
f 8750 8759 8758
f 8752 8758 8760
f 7863 8759 8757
f 7866 8760 8758
f 8760 8764 8761
f 8761 8763 8762
f 7866 8764 8760
f 8761 8764 8887
f 8761 8769 8763
f 8761 8887 8769
f 8766 8767 8782
f 8766 8782 8813
f 8784 8853 8819
f 8763 8769 8768
f 8768 8769 8771
f 8769 8770 8771
f 8769 8887 8888
f 8769 8888 8770
f 8770 8889 8783
f 8770 8888 8889
f 8783 8889 8892
f 8770 8772 8771
f 8772 8783 8773
f 8773 8774 8776
f 8774 8777 8775
f 8774 8775 8776
f 8774 8780 8777
f 8773 8783 8774
f 8774 8785 8780
f 8767 8778 8782
f 8779 8780 8781
f 8777 8780 8779
f 8780 8782 8781
f 8778 8781 8782
f 8780 8784 8782
f 8782 8784 8819
f 8770 8783 8772
f 8774 8783 8785
f 8780 8785 8784
f 8783 8892 8785
f 8785 8892 8899
f 8784 8785 8899
f 8784 8899 8853
f 8853 8899 8859
f 8859 8899 8895
f 8859 8895 8865
f 6368 8786 8787
f 8787 8788 8795
f 6368 8787 8795
f 8788 8802 8795
f 8797 8802 8803
f 8795 8802 8797
f 8790 8794 8792
f 6372 8789 8791
f 8789 8790 8793
f 8789 8793 8791
f 8790 8792 8793
f 6368 8795 8794
f 8794 8795 8798
f 8795 8797 8798
f 8792 8794 8798
f 8791 8793 8799
f 8792 8800 8793
f 8792 8798 8801
f 8796 8801 8798
f 8792 8801 8800
f 8796 8798 8797
f 8796 8797 8806
f 8793 8800 8799
f 8799 8800 8807
f 8797 8803 8804
f 8797 8804 8806
f 8804 8805 8806
f 8805 8816 8806
f 8810 8816 8817
f 8800 8808 8807
f 8800 8801 8808
f 8796 8809 8801
f 8796 8806 8811
f 8796 8811 8809
f 8801 8809 8808
f 8806 8810 8811
f 8743 8807 8808
f 8808 8809 8812
f 8806 8816 8810
f 8809 8811 8814
f 8810 8815 8811
f 8810 8813 8815
f 8743 8808 8812
f 8809 8814 8812
f 8811 8815 8814
f 8812 8814 8849
f 8814 8815 8870
f 8813 8818 8815
f 6366 8953 8786
f 8786 8953 8787
f 8787 8953 8788
f 8788 8953 8802
f 8802 8953 8803
f 8803 8953 8804
f 8765 8810 8817
f 8765 8766 8810
f 8766 8813 8810
f 8782 8819 8813
f 8814 8870 8849
f 8815 8818 8870
f 8813 8819 8818
f 8762 8763 8961
f 8763 8768 8961
f 8777 8779 8961
f 8779 8781 8961
f 8804 8961 8805
f 8805 8961 8816
f 8816 8961 8817
f 8765 8961 8766
f 8765 8817 8961
f 8767 8961 8778
f 8766 8961 8767
f 8778 8961 8781
f 8735 8820 8826
f 8820 8825 8826
f 8820 8821 8825
f 8821 8827 8825
f 8740 8822 8821
f 8741 8823 8822
f 8821 8822 8827
f 8822 8823 8836
f 8822 8836 8827
f 8823 8837 8836
f 8823 8848 8837
f 8743 8848 8823
f 8812 8849 8848
f 8824 8826 8825
f 8825 8827 8828
f 8827 8836 8829
f 8824 8825 8828
f 8827 8829 8828
f 8829 8836 8830
f 8824 8828 8831
f 8828 8832 8831
f 8828 8829 8832
f 8829 8830 8833
f 8829 8833 8832
f 8830 8838 8834
f 8831 8832 8839
f 8832 8833 8840
f 8833 8834 8841
f 8830 8834 8833
f 8834 8838 8835
f 8834 8835 8842
f 8830 8836 8837
f 8830 8837 8838
f 8837 8855 8838
f 8835 8838 8850
f 8832 8840 8839
f 8833 8841 8840
f 8834 8842 8841
f 7874 8840 8841
f 7874 8841 8843
f 8842 8844 8843
f 8841 8842 8843
f 8842 8845 8844
f 8844 8845 8846
f 8835 8845 8842
f 7878 8844 8846
f 8845 8857 8846
f 8835 8862 8845
f 8846 8919 8847
f 8846 8857 8919
f 7878 8846 8847
f 8837 8848 8855
f 8838 8855 8850
f 8848 8849 8855
f 8849 8870 8851
f 8849 8851 8855
f 8851 8870 8852
f 8850 8855 8851
f 8851 8852 8856
f 8852 8854 8860
f 8853 8861 8854
f 8853 8859 8861
f 8850 8851 8856
f 8852 8860 8856
f 8854 8861 8860
f 8845 8862 8857
f 8835 8850 8862
f 8857 8866 8919
f 8866 8867 8921
f 8850 8856 8862
f 8860 8864 8863
f 8856 8860 8863
f 8858 8861 8859
f 8860 8861 8864
f 8858 8864 8861
f 8858 8859 8865
f 8856 8863 8862
f 8857 8862 8863
f 8857 8863 8866
f 8864 8867 8866
f 8863 8864 8866
f 8858 8867 8864
f 8858 8869 8867
f 8858 8865 8869
f 8867 8869 8920
f 8865 8868 8869
f 8818 8852 8870
f 8818 8819 8854
f 8819 8853 8854
f 8818 8854 8852
f 7872 7897 8871
f 7872 8890 8764
f 7897 8873 8871
f 7872 8871 8890
f 8764 8890 8887
f 8871 8872 8890
f 8871 8874 8872
f 8872 8875 8896
f 7856 8961 9300
f 8871 8873 8874
f 8872 8874 8875
f 8875 8880 8896
f 7898 8877 8873
f 7906 8876 8877
f 8877 8878 8881
f 8876 8878 8877
f 8878 8879 8881
f 8873 8877 8881
f 8873 8881 8874
f 8874 8881 8882
f 8874 8882 8875
f 8875 8883 8880
f 8875 8882 8883
f 8880 8883 8886
f 8880 8886 8900
f 8885 8924 8886
f 8879 8882 8881
f 8882 8884 8883
f 8883 8885 8886
f 8879 8884 8882
f 8883 8884 8885
f 8887 8891 8888
f 8887 8890 8891
f 8888 8891 8893
f 8888 8893 8889
f 8889 8894 8892
f 8892 8895 8899
f 8889 8893 8894
f 8892 8894 8895
f 8872 8891 8890
f 8872 8896 8891
f 8891 8896 8893
f 8893 8897 8894
f 8893 8896 8897
f 8894 8897 8898
f 8880 8897 8896
f 8897 8900 8898
f 8894 8898 8895
f 8865 8895 8898
f 8868 8898 8900
f 8865 8898 8868
f 8880 8900 8897
f 8886 8922 8900
f 8876 8901 8902
f 8876 8902 8878
f 8878 8902 8903
f 8878 8903 8879
f 8879 8903 8904
f 8884 8904 8905
f 8879 8904 8884
f 8884 8905 8885
f 7922 8903 8902
f 7923 8904 8903
f 8904 8906 8905
f 7922 7923 8903
f 7923 8906 8904
f 8768 8771 8961
f 8771 8772 8961
f 8772 8773 8961
f 8773 8776 8961
f 8775 8777 8961
f 8775 8961 8776
f 8012 8847 8926
f 8012 8907 8013
f 8013 8907 8909
f 8847 8919 8926
f 8012 8926 8907
f 8885 8932 8924
f 8885 8905 8932
f 8905 8915 8932
f 8014 8909 8916
f 8021 8916 8908
f 8908 8916 8917
f 8908 8917 8936
f 8918 8938 8936
f 8909 8910 8916
f 8910 8911 8917
f 8911 8930 8931
f 8912 8931 8932
f 8909 8929 8910
f 8907 8929 8909
f 8910 8929 8930
f 8910 8930 8911
f 8912 8932 8915
f 8911 8931 8912
f 8911 8918 8917
f 8912 8914 8918
f 8913 8914 8915
f 8912 8915 8914
f 8911 8912 8918
f 8910 8917 8916
f 8917 8918 8936
f 8914 8938 8918
f 8913 8939 8914
f 8868 8900 8922
f 8868 8922 8923
f 8866 8921 8919
f 8867 8920 8921
f 8869 8923 8920
f 8919 8921 8926
f 8920 8927 8921
f 8920 8928 8927
f 8920 8923 8928
f 8922 8925 8923
f 8886 8924 8922
f 8923 8925 8928
f 8922 8924 8925
f 8868 8923 8869
f 8921 8927 8926
f 8907 8926 8927
f 8927 8928 8929
f 8907 8927 8929
f 8928 8930 8929
f 8924 8932 8931
f 8925 8930 8928
f 8924 8931 8925
f 8925 8931 8930
f 7924 8913 8906
f 8905 8906 8915
f 7924 8937 8913
f 8906 8913 8915
f 8908 8936 8933
f 8937 8940 8941
f 8933 8936 8934
f 8934 8938 8935
f 8935 8939 8941
f 8914 8939 8938
f 8913 8937 8939
f 8934 8936 8938
f 8935 8938 8939
f 8937 8941 8939
f 8064 8934 8935
f 8065 8935 8941
f 8039 8941 8940
f 6198 8958 8970
f 8804 8953 8961
f 6406 8970 8968
f 8942 8943 8945
f 8942 8945 8944
f 6418 8968 8942
f 8944 8945 8954
f 8950 8961 8953
f 6418 8942 8946
f 8944 8948 8946
f 8943 8947 8949
f 8943 8950 8947
f 8942 8944 8946
f 8943 8949 8952
f 8948 8951 8949
f 8943 8952 8945
f 8944 8954 8951
f 8944 8951 8948
f 8949 8951 8952
f 8942 8969 8943
f 8945 8955 8954
f 8943 8973 8950
f 8955 8967 8966
f 8943 8969 8973
f 8942 8968 8969
f 8954 8955 8966
f 8954 8966 8956
f 8955 8975 8967
f 8950 8973 8961
f 8945 8957 8955
f 8951 8954 8956
f 8945 8952 8957
f 8951 8956 8952
f 8952 8956 8957
f 8955 8957 8975
f 8956 8974 8957
f 8958 8959 8971
f 8959 8960 8971
f 8962 9291 8963
f 8965 9308 9307
f 8964 8965 9307
f 8961 8973 9300
f 8963 9297 8973
f 8962 8963 8965
f 8960 8962 8971
f 8963 8973 8972
f 8962 8964 8971
f 8962 8965 8964
f 8964 9307 8978
f 8963 8979 8965
f 8965 8979 9310
f 8978 9309 8979
f 8966 8967 8969
f 8966 8969 8968
f 8966 8968 8974
f 8968 8970 8974
f 8967 8977 8969
f 8969 8977 8972
f 8969 8972 8973
f 8958 8971 8970
f 8970 8971 8976
f 8970 8976 8974
f 8967 8975 8977
f 8975 8976 8977
f 8956 8966 8974
f 8957 8974 8975
f 8974 8976 8975
f 8964 8976 8971
f 8963 8972 8977
f 8963 8977 8979
f 8964 8978 8976
f 8976 8978 8977
f 8977 8978 8979
f 6573 8980 8986
f 8980 8981 8992
f 8981 8983 8992
f 8981 8982 8983
f 8982 8984 8983
f 8982 9000 8984
f 8983 8984 8985
f 8984 9002 8985
f 6585 8987 8989
f 6574 8986 8987
f 6583 8989 8988
f 8986 8990 8987
f 8987 8991 8989
f 8988 8989 8993
f 8989 8991 8993
f 8980 8992 8986
f 8986 8992 8990
f 8987 8990 8991
f 8990 8994 8991
f 8990 8992 8995
f 8983 8995 8992
f 8990 8995 8994
f 8991 8996 8993
f 8991 8994 8996
f 6584 8988 9045
f 8988 8993 9046
f 8993 8996 9058
f 8983 8985 8995
f 8994 8995 8997
f 8985 8997 8995
f 8994 8997 8998
f 8994 8998 8996
f 8985 9012 8997
f 8997 9012 9013
f 8997 9013 8998
f 8996 8998 9059
f 8998 9013 9075
f 8998 9075 9059
f 6594 8982 8981
f 6596 6610 9000
f 6596 9000 8982
f 6610 9001 9000
f 6610 9008 9001
f 8999 9004 9008
f 8984 9000 9003
f 9000 9001 9003
f 9001 9008 9004
f 8984 9003 9002
f 8985 9002 9012
f 9001 9016 9003
f 9003 9016 9017
f 9002 9015 9012
f 9002 9003 9017
f 9002 9017 9015
f 9012 9015 9042
f 9001 9004 9016
f 8999 9020 9004
f 8999 9101 9020
f 9023 9101 9102
f 6608 9008 6610
f 6608 9005 9008
f 6609 9006 9005
f 6611 9007 9006
f 9005 9006 9010
f 8999 9008 9005
f 8999 9005 9010
f 9006 9011 9010
f 9006 9007 9011
f 9007 9009 9106
f 9007 9106 9011
f 6612 9009 9007
f 9009 9110 9106
f 8999 9010 9101
f 9009 9065 9110
f 9012 9042 9013
f 9013 9080 9075
f 9004 9014 9016
f 9016 9018 9017
f 9004 9020 9014
f 9015 9017 9019
f 9017 9018 9019
f 9014 9018 9016
f 9015 9019 9021
f 9015 9021 9042
f 9014 9020 9022
f 9018 9025 9019
f 9019 9025 9026
f 9019 9026 9021
f 9014 9024 9018
f 9020 9023 9022
f 9014 9022 9024
f 9018 9024 9025
f 9022 9023 9031
f 9024 9029 9025
f 9022 9032 9024
f 9023 9030 9031
f 9025 9033 9026
f 9023 9102 9030
f 9020 9101 9023
f 9030 9102 9105
f 9030 9105 9036
f 9027 9031 9030
f 9027 9030 9036
f 9027 9028 9031
f 9028 9040 9035
f 9035 9040 9041
f 9022 9031 9032
f 9024 9032 9029
f 9025 9029 9033
f 9028 9032 9031
f 9029 9032 9035
f 9028 9035 9032
f 9029 9035 9034
f 9029 9034 9033
f 9034 9035 9041
f 9034 9041 9197
f 9036 9119 9039
f 9039 9124 9184
f 9038 9039 9185
f 9037 9038 9186
f 9027 9036 9038
f 9027 9038 9037
f 9036 9039 9038
f 9027 9037 9028
f 9028 9037 9040
f 8076 9184 9125
f 9013 9042 9080
f 9021 9083 9042
f 9021 9026 9090
f 9042 9083 9080
f 9021 9090 9083
f 9026 9033 9043
f 9033 9034 9044
f 9033 9044 9043
f 9034 9197 9044
f 9026 9043 9090
f 9043 9194 9095
f 9043 9044 9194
f 9095 9194 9195
f 8988 9046 9045
f 8993 9058 9046
f 9046 9058 9060
f 9048 9054 9049
f 9045 9052 9047
f 9045 9046 9052
f 9047 9052 9053
f 9047 9053 9048
f 9049 9054 9051
f 9048 9053 9054
f 9049 9051 9050
f 9046 9060 9052
f 9052 9055 9053
f 9051 9054 9056
f 9053 9057 9054
f 9052 9060 9055
f 9053 9055 9057
f 9054 9057 9056
f 8996 9059 9058
f 9058 9059 9061
f 9059 9076 9061
f 9059 9075 9076
f 9061 9076 9077
f 9058 9061 9060
f 9055 9060 9062
f 9055 9064 9057
f 9056 9057 9063
f 9057 9064 9063
f 9060 9061 9062
f 9055 9062 9064
f 9061 9077 9062
f 9062 9078 9064
f 6688 9051 9056
f 6688 9056 9068
f 9056 9063 9068
f 6689 9065 9009
f 9065 9149 9110
f 6689 6691 9065
f 6690 9066 6691
f 6690 6692 9067
f 6690 9067 9066
f 6691 9066 9065
f 9065 9066 9149
f 9066 9067 9071
f 6692 9068 9069
f 6692 9069 9067
f 9068 9070 9069
f 9063 9070 9068
f 9066 9071 9149
f 9067 9069 9072
f 9069 9073 9072
f 9067 9072 9071
f 9072 9073 9153
f 9069 9070 9073
f 9070 9074 9073
f 9063 9079 9070
f 9062 9077 9078
f 9063 9064 9079
f 9064 9078 9079
f 9077 9089 9078
f 9078 9088 9079
f 9074 9079 9088
f 9070 9079 9074
f 9073 9074 9155
f 9074 9154 9155
f 9074 9088 9154
f 9086 9158 9154
f 9075 9080 9081
f 9075 9081 9076
f 9076 9082 9077
f 9076 9081 9082
f 9080 9084 9081
f 9081 9085 9082
f 9082 9087 9089
f 9080 9083 9084
f 9083 9091 9084
f 9081 9084 9085
f 9082 9085 9087
f 9086 9089 9087
f 9084 9092 9085
f 9085 9093 9087
f 9086 9087 9094
f 9087 9093 9094
f 9078 9089 9088
f 9077 9082 9089
f 9086 9088 9089
f 9086 9154 9088
f 9094 9100 9171
f 9100 9167 9171
f 9094 9171 9158
f 9086 9094 9158
f 9083 9090 9091
f 9084 9091 9092
f 9090 9095 9091
f 9043 9095 9090
f 9091 9095 9096
f 9091 9096 9092
f 9092 9096 9097
f 9085 9092 9093
f 9092 9097 9093
f 9093 9100 9094
f 9093 9097 9100
f 9095 9195 9096
f 9096 9098 9097
f 9097 9099 9100
f 9096 9195 9098
f 9097 9098 9099
f 9099 9167 9100
f 9099 9201 9175
f 9101 9107 9102
f 9102 9107 9103
f 9103 9112 9104
f 9102 9103 9105
f 9103 9104 9105
f 9104 9112 9115
f 9104 9119 9105
f 9104 9118 9119
f 9104 9115 9118
f 9115 9120 9118
f 9010 9011 9107
f 9011 9106 9108
f 9106 9110 9109
f 9010 9107 9101
f 9011 9108 9107
f 9106 9109 9108
f 9109 9110 9111
f 9110 9149 9111
f 9103 9107 9108
f 9108 9109 9112
f 9109 9111 9113
f 9103 9108 9112
f 9109 9113 9112
f 9111 9114 9113
f 9112 9113 9115
f 9113 9114 9116
f 9113 9116 9115
f 9114 9117 9116
f 9115 9116 9120
f 9116 9117 9145
f 9116 9145 9120
f 9117 9146 9145
f 9111 9151 9114
f 9114 9150 9117
f 9117 9161 9146
f 9036 9105 9119
f 9118 9120 9121
f 9120 9145 9122
f 9118 9124 9119
f 9118 9121 9124
f 9120 9122 9121
f 9122 9145 9123
f 9039 9119 9124
f 9121 9125 9124
f 9121 9126 9125
f 9125 9126 9130
f 9121 9122 9126
f 9122 9123 9127
f 9122 9127 9126
f 9123 9128 9127
f 9123 9147 9128
f 9128 9147 9129
f 9126 9127 9137
f 9127 9128 9138
f 9128 9129 9139
f 9124 9125 9184
f 8078 9130 9132
f 8076 9125 9130
f 9130 9137 9132
f 9132 9137 9133
f 9131 9132 9133
f 9133 9141 9134
f 9135 9141 9142
f 9131 9133 9134
f 9134 9141 9135
f 9135 9142 9136
f 9126 9137 9130
f 9127 9138 9137
f 9128 9139 9138
f 9133 9137 9138
f 9138 9139 9141
f 9133 9138 9141
f 9139 9142 9141
f 9139 9140 9142
f 9140 9143 9142
f 9129 9140 9139
f 9136 9142 9143
f 9136 9143 9144
f 9123 9145 9146
f 9123 9146 9147
f 9146 9162 9147
f 9129 9147 9163
f 9146 9161 9162
f 9147 9162 9163
f 9129 9163 9179
f 9129 9179 9140
f 9140 9148 9143
f 9143 9232 9144
f 9143 9148 9232
f 9140 9179 9148
f 9148 9180 9232
f 9111 9149 9151
f 9071 9151 9149
f 9071 9072 9152
f 9114 9151 9150
f 9117 9150 9161
f 9150 9156 9161
f 9156 9160 9161
f 9071 9152 9151
f 9072 9153 9152
f 9073 9155 9153
f 9150 9151 9152
f 9152 9153 9156
f 9154 9159 9155
f 9153 9155 9157
f 9150 9152 9156
f 9153 9157 9156
f 9155 9159 9157
f 9154 9158 9159
f 9156 9157 9160
f 9157 9159 9169
f 9157 9169 9160
f 9158 9170 9159
f 9160 9162 9161
f 9160 9165 9162
f 9160 9169 9165
f 9164 9165 9169
f 9162 9165 9163
f 9164 9168 9165
f 9166 9167 9174
f 9164 9176 9168
f 9164 9166 9176
f 9166 9174 9176
f 9167 9175 9174
f 9163 9165 9168
f 9159 9170 9169
f 9158 9171 9170
f 9166 9170 9171
f 9164 9169 9170
f 9164 9170 9166
f 9166 9171 9167
f 9099 9175 9167
f 9163 9168 9179
f 9168 9172 9179
f 9168 9176 9172
f 9173 9176 9174
f 9174 9175 9178
f 9173 9174 9178
f 9172 9176 9173
f 9175 9177 9178
f 9175 9201 9177
f 9173 9178 9183
f 9177 9182 9178
f 9177 9181 9182
f 9148 9179 9172
f 9148 9172 9180
f 9173 9183 9180
f 9172 9173 9180
f 9180 9183 9233
f 9178 9182 9183
f 9038 9185 9186
f 9037 9186 9187
f 8075 9185 9184
f 9039 9184 9185
f 8077 9186 9185
f 9186 9189 9187
f 8075 9184 8076
f 8077 9189 9186
f 8075 8077 9185
f 9187 9190 9188
f 9040 9188 9041
f 9037 9187 9040
f 9040 9187 9188
f 9187 9189 9190
f 8082 9190 9189
f 9041 9188 9196
f 9188 9190 9206
f 9188 9206 9196
f 8082 9209 9190
f 8082 8091 9191
f 8091 9218 9191
f 9190 9209 9206
f 8082 9191 9209
f 9191 9192 9209
f 9192 9193 9210
f 9044 9197 9198
f 9044 9198 9194
f 9194 9199 9195
f 9098 9195 9200
f 9194 9198 9199
f 9041 9196 9197
f 9196 9207 9202
f 9195 9199 9200
f 9098 9200 9201
f 9177 9201 9205
f 9196 9202 9197
f 9197 9202 9198
f 9198 9203 9199
f 9198 9202 9203
f 9199 9203 9204
f 9202 9208 9203
f 9203 9216 9204
f 9204 9217 9205
f 9199 9204 9200
f 9200 9205 9201
f 9200 9204 9205
f 9181 9205 9217
f 9206 9210 9207
f 9206 9209 9210
f 9207 9210 9211
f 9196 9206 9207
f 9202 9207 9208
f 9207 9211 9208
f 9208 9214 9216
f 9208 9211 9214
f 9215 9217 9216
f 9214 9215 9216
f 9192 9210 9209
f 9193 9211 9210
f 9211 9212 9214
f 9193 9212 9211
f 9212 9213 9214
f 9213 9215 9214
f 9203 9208 9216
f 9204 9216 9217
f 8086 9256 9218
f 9218 9256 9257
f 9219 9257 9258
f 9191 9218 9219
f 9218 9257 9219
f 9219 9258 9220
f 9220 9259 9221
f 9191 9219 9192
f 9192 9220 9193
f 9192 9219 9220
f 9193 9220 9221
f 9193 9221 9212
f 9212 9221 9222
f 9212 9222 9213
f 9098 9201 9099
f 8076 9130 8078
f 8087 9132 9131
f 9131 9134 9223
f 9134 9135 9224
f 9134 9224 9223
f 9135 9225 9224
f 8133 9223 9224
f 8134 9224 9225
f 9225 9226 9228
f 8134 9225 9228
f 9226 9227 9229
f 9135 9136 9225
f 9136 9226 9225
f 9136 9144 9226
f 9144 9227 9226
f 9226 9229 9228
f 9227 9230 9229
f 8142 9229 9230
f 8142 9230 8155
f 9144 9240 9227
f 9227 9231 9230
f 8155 9230 9242
f 9230 9231 9242
f 8155 9242 9253
f 9215 9238 9235
f 9181 9217 9235
f 9144 9232 9240
f 9227 9240 9231
f 9233 9241 9240
f 9182 9234 9236
f 9180 9233 9232
f 9183 9236 9233
f 9181 9235 9234
f 9232 9233 9240
f 9233 9236 9241
f 9234 9237 9236
f 9238 9252 9239
f 9234 9239 9237
f 9236 9237 9241
f 9235 9238 9239
f 9234 9235 9239
f 9231 9240 9241
f 9237 9250 9249
f 9231 9241 9249
f 9237 9249 9241
f 9237 9239 9250
f 9213 9238 9215
f 9213 9251 9238
f 9213 9222 9251
f 9215 9235 9217
f 9231 9249 9242
f 9243 9249 9250
f 9246 9252 9251
f 9248 9250 9252
f 9246 9248 9252
f 9246 9251 9247
f 9242 9249 9243
f 9243 9250 9248
f 9222 9247 9251
f 9242 9243 9253
f 9243 9248 9254
f 9243 9254 9253
f 9245 9247 9266
f 9244 9254 9248
f 9244 9246 9245
f 9244 9248 9246
f 9245 9246 9247
f 9238 9251 9252
f 9239 9252 9250
f 8155 9253 8156
f 8156 9269 8157
f 8156 9253 9269
f 9253 9254 9269
f 9244 9270 9254
f 9255 9261 9256
f 9257 9261 9262
f 9256 9261 9257
f 9257 9262 9258
f 9258 9262 9264
f 9258 9264 9259
f 9259 9265 9260
f 9259 9264 9265
f 9263 9273 9265
f 9221 9260 9222
f 9222 9260 9247
f 9220 9258 9259
f 9221 9259 9260
f 9260 9265 9266
f 9263 9278 9273
f 9266 9273 9271
f 9265 9273 9266
f 8182 9262 9261
f 8183 9264 9262
f 9263 9265 9264
f 8182 8183 9262
f 8183 9263 9264
f 8187 9278 9263
f 8187 9279 9278
f 9247 9260 9266
f 9245 9266 9271
f 8207 9274 9267
f 8157 9269 9274
f 9267 9274 9275
f 9268 9275 9276
f 9267 9275 9268
f 9268 9276 9280
f 9278 9279 9281
f 9277 9281 9280
f 9269 9270 9274
f 9270 9275 9274
f 9254 9270 9269
f 9244 9272 9270
f 9245 9271 9272
f 9270 9272 9275
f 9271 9273 9277
f 9271 9276 9272
f 9271 9277 9276
f 9273 9278 9277
f 9272 9276 9275
f 9276 9277 9280
f 9277 9278 9281
f 9279 9284 9281
f 9279 9285 9284
f 8208 9268 9282
f 8208 9267 9268
f 9268 9280 9282
f 9280 9283 9282
f 9280 9281 9283
f 9281 9284 9283
f 9244 9245 9272
f 9177 9205 9181
f 9181 9234 9182
f 9182 9236 9183
f 8416 9300 9297
f 9288 9289 9301
f 9286 9287 9289
f 9286 9289 9288
f 9287 9306 9289
f 8973 9297 9300
f 9291 9293 9296
f 9292 9308 9293
f 8963 9291 9297
f 9290 9292 9291
f 9291 9292 9293
f 9290 9311 9292
f 9294 9298 9295
f 9286 9288 9298
f 9286 9298 9294
f 9287 9297 9296
f 9287 9299 9306
f 9288 9305 9298
f 9287 9296 9299
f 9298 9305 9299
f 9291 9296 9297
f 9290 9295 9298
f 9293 9299 9296
f 9290 9298 9311
f 9293 9312 9299
f 9298 9299 9312
f 8428 9287 9286
f 9289 9302 9301
f 9289 9304 9302
f 8426 9297 9287
f 8429 9303 9301
f 8434 9302 9304
f 8433 9304 9303
f 9288 9301 9305
f 9301 9303 9305
f 9303 9304 9306
f 9289 9306 9304
f 9303 9306 9305
f 9299 9305 9306
f 8962 9290 9291
f 9292 9307 9308
f 9292 9309 9307
f 9293 9308 9312
f 9292 9311 9309
f 9308 9310 9312
f 9309 9311 9310
f 9310 9311 9312
f 8965 9310 9308
f 8978 9307 9309
f 8979 9309 9310
f 9298 9312 9311
f 7844 9396 9397
f 7845 9397 9398
f 7846 9398 9399
f 7847 9399 9401
f 7849 9401 9400
f 7854 9406 9405
f 7855 9407 9406
f 7851 9403 9407
f 7852 9404 9403
f 7850 9402 9404
f 7848 9400 9408
f 7856 9408 9402
f 9314 9315 9641
f 9313 9314 9642
f 9315 9640 9641
f 9313 9347 9345
f 9314 9345 9346
f 9313 9345 9314
f 9314 9346 9315
f 9313 9646 9347
f 9342 9646 9647
f 9342 9347 9646
f 9342 9647 9343
f 9315 9374 9640
f 9366 9664 9640
f 9316 9657 9368
f 9366 9368 9664
f 9316 9317 9861
f 9316 9369 9317
f 9317 9318 9866
f 9322 10125 9323
f 9320 9323 10126
f 9323 9325 9327
f 9320 9325 9323
f 9322 9323 9327
f 9322 9324 10127
f 9321 9322 9327
f 9321 9324 9322
f 9321 9362 9324
f 9324 9362 10130
f 9320 9326 9325
f 9325 9326 9355
f 9357 10135 10145
f 9354 9357 10145
f 9326 10135 9357
f 9328 9354 10145
f 9328 9329 9335
f 9330 9383 9382
f 9329 9330 9382
f 9330 9331 9383
f 9331 9384 9383
f 9329 10150 9330
f 9328 10150 9329
f 9330 10150 10151
f 9330 10151 9331
f 9331 10152 9332
f 9331 9332 9384
f 9332 10153 9385
f 9335 9351 9348
f 9336 9337 9353
f 9335 9348 9336
f 9336 9349 9337
f 9333 9337 9350
f 9338 9351 9382
f 9338 9345 9339
f 9339 9347 9340
f 9338 9339 9351
f 9339 9340 9348
f 9340 9341 9349
f 9341 9344 9350
f 9338 9346 9345
f 9340 9347 9342
f 9340 9342 9341
f 9341 9342 9343
f 9341 9343 9344
f 9339 9345 9347
f 9337 9349 9350
f 9336 9348 9349
f 9339 9348 9351
f 9340 9349 9348
f 9341 9350 9349
f 9344 9352 9350
f 9333 9350 9352
f 9333 9352 9334
f 9344 9697 9352
f 9356 9360 9358
f 9358 9361 9363
f 9353 9355 9357
f 9355 9359 9356
f 9353 9357 9354
f 9353 9359 9355
f 9356 9359 9360
f 9336 9353 9354
f 9337 9359 9353
f 9333 9360 9359
f 9333 9359 9337
f 9333 9334 9360
f 9334 9361 9360
f 9358 9360 9361
f 9325 9356 9327
f 9321 9327 9358
f 9326 9357 9355
f 9325 9355 9356
f 9327 9356 9358
f 9321 9358 9363
f 9321 9363 9362
f 9361 10165 9363
f 9362 9363 10170
f 9328 9335 9354
f 9335 9336 9354
f 9329 9351 9335
f 9334 9364 9361
f 9361 9364 10165
f 9334 9352 9704
f 9352 9697 9704
f 9334 9704 9364
f 9364 9705 10166
f 9706 10167 10166
f 9346 9387 9365
f 9374 9391 9375
f 9365 9391 9374
f 9375 9391 9392
f 9375 9392 9376
f 9376 9393 9377
f 9315 9346 9365
f 9366 9640 9374
f 9315 9365 9374
f 9338 9387 9346
f 9367 9369 9368
f 9366 9367 9368
f 9369 9379 9370
f 9367 9379 9369
f 9370 9379 9380
f 9316 9368 9369
f 9317 9369 9370
f 9318 9370 9372
f 9317 9370 9318
f 9318 9372 9319
f 9319 9372 9373
f 9319 9373 9371
f 9370 9380 9372
f 9372 9381 9373
f 9366 9374 9375
f 9367 9375 9376
f 9366 9375 9367
f 9367 9376 9379
f 9372 9380 9381
f 9377 9380 9379
f 9376 9377 9379
f 9377 9378 9380
f 9378 9381 9380
f 9373 9381 9719
f 9329 9382 9351
f 9382 9383 9387
f 9383 9384 9388
f 9338 9382 9387
f 9332 9385 9384
f 9385 10153 9386
f 9383 9388 9387
f 9384 9389 9388
f 9365 9388 9391
f 9365 9387 9388
f 9388 9389 9391
f 9389 9392 9391
f 9390 9393 9392
f 9376 9392 9393
f 9377 9393 9394
f 9389 9390 9392
f 9390 9395 9393
f 9393 9395 9394
f 9384 9385 9389
f 9385 9390 9389
f 9386 9395 9390
f 9385 9386 9390
f 9394 9395 10198
f 9377 9394 9378
f 9378 9394 10201
f 9378 9725 9381
f 9381 9725 9719
f 9394 10198 10201
f 9378 10201 9725
f 9396 9412 9397
f 9397 9412 9398
f 9398 9412 9399
f 9399 9412 9401
f 9400 9401 9412
f 9400 9412 9408
f 9405 9406 9418
f 9406 9407 9418
f 9403 9418 9407
f 9403 9404 9418
f 9402 9418 9404
f 9402 9408 9418
f 9408 9412 9418
f 9410 9418 9412
f 9409 9411 9412
f 9410 9412 9411
f 9412 9414 9413
f 9412 9413 9415
f 9413 9414 9428
f 9412 9415 9416
f 9413 9428 9415
f 9412 9416 9417
f 9415 9429 9416
f 9409 9412 9417
f 9418 9422 9419
f 9418 9419 9420
f 9419 9422 9420
f 9421 9432 9422
f 9410 9423 9418
f 9421 9423 9431
f 9418 9423 9421
f 9418 9421 9422
f 9420 9422 9432
f 9409 9417 9424
f 9417 9430 9424
f 9410 9433 9423
f 9410 9425 9433
f 9409 9426 9411
f 9411 9426 9425
f 9409 9424 9426
f 9410 9411 9425
f 9427 9435 9434
f 9396 9434 9412
f 9412 9434 9414
f 9414 9434 9428
f 9415 9428 9429
f 9416 9429 9430
f 9428 9434 9429
f 9429 9434 9430
f 9424 9430 9434
f 9416 9430 9417
f 9424 9434 9435
f 9421 9431 9432
f 9405 9418 9435
f 9418 9420 9435
f 9420 9432 9435
f 9431 9435 9432
f 9425 9435 9433
f 9431 9433 9435
f 9423 9433 9431
f 9424 9435 9426
f 9425 9426 9435
f 9317 9866 9861
f 9318 9319 9867
f 4119 9447 4916
f 4119 8527 9452
f 8527 8535 9457
f 4119 9452 9447
f 4914 9441 9437
f 4916 9447 9441
f 9436 9438 9459
f 9439 9460 9459
f 9436 9437 9438
f 9438 9439 9459
f 9439 9440 9460
f 9440 9444 9461
f 9437 9441 9442
f 9438 9442 9443
f 9437 9442 9438
f 9438 9443 9439
f 9439 9443 9445
f 9441 9448 9442
f 9442 9449 9443
f 9439 9445 9440
f 9440 9446 9444
f 9440 9445 9446
f 8527 9457 9452
f 8535 9487 9457
f 9447 9452 9453
f 9447 9453 9448
f 9448 9454 9449
f 9448 9453 9454
f 9441 9447 9448
f 9442 9448 9449
f 9443 9450 9445
f 9443 9449 9450
f 9449 9455 9450
f 9445 9451 9446
f 9445 9450 9451
f 9450 9456 9451
f 9452 9458 9453
f 9449 9454 9455
f 9450 9455 9456
f 9452 9457 9458
f 9453 9458 9491
f 9453 9491 9454
f 9454 9492 9455
f 9455 9493 9456
f 9454 9491 9492
f 9455 9492 9493
f 9451 9456 9477
f 9440 9461 9460
f 9444 9462 9461
f 9444 9463 9462
f 9463 9469 9483
f 9444 9465 9463
f 9444 9446 9465
f 9463 9464 9469
f 9463 9465 9464
f 4132 4957 9470
f 4132 9481 8556
f 4132 9470 9481
f 4957 9466 9470
f 4959 4980 9467
f 4958 4959 9466
f 4980 9484 9468
f 4959 9467 9466
f 9468 9484 9469
f 4980 9468 9467
f 9466 9467 9470
f 9467 9471 9470
f 9468 9472 9471
f 9467 9468 9471
f 9468 9469 9472
f 9470 9471 9481
f 9464 9472 9469
f 8558 9476 9517
f 9446 9451 9475
f 9446 9475 9465
f 9474 9480 9482
f 9464 9474 9472
f 9464 9465 9473
f 9465 9475 9473
f 9464 9473 9474
f 9456 9518 9477
f 9451 9477 9475
f 9476 9482 9480
f 9473 9479 9474
f 9475 9477 9478
f 9473 9478 9479
f 9474 9479 9480
f 9476 9480 9517
f 9477 9519 9478
f 9478 9516 9479
f 9479 9515 9480
f 9473 9475 9478
f 8556 9476 8558
f 8556 9481 9476
f 9471 9482 9481
f 9476 9481 9482
f 9471 9472 9482
f 9472 9474 9482
f 9462 9463 9483
f 9469 9484 9483
f 8543 9500 9485
f 8548 9498 9500
f 9485 9486 9487
f 9485 9500 9501
f 9486 9501 9502
f 9485 9501 9486
f 9486 9502 9488
f 8541 9485 9487
f 9486 9494 9487
f 9488 9495 9494
f 9486 9488 9494
f 9488 9489 9495
f 9489 9490 9496
f 9488 9503 9489
f 9489 9512 9490
f 9490 9523 9497
f 9457 9494 9458
f 9457 9487 9494
f 9458 9494 9495
f 9458 9495 9491
f 9491 9496 9492
f 9492 9497 9493
f 9491 9495 9496
f 9492 9496 9497
f 9456 9493 9518
f 9493 9497 9520
f 9489 9496 9495
f 9490 9497 9496
f 9499 9501 9500
f 9488 9502 9503
f 9498 9499 9500
f 9499 9509 9501
f 9501 9509 9502
f 9502 9510 9503
f 9503 9511 9512
f 9502 9509 9510
f 9503 9510 9511
f 9504 9619 9505
f 9505 9620 9506
f 9498 9505 9499
f 9499 9506 9509
f 9498 9504 9505
f 9499 9505 9506
f 9506 9507 9509
f 9507 9508 9510
f 9507 9510 9509
f 9508 9511 9510
f 9489 9503 9512
f 9490 9512 9532
f 9490 9532 9523
f 9508 9627 9511
f 9511 9536 9512
f 9512 9536 9532
f 8568 9517 9513
f 8567 9513 9525
f 9513 9515 9514
f 8610 9525 9528
f 9520 9524 9521
f 9513 9514 9525
f 9521 9527 9522
f 9514 9522 9526
f 9514 9526 9525
f 9522 9527 9526
f 9493 9520 9518
f 9477 9518 9519
f 9479 9516 9515
f 9480 9515 9517
f 9478 9519 9516
f 9518 9521 9519
f 9514 9515 9516
f 9513 9517 9515
f 9516 9519 9522
f 9497 9523 9520
f 9518 9520 9521
f 9519 9521 9522
f 9514 9516 9522
f 9520 9523 9524
f 9527 9535 9534
f 9523 9533 9524
f 9524 9535 9527
f 9523 9532 9533
f 9524 9533 9535
f 9525 9526 9528
f 9521 9524 9527
f 9526 9527 9534
f 9526 9534 9528
f 9529 9534 9530
f 9532 9638 9533
f 9531 9535 9533
f 9528 9534 9529
f 9530 9534 9535
f 9532 9536 9638
f 9531 9533 9638
f 9530 9535 9531
f 9538 9739 9551
f 9537 9740 9739
f 9537 9539 9740
f 9537 9739 9538
f 9537 9538 9544
f 9538 9552 9541
f 9538 9541 9544
f 9541 9552 9542
f 9537 9545 9539
f 9539 9543 9540
f 9537 9544 9545
f 9539 9545 9543
f 9544 9548 9545
f 9543 9545 9549
f 9541 9542 9550
f 9541 9547 9544
f 9547 9550 9570
f 9547 9570 9568
f 9550 9569 9570
f 9546 9569 9550
f 9546 9572 9569
f 9544 9547 9548
f 9545 9548 9549
f 9541 9550 9547
f 9542 9546 9550
f 9547 9568 9548
f 9548 9571 9549
f 9548 9568 9571
f 9538 9551 9552
f 9551 9553 9552
f 9552 9553 9555
f 9553 9554 9555
f 9554 9766 9556
f 9557 9766 9767
f 9554 9556 9555
f 9556 9766 9557
f 9557 9767 9558
f 9542 9552 9555
f 9542 9561 9546
f 9542 9555 9561
f 9546 9560 9572
f 9546 9561 9560
f 9555 9556 9561
f 9556 9557 9562
f 9556 9562 9561
f 9557 9563 9562
f 9557 9558 9563
f 9558 9559 9564
f 9558 9564 9563
f 9558 9768 9559
f 9560 9561 9562
f 9562 9563 9596
f 9563 9564 9599
f 9559 9565 9564
f 9560 9562 9596
f 9563 9599 9596
f 9564 9565 9600
f 9564 9600 9599
f 9565 9601 9600
f 9578 9580 9585
f 9566 9584 9580
f 9567 9568 9570
f 9568 9576 9571
f 9569 9573 9570
f 9569 9572 9574
f 9569 9574 9573
f 9572 9575 9574
f 9567 9570 9573
f 9567 9576 9568
f 9567 9573 9577
f 9573 9578 9577
f 9567 9579 9576
f 9567 9577 9579
f 9577 9578 9583
f 9571 9576 9808
f 9574 9575 9580
f 9573 9574 9578
f 9574 9580 9578
f 9566 9580 9575
f 9581 9656 9591
f 9587 9592 9850
f 9578 9585 9583
f 9566 9586 9584
f 9580 9584 9585
f 9584 9590 9589
f 9583 9585 9591
f 9585 9589 9591
f 9583 9592 9587
f 9586 9593 9590
f 9584 9589 9585
f 9584 9586 9590
f 9566 9606 9586
f 9581 9591 9589
f 9582 9589 9590
f 9588 9590 9593
f 9583 9591 9592
f 9581 9589 9582
f 9582 9590 9588
f 9591 9656 9592
f 9588 9593 9662
f 9586 9608 9593
f 9593 9671 9662
f 9577 9587 9579
f 9577 9583 9587
f 9576 9579 9845
f 9579 9587 9848
f 9572 9597 9575
f 9560 9597 9572
f 9566 9575 9594
f 9575 9597 9594
f 9560 9596 9597
f 9596 9599 9598
f 9599 9600 9602
f 9596 9598 9597
f 9598 9599 9602
f 9600 9603 9602
f 9601 9604 9603
f 9600 9601 9603
f 9594 9597 9598
f 9595 9598 9602
f 9602 9603 9605
f 9603 9604 9615
f 9594 9598 9595
f 9595 9602 9605
f 9603 9615 9605
f 9604 9616 9615
f 9586 9606 9608
f 9606 9607 9608
f 9593 9608 9671
f 9607 9609 9608
f 9607 9613 9609
f 9610 9613 9614
f 9609 9613 9610
f 9608 9609 9671
f 9609 9610 9672
f 9610 9614 9611
f 9611 9617 9612
f 9566 9594 9606
f 9594 9595 9606
f 9595 9605 9607
f 9595 9607 9606
f 9605 9613 9607
f 9611 9614 9617
f 9616 9877 9617
f 9605 9615 9613
f 9614 9615 9616
f 9613 9615 9614
f 9614 9616 9617
f 9604 9835 9616
f 9504 9618 9619
f 9505 9619 9620
f 9506 9620 9621
f 8653 8654 9618
f 8654 9623 9619
f 8654 9619 9618
f 9619 9623 9620
f 9620 9624 9621
f 9620 9623 9624
f 9621 9625 9622
f 9506 9621 9507
f 9507 9622 9508
f 9507 9621 9622
f 9508 9622 9628
f 9621 9624 9625
f 8659 9625 9624
f 9622 9625 9633
f 9508 9628 9627
f 9536 9627 9626
f 9511 9627 9536
f 9622 9633 9628
f 9630 9631 9636
f 9626 9629 9630
f 9626 9627 9629
f 9626 9630 9636
f 9627 9628 9629
f 9628 9634 9629
f 8661 9630 9629
f 8662 9631 9630
f 8660 9632 9631
f 8664 9633 9625
f 9628 9633 9634
f 8661 9629 9634
f 8661 8662 9630
f 9530 9531 9637
f 9536 9626 9638
f 9530 9637 9635
f 9531 9638 9636
f 9529 9530 9635
f 9626 9636 9638
f 9531 9636 9637
f 9631 9637 9636
f 9632 9635 9637
f 9631 9632 9637
f 9639 9642 9665
f 9639 9645 9643
f 9640 9663 9641
f 9641 9665 9642
f 9314 9641 9642
f 9313 9642 9643
f 9643 9645 9644
f 9639 9643 9642
f 9644 9645 9648
f 9313 9643 9646
f 9644 9647 9646
f 9643 9644 9646
f 9644 9687 9647
f 9644 9648 9687
f 9648 9649 9687
f 9582 9588 9653
f 9581 9651 9652
f 9582 9653 9651
f 9654 9662 9655
f 9588 9654 9653
f 9651 9653 9660
f 9651 9657 9652
f 9653 9654 9658
f 9654 9655 9659
f 9581 9582 9651
f 9581 9652 9656
f 9658 9663 9660
f 9657 9660 9664
f 9658 9665 9663
f 9660 9663 9664
f 9316 9652 9657
f 9654 9659 9658
f 9651 9660 9657
f 9653 9658 9660
f 9655 9661 9659
f 9658 9659 9665
f 9639 9659 9661
f 9639 9665 9659
f 9639 9661 9645
f 9592 9656 9859
f 9587 9850 9848
f 9656 9861 9859
f 9652 9861 9656
f 9592 9859 9850
f 9588 9662 9654
f 9655 9662 9676
f 9662 9671 9676
f 9655 9681 9661
f 9655 9676 9681
f 9640 9664 9663
f 9641 9663 9665
f 9368 9657 9664
f 9316 9861 9652
f 9645 9661 9666
f 9645 9666 9648
f 9661 9681 9666
f 9666 9681 9682
f 9666 9682 9667
f 9648 9667 9649
f 9648 9666 9667
f 9649 9667 9668
f 9650 9668 9669
f 9649 9668 9650
f 9669 9670 9711
f 9650 9669 9711
f 9670 9712 9711
f 9670 9685 9713
f 9685 9874 9713
f 9671 9672 9676
f 9672 9673 9677
f 9609 9672 9671
f 9610 9673 9672
f 9611 9674 9673
f 9610 9611 9673
f 9611 9612 9674
f 9673 9674 9678
f 9612 9675 9674
f 9676 9677 9681
f 9677 9682 9681
f 9678 9683 9682
f 9677 9678 9682
f 9678 9679 9683
f 9672 9677 9676
f 9673 9678 9677
f 9674 9679 9678
f 9679 9680 9684
f 9674 9675 9679
f 9675 9680 9679
f 9612 9617 9883
f 9675 9890 9680
f 9612 9885 9675
f 9667 9682 9683
f 9679 9684 9683
f 9680 9685 9684
f 9667 9683 9668
f 9668 9684 9669
f 9668 9683 9684
f 9669 9684 9685
f 9669 9685 9670
f 9680 9874 9685
f 9675 9885 9890
f 9680 9890 9874
f 9343 9686 9344
f 9343 9647 9692
f 9647 9687 9692
f 9344 9686 9697
f 9343 9692 9686
f 9686 9692 9693
f 9686 9693 9698
f 9694 9699 9698
f 9649 9688 9687
f 9687 9688 9692
f 9688 9689 9693
f 9649 9650 9688
f 9650 9711 9689
f 9650 9689 9688
f 9690 9711 9712
f 9689 9711 9690
f 9690 9712 9691
f 9688 9693 9692
f 9689 9694 9693
f 9690 9695 9694
f 9689 9690 9694
f 9690 9691 9695
f 9691 9696 9695
f 9693 9694 9698
f 9694 9695 9699
f 9695 9696 9702
f 9697 9700 9704
f 9686 9698 9697
f 9697 9698 9700
f 9698 9699 9700
f 9699 9702 9701
f 9699 9701 9700
f 9701 9702 9709
f 9703 9710 9709
f 9702 9703 9709
f 9695 9702 9699
f 9696 9703 9702
f 9700 9705 9704
f 9700 9701 9705
f 9701 9706 9705
f 9706 9709 9708
f 9701 9709 9706
f 9708 9709 9710
f 9364 9704 9705
f 9705 9706 10166
f 9706 9708 10167
f 9707 9708 9710
f 9371 9373 9721
f 9373 9719 9721
f 9371 9721 9714
f 9714 9724 9716
f 9670 9715 9712
f 9691 9720 9696
f 9691 9712 9733
f 9670 9713 9715
f 9712 9715 9733
f 9718 9898 9894
f 9713 9898 9715
f 9715 9898 9718
f 9717 9718 9894
f 9716 9722 9717
f 9717 9723 9718
f 9715 9718 9733
f 9696 9727 9703
f 9696 9720 9727
f 9703 9727 10397
f 9703 10397 9710
f 9714 9721 9724
f 9716 9724 9722
f 9719 9730 9721
f 9721 9730 9724
f 9722 9731 9732
f 9724 9730 9731
f 9722 9724 9731
f 9722 9732 9723
f 9720 9733 9723
f 9720 9723 9732
f 9726 9729 9730
f 9728 9731 9729
f 9727 9732 9728
f 9725 10202 9726
f 9726 10199 9729
f 9727 9728 10397
f 9728 9729 10200
f 9719 9725 9726
f 9719 9726 9730
f 9729 9731 9730
f 9720 9732 9727
f 9728 9732 9731
f 9691 9733 9720
f 9718 9723 9733
f 9717 9722 9723
f 9734 9738 9736
f 9734 9735 9740
f 9736 9741 9737
f 9736 9738 9741
f 9735 9739 9740
f 9734 9740 9738
f 5240 9737 9742
f 9539 9738 9740
f 9540 9741 9738
f 9539 9540 9738
f 9737 9741 9745
f 5236 9756 9753
f 5240 9742 9756
f 9540 9796 9741
f 9540 9543 9801
f 9540 9801 9796
f 9737 9745 9742
f 9741 9796 9745
f 9742 9743 9756
f 9742 9746 9743
f 9742 9745 9746
f 9743 9747 9744
f 9744 9748 9760
f 9743 9746 9747
f 9744 9747 9748
f 9749 9790 9760
f 9745 9797 9746
f 9746 9798 9747
f 9748 9749 9760
f 5254 9750 9751
f 9750 9754 9751
f 9751 9755 9752
f 9750 9753 9754
f 9751 9754 9755
f 9752 9755 9777
f 5255 9751 9752
f 9753 9757 9754
f 9753 9756 9757
f 9754 9757 9758
f 9755 9758 9759
f 9754 9758 9755
f 9755 9759 9777
f 9743 9757 9756
f 9744 9758 9757
f 9758 9760 9759
f 9743 9744 9757
f 9744 9760 9758
f 9759 9760 9790
f 5270 9739 9735
f 5270 9761 9551
f 5270 9551 9739
f 9551 9761 9553
f 9553 9761 9762
f 9554 9762 9763
f 9553 9762 9554
f 9554 9763 9766
f 5279 9764 9763
f 5280 9765 9764
f 9763 9764 9766
f 9764 9765 9767
f 5280 9769 9765
f 9764 9767 9766
f 9765 9768 9767
f 9558 9767 9768
f 9765 9770 9768
f 5280 9786 9769
f 9765 9769 9770
f 9749 9823 9790
f 9790 9823 9795
f 9559 9768 9774
f 9559 9822 9565
f 9772 9794 9773
f 9768 9770 9774
f 9769 9793 9770
f 9770 9793 9772
f 9559 9774 9822
f 9770 9772 9774
f 9772 9773 9824
f 9771 9825 9773
f 9771 9795 9826
f 9772 9824 9774
f 9771 9826 9825
f 9795 9823 9826
f 9773 9825 9824
f 9752 9777 9775
f 9775 9778 9776
f 5256 9752 9775
f 5298 9775 9776
f 9776 9784 9779
f 5299 9776 9779
f 9775 9777 9778
f 9759 9789 9777
f 9777 9789 9778
f 9776 9778 9784
f 9778 9789 9791
f 9778 9791 9784
f 9779 9785 9782
f 5305 9779 9782
f 9780 9781 9786
f 9781 9783 9787
f 9782 9788 9783
f 9781 9787 9786
f 9782 9785 9788
f 9783 9788 9787
f 5309 9782 9783
f 9779 9784 9785
f 9784 9791 9792
f 9785 9792 9794
f 9784 9792 9785
f 9769 9786 9787
f 9785 9794 9788
f 9787 9788 9793
f 9769 9787 9793
f 9788 9794 9793
f 9759 9790 9789
f 9789 9790 9795
f 9789 9795 9791
f 9771 9792 9791
f 9773 9794 9792
f 9771 9791 9795
f 9771 9773 9792
f 9772 9793 9794
f 9549 9571 9813
f 9543 9549 9803
f 9543 9803 9801
f 9549 9813 9803
f 9796 9801 9802
f 9745 9796 9797
f 9746 9797 9798
f 9747 9798 9799
f 9748 9799 9800
f 9747 9799 9748
f 9748 9800 9749
f 9796 9802 9797
f 9797 9805 9798
f 9797 9802 9805
f 9798 9806 9799
f 9799 9807 9800
f 9801 9804 9802
f 9801 9803 9804
f 9802 9812 9805
f 9802 9804 9812
f 9805 9817 9806
f 9806 9818 9807
f 9805 9812 9817
f 9806 9817 9818
f 9798 9805 9806
f 9799 9806 9807
f 9579 9848 9845
f 9808 9845 9846
f 9571 9808 9813
f 9576 9845 9808
f 9808 9809 9813
f 9809 9810 9814
f 9808 9846 9809
f 9809 9847 9810
f 9810 9857 9811
f 9803 9814 9804
f 9803 9813 9814
f 9804 9815 9812
f 9812 9816 9817
f 9809 9814 9813
f 9804 9814 9815
f 9812 9815 9816
f 9816 9819 9817
f 9817 9819 9818
f 9810 9815 9814
f 9810 9811 9815
f 9811 9816 9815
f 9816 9820 9819
f 9811 9820 9816
f 9818 9819 9839
f 9819 9820 9875
f 9749 9800 9832
f 9749 9832 9823
f 9800 9807 9821
f 9800 9821 9832
f 9565 9829 9601
f 9565 9822 9829
f 9601 9843 9604
f 9601 9829 9843
f 9823 9833 9826
f 9824 9825 9827
f 9825 9826 9834
f 9774 9824 9822
f 9826 9833 9834
f 9823 9832 9833
f 9822 9824 9827
f 9825 9834 9827
f 9822 9827 9829
f 9827 9830 9829
f 9830 9834 9831
f 9828 9833 9832
f 9831 9834 9833
f 9827 9834 9830
f 9821 9828 9832
f 9828 9831 9833
f 9616 9835 9877
f 9835 9840 9877
f 9807 9818 9836
f 9818 9839 9836
f 9807 9836 9821
f 9821 9838 9828
f 9828 9838 9837
f 9821 9836 9838
f 9819 9875 9839
f 9836 9839 9842
f 9837 9838 9841
f 9837 9840 9844
f 9838 9842 9841
f 9835 9844 9840
f 9837 9841 9840
f 9836 9842 9838
f 9604 9843 9835
f 9830 9831 9844
f 9829 9830 9843
f 9830 9844 9843
f 9828 9837 9831
f 9831 9837 9844
f 9835 9843 9844
f 9845 9849 9846
f 9809 9846 9847
f 9845 9848 9849
f 9846 9854 9847
f 9846 9849 9854
f 9847 9854 9855
f 9847 9855 9857
f 9850 9860 9851
f 9848 9850 9851
f 9849 9851 9852
f 9848 9851 9849
f 9849 9852 9854
f 9853 9855 9854
f 9855 9856 9857
f 9852 9853 9854
f 9853 9865 9855
f 9855 9865 9856
f 9810 9847 9857
f 9811 9858 9820
f 9811 9857 9858
f 9856 9858 9857
f 9820 9858 9880
f 9856 9886 9858
f 9858 9886 9880
f 9850 9859 9860
f 9851 9860 9862
f 9851 9862 9852
f 9852 9862 9863
f 9859 9866 9860
f 9860 9867 9862
f 9859 9861 9866
f 9860 9866 9867
f 9862 9868 9863
f 9863 9869 9864
f 9852 9863 9853
f 9853 9864 9865
f 9853 9863 9864
f 9864 9872 9865
f 9862 9867 9868
f 9318 9867 9866
f 9319 9868 9867
f 9863 9868 9869
f 9371 9869 9868
f 9319 9371 9868
f 9864 9869 9893
f 9856 9865 9870
f 9856 9870 9886
f 9870 9871 9886
f 9865 9872 9870
f 9864 9893 9872
f 9870 9896 9871
f 9873 9891 9892
f 9871 9897 9892
f 9870 9872 9896
f 9873 9874 9891
f 9873 9892 9897
f 9871 9896 9897
f 9820 9880 9875
f 9875 9881 9876
f 9617 9877 9883
f 9841 9879 9878
f 9840 9878 9877
f 9878 9879 9884
f 9876 9882 9879
f 9877 9878 9883
f 9876 9881 9882
f 9875 9880 9881
f 9883 9884 9885
f 9881 9887 9882
f 9882 9889 9884
f 9880 9888 9881
f 9612 9883 9885
f 9878 9884 9883
f 9879 9882 9884
f 9839 9876 9842
f 9841 9842 9879
f 9839 9875 9876
f 9842 9876 9879
f 9840 9841 9878
f 9885 9889 9890
f 9887 9892 9891
f 9889 9891 9890
f 9880 9886 9888
f 9881 9888 9887
f 9882 9887 9889
f 9884 9889 9885
f 9871 9888 9886
f 9887 9888 9892
f 9887 9891 9889
f 9871 9892 9888
f 9874 9890 9891
f 9371 9714 9869
f 9714 9893 9869
f 9872 9893 9895
f 9713 9874 9873
f 9872 9895 9896
f 9894 9897 9896
f 9873 9897 9898
f 9894 9896 9895
f 9894 9898 9897
f 9713 9873 9898
f 9714 9716 9893
f 9716 9717 9895
f 9716 9895 9893
f 9717 9894 9895
f 7410 9905 7411
f 7417 9900 7418
f 7411 9899 7417
f 7411 9905 9899
f 7417 9899 9900
f 7418 9901 7419
f 7418 9900 9901
f 9900 9908 9901
f 7410 9902 9905
f 9902 9903 9905
f 7435 9909 9904
f 9902 9904 9903
f 9903 9904 9910
f 9904 9909 9910
f 9903 9910 9918
f 9899 9905 9906
f 9899 9907 9900
f 9903 9906 9905
f 9899 9906 9907
f 9900 9907 9908
f 9903 9918 9906
f 9906 9919 9907
f 9907 9920 9908
f 7435 7436 9909
f 7436 9997 9912
f 7436 9912 9909
f 9917 9997 9994
f 9909 9911 9910
f 9910 9913 9918
f 9910 9911 9913
f 9913 9921 9918
f 9909 9912 9911
f 9912 9917 9914
f 9911 9912 9914
f 9911 9915 9913
f 9913 9916 9921
f 9913 9915 9916
f 9911 9914 9915
f 9914 9917 9933
f 9907 9919 9920
f 9906 9918 9919
f 9918 9921 9919
f 9919 9922 9920
f 9919 9921 9922
f 9921 9938 9922
f 9916 9938 9921
f 9922 9938 9969
f 9912 9997 9917
f 9931 9994 9995
f 9917 9994 9931
f 9931 9995 9939
f 9923 9925 9942
f 9925 9929 9930
f 9924 9926 9947
f 9923 9929 9925
f 9924 9925 9930
f 9924 9930 9926
f 9926 9927 9947
f 9928 10093 10091
f 9923 9928 9929
f 9929 10092 9930
f 9926 9930 10094
f 9928 10091 9929
f 9931 9940 9933
f 9914 9932 9915
f 9915 9934 9916
f 9916 9935 9938
f 9916 9934 9935
f 9917 9931 9933
f 9914 9933 9932
f 9915 9932 9934
f 9932 9936 9934
f 9932 9933 9941
f 9933 9940 9941
f 9932 9941 9936
f 9934 9936 9937
f 9934 9937 9935
f 9935 9972 9938
f 9935 9937 9977
f 9931 9939 9940
f 9939 10009 9942
f 9939 9942 9943
f 9940 9944 9941
f 9936 9941 9945
f 9939 9943 9940
f 9941 9944 9945
f 9940 9943 9944
f 9936 9946 9937
f 9923 9942 10011
f 9924 9944 9943
f 9944 9947 9945
f 9936 9945 9946
f 9925 9943 9942
f 9945 9947 9948
f 9945 9948 9946
f 9924 9943 9925
f 9924 9947 9944
f 9927 9948 9947
f 9927 10106 9948
f 9937 9946 9980
f 9946 9948 9981
f 9948 10106 9981
f 7419 9901 9949
f 7419 9949 7496
f 9901 9953 9949
f 7496 9951 7507
f 7496 9949 9951
f 7507 9951 9952
f 7508 9952 9950
f 7509 9950 9957
f 9949 9960 9951
f 9901 9908 9953
f 9908 9954 9953
f 9949 9953 9960
f 9908 9920 9954
f 9920 9922 9955
f 9920 9955 9954
f 9922 9969 9955
f 9953 9954 9962
f 9954 9956 9962
f 9954 9955 9956
f 9955 9970 9956
f 9955 9969 9970
f 9956 9970 9971
f 9951 9958 9952
f 9950 9961 9957
f 9950 9952 9959
f 7525 9957 9961
f 9951 9960 9958
f 9952 9958 9959
f 9950 9959 9961
f 9953 9962 9960
f 9958 9960 9963
f 9958 9964 9959
f 9959 9965 9961
f 7527 9961 9965
f 7527 9965 10049
f 9967 10055 10049
f 9960 9962 9963
f 9958 9963 9964
f 9959 9964 9965
f 9962 9966 9963
f 9963 9968 9964
f 9964 9967 9965
f 9964 9968 9967
f 9956 9966 9962
f 9963 9966 9968
f 9956 9971 9966
f 9966 9991 9968
f 9966 9971 9991
f 9968 9991 9992
f 9967 9968 9992
f 9965 9967 10049
f 9967 9992 10055
f 9992 10057 10055
f 9992 9993 10057
f 9993 10062 10057
f 9938 9972 9969
f 9935 9977 9972
f 9969 9973 9970
f 9969 9972 9973
f 9970 9973 9974
f 9970 9974 9971
f 9971 9974 9975
f 9972 9978 9973
f 9972 9977 9978
f 9973 9979 9974
f 9974 9986 9975
f 9975 9976 9993
f 9973 9978 9979
f 9974 9979 9986
f 9975 9986 9976
f 9976 9987 10085
f 9937 9980 9977
f 9977 9983 9978
f 9946 9981 9980
f 9980 9981 9982
f 9978 9984 9979
f 9977 9980 9983
f 9978 9983 9984
f 9979 9984 9985
f 9979 9985 9986
f 9976 9986 9987
f 9985 9987 9986
f 9987 9990 10087
f 9980 9982 9983
f 9983 9988 9984
f 9984 9989 9985
f 9985 9990 9987
f 9982 9988 9983
f 9984 9988 9989
f 9985 9989 9990
f 9991 9993 9992
f 9971 9975 9991
f 9975 9993 9991
f 9976 10062 9993
f 7528 9996 9997
f 9996 9998 10004
f 9998 9999 10000
f 9999 10002 10001
f 9994 9997 9996
f 9998 10000 10004
f 9994 9996 10004
f 9999 10001 10000
f 10001 10002 10003
f 9994 10004 9995
f 10000 10005 10004
f 10000 10001 10006
f 9995 10004 10005
f 10001 10003 10007
f 10000 10006 10005
f 10001 10007 10006
f 10003 10008 10007
f 9995 10005 10009
f 10005 10010 10009
f 10009 10010 10011
f 10010 10013 10012
f 9939 9995 10009
f 10010 10012 10011
f 10011 10012 10022
f 10012 10023 10022
f 10012 10016 10023
f 10005 10006 10010
f 10006 10007 10013
f 10006 10013 10010
f 10007 10008 10014
f 10007 10014 10013
f 10008 10015 10014
f 10013 10014 10016
f 10014 10015 10017
f 10012 10013 10016
f 10014 10017 10016
f 10015 10018 10017
f 10016 10017 10024
f 10016 10024 10023
f 10017 10018 10034
f 10017 10034 10024
f 10018 10035 10034
f 9928 10028 10093
f 10029 10088 10093
f 10019 10088 10029
f 10019 10037 10020
f 10019 10020 10119
f 10020 10037 10021
f 10020 10021 10121
f 10021 10122 10121
f 10041 10123 10122
f 10021 10041 10122
f 10041 10042 10123
f 10042 10124 10123
f 9923 10011 10022
f 9942 10009 10011
f 9928 10022 10028
f 10023 10024 10025
f 10024 10034 10026
f 10022 10023 10028
f 10023 10025 10028
f 10024 10026 10025
f 10026 10034 10027
f 10025 10029 10028
f 10025 10030 10029
f 10025 10026 10030
f 10026 10027 10031
f 10026 10031 10030
f 10027 10032 10031
f 10027 10036 10032
f 10032 10036 10033
f 10027 10034 10035
f 10027 10035 10036
f 10033 10036 10067
f 9923 10022 9928
f 10028 10029 10093
f 10019 10029 10030
f 10019 10030 10037
f 10030 10031 10037
f 10031 10032 10038
f 10031 10038 10037
f 10032 10039 10038
f 10021 10037 10038
f 10038 10039 10041
f 10039 10040 10042
f 10032 10033 10039
f 10033 10040 10039
f 10021 10038 10041
f 10039 10042 10041
f 10040 10043 10042
f 10042 10043 10124
f 10043 10131 10124
f 10033 10071 10040
f 10040 10070 10043
f 10043 10218 10131
f 10043 10070 10218
f 10002 10047 10003
f 10003 10051 10008
f 10003 10047 10051
f 10008 10051 10058
f 10008 10058 10015
f 10015 10044 10018
f 10015 10058 10044
f 10018 10044 10045
f 10044 10064 10045
f 10018 10045 10035
f 7533 10048 10047
f 7526 10050 10046
f 7534 10046 10048
f 10046 10050 10053
f 10047 10048 10051
f 10048 10052 10051
f 10046 10052 10048
f 7527 10049 10050
f 10049 10054 10050
f 10046 10053 10052
f 10050 10054 10053
f 10051 10052 10058
f 10052 10053 10059
f 10053 10054 10060
f 10054 10055 10056
f 10049 10055 10054
f 10052 10059 10058
f 10053 10060 10059
f 10054 10056 10060
f 10055 10057 10056
f 10044 10058 10059
f 10059 10060 10064
f 10044 10059 10064
f 10056 10061 10060
f 10056 10057 10063
f 10060 10061 10064
f 10056 10063 10061
f 10057 10062 10063
f 10061 10082 10064
f 10062 10084 10063
f 10061 10063 10083
f 10045 10064 10082
f 10061 10083 10082
f 10063 10084 10083
f 10045 10082 10065
f 10066 10082 10083
f 9987 10087 10085
f 10035 10065 10036
f 10035 10045 10065
f 10036 10065 10067
f 10065 10082 10066
f 10066 10083 10068
f 10065 10066 10067
f 10068 10086 10074
f 10066 10068 10069
f 10066 10069 10067
f 10076 10086 10087
f 10068 10074 10069
f 10075 10076 10087
f 10074 10086 10076
f 9990 10075 10087
f 9990 10110 10075
f 10075 10110 10078
f 10033 10067 10071
f 10040 10071 10070
f 10070 10079 10218
f 10067 10069 10071
f 10069 10072 10071
f 10075 10077 10076
f 10069 10074 10072
f 10073 10074 10076
f 10075 10078 10077
f 10072 10074 10073
f 10073 10076 10077
f 10072 10073 10079
f 10077 10078 10081
f 10073 10077 10080
f 10077 10081 10080
f 10078 10228 10081
f 10070 10071 10072
f 10070 10072 10079
f 10073 10080 10079
f 9976 10085 10062
f 10062 10085 10084
f 10084 10085 10086
f 10068 10083 10084
f 10068 10084 10086
f 10085 10087 10086
f 10088 10118 10089
f 10089 10120 10096
f 10090 10097 10096
f 10089 10118 10120
f 10090 10096 10120
f 10090 10099 10097
f 9929 10091 10092
f 10089 10091 10093
f 10092 10097 10094
f 10094 10098 10095
f 10091 10096 10092
f 10088 10089 10093
f 10089 10096 10091
f 10092 10096 10097
f 9930 10092 10094
f 9926 10094 10095
f 9926 10095 9927
f 10094 10097 10098
f 10097 10099 10098
f 10098 10099 10103
f 9927 10095 10111
f 10095 10098 10100
f 9927 10111 10106
f 10095 10100 10111
f 10101 10112 10111
f 10098 10103 10100
f 10099 10132 10103
f 10100 10103 10104
f 10100 10101 10111
f 10101 10102 10112
f 10100 10104 10101
f 10101 10104 10105
f 10102 10105 10133
f 10101 10105 10102
f 10102 10133 10116
f 10116 10133 10134
f 10106 10112 10107
f 9981 10107 9982
f 9981 10106 10107
f 9982 10107 10108
f 9982 10108 9988
f 9988 10108 10109
f 10108 10114 10109
f 10109 10115 10110
f 10106 10111 10112
f 10107 10112 10113
f 10102 10113 10112
f 10113 10116 10114
f 10114 10117 10115
f 10107 10113 10108
f 10108 10113 10114
f 10109 10114 10115
f 9988 10109 9989
f 9989 10110 9990
f 9989 10109 10110
f 10102 10116 10113
f 10114 10116 10117
f 10116 10134 10117
f 10118 10119 10125
f 10088 10119 10118
f 9320 10126 10121
f 10020 10126 10119
f 10019 10119 10088
f 9320 10121 10137
f 9326 10137 10135
f 10020 10121 10126
f 10121 10122 10137
f 10122 10123 10138
f 10122 10138 10137
f 10119 10126 10125
f 10118 10125 10127
f 10120 10127 10128
f 9324 10128 10127
f 10128 10130 10129
f 9323 10125 10126
f 9322 10127 10125
f 10118 10127 10120
f 10090 10120 10128
f 10090 10128 10129
f 10090 10129 10099
f 9324 10130 10128
f 10129 10130 10179
f 10099 10129 10132
f 10129 10179 10132
f 9320 10137 9326
f 10131 10218 10223
f 10103 10132 10181
f 10103 10181 10104
f 10104 10181 10188
f 10104 10188 10105
f 10105 10189 10133
f 10105 10188 10189
f 10133 10189 10190
f 10133 10190 10134
f 10184 10229 10190
f 10134 10190 10227
f 10159 10229 10184
f 10135 10138 10136
f 10135 10136 10145
f 10136 10146 10145
f 10142 10147 10146
f 10136 10142 10146
f 10142 10143 10147
f 10136 10138 10139
f 10123 10139 10138
f 10123 10124 10139
f 10124 10131 10140
f 10124 10140 10139
f 10131 10141 10140
f 10135 10137 10138
f 10136 10139 10142
f 10140 10143 10142
f 10139 10140 10142
f 10140 10141 10143
f 10141 10144 10143
f 10143 10144 10148
f 9328 10145 10146
f 10146 10147 10150
f 9328 10146 10150
f 10143 10148 10147
f 10147 10151 10150
f 10148 10152 10151
f 10147 10148 10151
f 10148 10149 10152
f 10149 10154 10152
f 9331 10151 10152
f 9332 10152 10154
f 9332 10154 10153
f 10144 10149 10148
f 10144 10155 10149
f 10149 10157 10154
f 10153 10154 10206
f 10131 10223 10141
f 10141 10156 10144
f 10141 10223 10156
f 10144 10156 10155
f 10149 10155 10157
f 10154 10157 10206
f 10155 10156 10230
f 10155 10230 10162
f 10161 10231 10232
f 10162 10230 10231
f 10161 10162 10231
f 10155 10162 10157
f 10158 10162 10161
f 10157 10162 10158
f 10158 10161 10216
f 10160 10215 10216
f 10159 10217 10215
f 10159 10160 10229
f 10160 10161 10232
f 10159 10215 10160
f 10160 10216 10161
f 9362 10163 10130
f 9363 10165 10170
f 9362 10170 10163
f 10130 10163 10179
f 10163 10164 10179
f 10163 10170 10171
f 10163 10171 10164
f 10164 10172 10185
f 10173 10186 10185
f 10165 10168 10170
f 10168 10169 10171
f 9364 10166 10165
f 10165 10166 10168
f 10166 10167 10168
f 10167 10169 10168
f 10169 10177 10175
f 10175 10178 10176
f 10167 10177 10169
f 10175 10177 10178
f 10168 10171 10170
f 10169 10172 10171
f 10172 10175 10173
f 10169 10175 10172
f 10173 10175 10176
f 10164 10171 10172
f 10172 10173 10185
f 10173 10174 10186
f 10173 10176 10174
f 9707 10195 10178
f 10174 10176 10209
f 10176 10178 10212
f 10132 10179 10180
f 10132 10180 10181
f 10181 10182 10188
f 10180 10182 10181
f 10182 10183 10188
f 10183 10184 10189
f 10164 10180 10179
f 10164 10185 10180
f 10180 10185 10182
f 10182 10186 10183
f 10182 10185 10186
f 10183 10186 10187
f 10183 10187 10184
f 10174 10187 10186
f 10183 10189 10188
f 10184 10190 10189
f 10159 10184 10187
f 10174 10217 10187
f 10174 10209 10217
f 10159 10187 10217
f 10176 10212 10209
f 9386 10153 10210
f 10153 10206 10210
f 9386 10210 10192
f 10192 10214 10193
f 10192 10210 10214
f 10193 10214 10211
f 10194 10211 10213
f 9386 10192 9395
f 9707 10191 10195
f 10178 10195 10212
f 10196 10204 10203
f 10193 10194 10197
f 10194 10196 10203
f 10195 10204 10196
f 10196 10213 10212
f 10193 10211 10194
f 10194 10213 10196
f 10195 10196 10212
f 10191 10204 10195
f 9395 10192 10198
f 9725 10201 10202
f 9726 10202 10199
f 10197 10201 10198
f 10197 10202 10201
f 10199 10203 10204
f 10197 10203 10202
f 10199 10202 10203
f 10199 10204 10200
f 10191 10397 10200
f 10191 10200 10204
f 10192 10193 10198
f 10193 10197 10198
f 10194 10203 10197
f 10207 10215 10208
f 10208 10217 10209
f 10205 10210 10206
f 10157 10158 10206
f 10158 10205 10206
f 10205 10216 10207
f 10205 10214 10210
f 10205 10207 10214
f 10207 10211 10214
f 10208 10213 10211
f 10209 10212 10213
f 10207 10208 10211
f 10208 10209 10213
f 10158 10216 10205
f 10208 10215 10217
f 10207 10216 10215
f 10115 10117 10228
f 10117 10220 10228
f 10078 10110 10115
f 10078 10115 10228
f 10079 10222 10218
f 10080 10219 10222
f 10218 10222 10223
f 10219 10224 10222
f 10134 10227 10220
f 10224 10226 10230
f 10225 10231 10226
f 10225 10227 10232
f 10220 10227 10225
f 10220 10225 10221
f 10219 10226 10224
f 10222 10224 10223
f 10221 10225 10226
f 10219 10221 10226
f 10080 10081 10219
f 10079 10080 10222
f 10081 10228 10221
f 10081 10221 10219
f 10220 10221 10228
f 10117 10134 10220
f 10190 10229 10227
f 10225 10232 10231
f 10227 10229 10232
f 10156 10223 10224
f 10156 10224 10230
f 10226 10231 10230
f 10160 10232 10229
f 10233 10234 10235
f 10234 10236 10235
f 10235 10236 10238
f 10236 10237 10238
f 10235 10238 10275
f 7808 10237 10236
f 7810 10241 10237
f 10241 10325 10242
f 10237 10239 10238
f 10238 10240 10275
f 10237 10241 10239
f 10238 10239 10240
f 10239 10244 10240
f 10239 10241 10243
f 10242 10326 10248
f 10241 10242 10243
f 10239 10243 10244
f 10240 10244 10245
f 10242 10249 10243
f 10244 10247 10245
f 10243 10246 10244
f 10242 10248 10249
f 10248 10327 10250
f 10248 10250 10251
f 10243 10249 10246
f 10244 10246 10247
f 10245 10247 10304
f 10247 10254 10304
f 10246 10249 10252
f 10246 10253 10247
f 10248 10251 10249
f 10246 10252 10253
f 10249 10251 10252
f 10251 10257 10252
f 10247 10253 10254
f 10252 10262 10253
f 10253 10267 10254
f 10253 10262 10267
f 10250 10256 10251
f 10250 10255 10256
f 10251 10256 10257
f 10252 10257 10262
f 10258 10259 10265
f 10260 10266 10265
f 10259 10260 10265
f 10258 10339 10259
f 10260 10261 10266
f 10255 10265 10256
f 10256 10266 10257
f 10256 10265 10266
f 10257 10263 10262
f 10262 10264 10267
f 10255 10258 10265
f 10257 10266 10263
f 10262 10263 10264
f 10261 10263 10266
f 10263 10268 10264
f 10261 10268 10263
f 10264 10268 10392
f 10233 10272 10269
f 7788 10270 10271
f 10269 10273 10270
f 10270 10274 10271
f 10270 10273 10274
f 10233 10235 10272
f 10269 10272 10273
f 10272 10276 10273
f 10235 10275 10272
f 10273 10277 10274
f 10272 10275 10276
f 10273 10276 10277
f 10271 10274 10282
f 10274 10277 10293
f 10276 10279 10277
f 10275 10278 10276
f 10240 10278 10275
f 10276 10278 10279
f 10240 10245 10278
f 10278 10280 10279
f 10245 10280 10278
f 10277 10279 10294
f 10279 10280 10299
f 10279 10299 10294
f 10245 10304 10280
f 10271 10282 10281
f 10281 10282 10288
f 10274 10293 10282
f 10282 10293 10289
f 10281 10288 10283
f 10283 10285 10284
f 7802 10287 7803
f 7802 10284 10286
f 10283 10288 10285
f 10284 10285 10286
f 7802 10286 10287
f 10282 10289 10288
f 10285 10288 10290
f 10286 10292 10287
f 10285 10291 10286
f 10288 10289 10290
f 10285 10290 10291
f 10286 10291 10292
f 7840 10287 10292
f 7840 10292 10358
f 10292 10298 10358
f 10277 10294 10293
f 10289 10293 10295
f 10293 10294 10295
f 10294 10300 10295
f 10294 10299 10300
f 10295 10300 10301
f 10289 10296 10290
f 10290 10297 10291
f 10291 10298 10292
f 10289 10295 10296
f 10290 10296 10297
f 10291 10297 10298
f 10295 10301 10296
f 10296 10302 10297
f 10296 10301 10302
f 10298 10303 10362
f 10297 10303 10298
f 10297 10302 10303
f 10303 10316 10367
f 10280 10304 10307
f 10254 10310 10304
f 10280 10307 10299
f 10254 10317 10310
f 10304 10310 10307
f 10254 10267 10317
f 10264 10305 10267
f 10264 10392 10305
f 10267 10305 10317
f 10305 10306 10317
f 10305 10393 10306
f 10306 10394 10322
f 10299 10308 10300
f 10300 10309 10301
f 10301 10309 10315
f 10299 10307 10308
f 10300 10308 10309
f 10307 10310 10311
f 10307 10311 10308
f 10308 10311 10312
f 10308 10312 10309
f 10309 10313 10315
f 10309 10312 10313
f 10313 10314 10315
f 10301 10315 10302
f 10302 10316 10303
f 10302 10315 10316
f 10314 10371 10316
f 10314 10316 10315
f 10310 10317 10318
f 10310 10318 10311
f 10311 10318 10319
f 10311 10319 10312
f 10312 10320 10313
f 10312 10319 10320
f 10313 10320 10321
f 10313 10321 10314
f 10320 10324 10321
f 10306 10318 10317
f 10306 10322 10318
f 10318 10322 10319
f 10319 10323 10320
f 10319 10322 10323
f 10320 10323 10324
f 10322 10395 10323
f 10323 10396 10324
f 7810 10325 10241
f 10242 10325 10326
f 10327 10344 10329
f 10248 10326 10327
f 10250 10327 10329
f 10255 10329 10330
f 10328 10329 10344
f 10328 10348 10331
f 10328 10330 10329
f 10328 10331 10330
f 10330 10331 10332
f 10331 10351 10333
f 10331 10333 10332
f 10333 10351 10334
f 10250 10329 10255
f 10258 10330 10332
f 10255 10330 10258
f 10332 10333 10338
f 10333 10334 10335
f 10334 10375 10336
f 10333 10335 10338
f 10334 10336 10335
f 10336 10375 10337
f 10332 10338 10339
f 10335 10378 10338
f 10258 10332 10339
f 10338 10378 10339
f 10259 10378 10260
f 10260 10378 10261
f 10259 10339 10378
f 10261 10378 10268
f 7821 7822 10340
f 7821 10326 10325
f 7822 7823 10341
f 7822 10341 10340
f 7823 7825 10342
f 7823 10342 10341
f 7821 10340 10326
f 7825 10343 10342
f 10326 10340 10327
f 10340 10341 10344
f 10327 10340 10344
f 10341 10345 10344
f 10341 10342 10345
f 10342 10343 10346
f 10342 10346 10345
f 10343 10347 10346
f 7825 7843 10343
f 10343 10356 10347
f 10328 10344 10345
f 10345 10346 10348
f 10346 10347 10349
f 10347 10363 10350
f 10328 10345 10348
f 10346 10349 10348
f 10347 10350 10349
f 10348 10349 10351
f 10349 10352 10351
f 10349 10350 10352
f 10331 10348 10351
f 10350 10353 10352
f 10334 10351 10352
f 10352 10353 10375
f 10334 10352 10375
f 10353 10376 10375
f 10350 10368 10353
f 10353 10369 10376
f 7843 10356 10343
f 10347 10356 10363
f 10354 10355 10359
f 10355 10357 10360
f 7843 10354 10356
f 10357 10361 10360
f 10354 10359 10356
f 10355 10360 10359
f 10357 10358 10361
f 10358 10362 10361
f 10298 10362 10358
f 10356 10359 10363
f 10360 10361 10365
f 10359 10360 10364
f 10359 10364 10363
f 10361 10362 10366
f 10360 10365 10364
f 10362 10367 10366
f 10361 10366 10365
f 10303 10367 10362
f 10366 10367 10372
f 10367 10371 10372
f 10316 10371 10367
f 10350 10363 10368
f 10353 10368 10369
f 10363 10364 10368
f 10364 10365 10370
f 10365 10366 10373
f 10364 10370 10368
f 10365 10373 10370
f 10366 10372 10373
f 10370 10373 10374
f 10372 10387 10373
f 10371 10386 10372
f 10368 10370 10369
f 10372 10386 10387
f 10371 10385 10386
f 10369 10370 10374
f 10373 10387 10374
f 10337 10375 10376
f 10337 10376 10377
f 10335 10336 10378
f 10336 10337 10378
f 10337 10377 10378
f 10369 10380 10376
f 10376 10380 10377
f 10377 10382 10378
f 10377 10380 10382
f 10268 10378 10392
f 10378 10393 10392
f 10378 10394 10393
f 10378 10395 10394
f 10378 10396 10395
f 10378 10391 10396
f 10378 10382 10383
f 10314 10321 10385
f 10321 10388 10385
f 10314 10385 10371
f 10369 10374 10380
f 10374 10381 10380
f 10388 10390 10389
f 10380 10381 10382
f 10381 10383 10382
f 10379 10383 10381
f 10379 10389 10384
f 10379 10384 10383
f 10384 10389 10390
f 10388 10391 10390
f 10379 10387 10386
f 10385 10389 10386
f 10374 10387 10381
f 10379 10381 10387
f 10379 10386 10389
f 10385 10388 10389
f 10321 10324 10388
f 10324 10391 10388
f 10324 10396 10391
f 10378 10384 10390
f 10378 10383 10384
f 10378 10390 10391
f 10305 10392 10393
f 10306 10393 10394
f 10322 10394 10395
f 10323 10395 10396
f 9708 10177 10167
f 9707 10177 9708
f 9707 10178 10177
f 9707 9710 10191
f 9710 10397 10191
f 9728 10200 10397
f 9729 10199 10200

